sample,original,proposed_recon,rdp_recon
0,0,0,0
1,0.481754,0.481754,0.422164
2,0.844328,0.844328,0.844328
3,0.998027,0.998027,0.874577
4,0.904827,0.904827,0.904827
5,0.587785,0.587785,0.485992
6,0.125333,0.125333,0.0671569
7,-0.368125,-0.368125,-0.351678
8,-0.770513,-0.770513,-0.770513
9,-0.982287,-0.982287,-0.982287
10,-0.951057,-0.951057,-0.833417
11,-0.684547,-0.684547,-0.684547
12,-0.24869,-0.24869,-0.228182
13,0.24869,0.24869,0.228182
14,0.684547,0.684547,0.684547
15,0.951057,0.951057,0.833417
16,0.982287,0.982287,0.982287
17,0.770513,0.770513,0.770513
18,0.368125,0.368125,0.351678
19,-0.125333,-0.125333,-0.0671569
20,-0.587785,-0.587785,-0.485992
21,-0.904827,-0.904827,-0.904827
22,-0.998027,-0.998027,-0.874577
23,-0.844328,-0.844328,-0.844328
24,-0.481754,-0.481754,-0.422164
25,1.2865e-15,1.2865e-15,2.22045e-16
26,0.481754,0.481754,0.422164
27,0.844328,0.844328,0.844328
28,0.998027,0.998027,0.874577
29,0.904827,0.904827,0.904827
30,0.587785,0.587785,0.485992
31,0.125333,0.125333,0.0671569
32,-0.368125,-0.368125,-0.351678
33,-0.770513,-0.770513,-0.770513
34,-0.982287,-0.982287,-0.982287
35,-0.951057,-0.951057,-0.833417
36,-0.684547,-0.684547,-0.684547
37,-0.24869,-0.24869,-0.228182
38,0.24869,0.24869,0.228182
39,0.684547,0.684547,0.684547
40,0.951057,0.951057,0.833417
41,0.982287,0.982287,0.982287
42,0.770513,0.770513,0.770513
43,0.368125,0.368125,0.351678
44,-0.125333,-0.125333,-0.0671569
45,-0.587785,-0.587785,-0.485992
46,-0.904827,-0.904827,-0.904827
47,-0.998027,-0.998027,-0.874577
48,-0.844328,-0.844328,-0.844328
49,-0.481754,-0.481754,-0.422164
50,2.573e-15,2.573e-15,4.44089e-16
51,0.481754,0.481754,0.422164
52,0.844328,0.844328,0.844328
53,0.998027,0.998027,0.874577
54,0.904827,0.904827,0.904827
55,0.587785,0.587785,0.485992
56,0.125333,0.125333,0.0671569
57,-0.368125,-0.368125,-0.351678
58,-0.770513,-0.770513,-0.770513
59,-0.982287,-0.982287,-0.982287
60,-0.951057,-0.951057,-0.833417
61,-0.684547,-0.684547,-0.684547
62,-0.24869,-0.24869,-0.228182
63,0.24869,0.24869,0.228182
64,0.684547,0.684547,0.684547
65,0.951057,0.951057,0.833417
66,0.982287,0.982287,0.982287
67,0.770513,0.770513,0.770513
68,0.368125,0.368125,0.351678
69,-0.125333,-0.125333,-0.0671569
70,-0.587785,-0.587785,-0.485992
71,-0.904827,-0.904827,-0.904827
72,-0.998027,-0.998027,-0.874577
73,-0.844328,-0.844328,-0.844328
74,-0.481754,-0.481754,-0.422164
75,-1.46958e-15,-1.46958e-15,1.22125e-15
76,0.481754,0.481754,0.422164
77,0.844328,0.844328,0.844328
78,0.998027,0.998027,0.874577
79,0.904827,0.904827,0.904827
80,0.587785,0.587785,0.485992
81,0.125333,0.125333,0.0671569
82,-0.368125,-0.368125,-0.351678
83,-0.770513,-0.770513,-0.770513
84,-0.982287,-0.982287,-0.982287
85,-0.951057,-0.951057,-0.833417
86,-0.684547,-0.684547,-0.684547
87,-0.24869,-0.24869,-0.228182
88,0.24869,0.24869,0.228182
89,0.684547,0.684547,0.684547
90,0.951057,0.951057,0.833417
91,0.982287,0.982287,0.982287
92,0.770513,0.770513,0.770513
93,0.368125,0.368125,0.351678
94,-0.125333,-0.125333,-0.0671569
95,-0.587785,-0.587785,-0.485992
96,-0.904827,-0.904827,-0.904827
97,-0.998027,-0.998027,-0.874577
98,-0.844328,-0.844328,-0.844328
99,-0.481754,-0.481754,-0.422164
100,5.14599e-15,5.14599e-15,8.88178e-16
101,0.481754,0.481754,0.422164
102,0.844328,0.844328,0.844328
103,0.998027,0.998027,0.874577
104,0.904827,0.904827,0.904827
105,0.587785,0.587785,0.485992
106,0.125333,0.125333,0.0671569
107,-0.368125,-0.368125,-0.351678
108,-0.770513,-0.770513,-0.770513
109,-0.982287,-0.982287,-0.982287
110,-0.951057,-0.951057,-0.833417
111,-0.684547,-0.684547,-0.684547
112,-0.24869,-0.24869,-0.228182
113,0.24869,0.24869,0.228182
114,0.684547,0.684547,0.684547
115,0.951057,0.951057,0.833417
116,0.982287,0.982287,0.982287
117,0.770513,0.770513,0.770513
118,0.368125,0.368125,0.351678
119,-0.125333,-0.10983,-0.0671569
120,-0.587785,-0.587785,-0.485992
121,-0.904827,-0.904827,-0.904827
122,-0.998027,-0.998027,-0.874577
123,-0.844328,-0.844328,-0.844328
124,-0.481754,-0.481754,-0.422164
125,4.65613e-15,9.4369e-16,2.44249e-15
126,0.481754,0.481754,0.422164
127,0.844328,0.844328,0.844328
128,0.998027,0.998027,0.874577
129,0.904827,0.904827,0.904827
130,0.587785,0.587785,0.485992
131,0.125333,0.10983,0.0671569
132,-0.368125,-0.368125,-0.351678
133,-0.770513,-0.770513,-0.770513
134,-0.982287,-0.982287,-0.982287
135,-0.951057,-0.951057,-0.833417
136,-0.684547,-0.684547,-0.684547
137,-0.24869,-0.228182,-0.228182
138,0.24869,0.228182,0.228182
139,0.684547,0.684547,0.684547
140,0.951057,0.951057,0.833417
141,0.982287,0.982287,0.982287
142,0.770513,0.770513,0.770513
143,0.368125,0.368125,0.351678
144,-0.125333,-0.10983,-0.0671569
145,-0.587785,-0.587785,-0.485992
146,-0.904827,-0.904827,-0.904827
147,-0.998027,-0.998027,-0.874577
148,-0.844328,-0.844328,-0.844328
149,-0.481754,-0.481754,-0.422164
150,-2.93915e-15,3.66374e-15,2.22045e-15
151,0.481754,0.481754,0.422164
152,0.844328,0.844328,0.844328
153,0.998027,0.998027,0.874577
154,0.904827,0.904827,0.904827
155,0.587785,0.587785,0.485992
156,0.125333,0.10983,0.0671569
157,-0.368125,-0.368125,-0.351678
158,-0.770513,-0.770513,-0.770513
159,-0.982287,-0.982287,-0.982287
160,-0.951057,-0.951057,-0.833417
161,-0.684547,-0.684547,-0.684547
162,-0.24869,-0.228182,-0.228182
163,0.24869,0.228182,0.228182
164,0.684547,0.684547,0.684547
165,0.951057,0.951057,0.833417
166,0.982287,0.982287,0.982287
167,0.770513,0.770513,0.770513
168,0.368125,0.317747,0.351678
169,-0.125333,-0.135019,-0.0671569
170,-0.587785,-0.587785,-0.485992
171,-0.904827,-0.904827,-0.904827
172,-0.998027,-0.998027,-0.874577
173,-0.844328,-0.844328,-0.844328
174,-0.481754,-0.481754,-0.422164
175,1.07818e-14,3.21965e-15,1.88738e-15
176,0.481754,0.481754,0.422164
177,0.844328,0.844328,0.844328
178,0.998027,0.998027,0.874577
179,0.904827,0.904827,0.904827
180,0.587785,0.587785,0.485992
181,0.125333,0.135019,0.0671569
182,-0.368125,-0.317747,-0.351678
183,-0.770513,-0.770513,-0.770513
184,-0.982287,-0.982287,-0.982287
185,-0.951057,-0.951057,-0.833417
186,-0.684547,-0.684547,-0.684547
187,-0.24869,-0.228182,-0.228182
188,0.24869,0.228182,0.228182
189,0.684547,0.684547,0.684547
190,0.951057,0.951057,0.833417
191,0.982287,0.982287,0.982287
192,0.770513,0.770513,0.770513
193,0.368125,0.317747,0.351678
194,-0.125333,-0.135019,-0.0671569
195,-0.587785,-0.587785,-0.485992
196,-0.904827,-0.904827,-0.904827
197,-0.998027,-0.998027,-0.874577
198,-0.844328,-0.844328,-0.844328
199,-0.481754,-0.422164,-0.422164
200,1.0292e-14,1.66533e-15,1.66533e-15
201,0.481754,0.422164,0.422164
202,0.844328,0.844328,0.844328
203,0.998027,0.998027,0.874577
204,0.904827,0.904827,0.904827
205,0.587785,0.587785,0.485992
206,0.125333,0.135019,0.0671569
207,-0.368125,-0.317747,-0.351678
208,-0.770513,-0.770513,-0.770513
209,-0.982287,-0.982287,-0.982287
210,-0.951057,-0.951057,-0.833417
211,-0.684547,-0.684547,-0.684547
212,-0.24869,-0.228182,-0.228182
213,0.24869,0.228182,0.228182
214,0.684547,0.684547,0.684547
215,0.951057,0.951057,0.833417
216,0.982287,0.982287,0.982287
217,0.770513,0.770513,0.770513
218,0.368125,0.317747,0.351678
219,-0.125333,-0.135019,-0.0671569
220,-0.587785,-0.587785,-0.485992
221,-0.904827,-0.904827,-0.904827
222,-0.998027,-0.998027,-0.874577
223,-0.844328,-0.844328,-0.844328
224,-0.481754,-0.422164,-0.422164
225,9.80213e-15,1.44329e-15,1.44329e-15
226,0.481754,0.422164,0.422164
227,0.844328,0.844328,0.844328
228,0.998027,0.998027,0.874577
229,0.904827,0.904827,0.904827
230,0.587785,0.485992,0.485992
231,0.125333,0.0671569,0.0671569
232,-0.368125,-0.351678,-0.351678
233,-0.770513,-0.770513,-0.770513
234,-0.982287,-0.982287,-0.982287
235,-0.951057,-0.951057,-0.833417
236,-0.684547,-0.684547,-0.684547
237,-0.24869,-0.228182,-0.228182
238,0.24869,0.228182,0.228182
239,0.684547,0.684547,0.684547
240,0.951057,0.951057,0.833417
241,0.982287,0.982287,0.982287
242,0.770513,0.770513,0.770513
243,0.368125,0.351678,0.351678
244,-0.125333,-0.0671569,-0.0671569
245,-0.587785,-0.485992,-0.485992
246,-0.904827,-0.904827,-0.904827
247,-0.998027,-0.998027,-0.874577
248,-0.844328,-0.844328,-0.844328
249,-0.481754,-0.422164,-0.422164
250,9.31227e-15,1.11022e-15,1.11022e-15
251,0.481754,0.422164,0.422164
252,0.844328,0.844328,0.844328
253,0.998027,0.998027,0.874577
254,0.904827,0.904827,0.904827
255,0.587785,0.485992,0.485992
256,0.125333,0.0671569,0.0671569
257,-0.368125,-0.351678,-0.351678
258,-0.770513,-0.770513,-0.770513
259,-0.982287,-0.982287,-0.982287
260,-0.951057,-0.951057,-0.833417
261,-0.684547,-0.684547,-0.684547
262,-0.24869,-0.228182,-0.228182
263,0.24869,0.228182,0.228182
264,0.684547,0.684547,0.684547
265,0.951057,0.951057,0.833417
266,0.982287,0.982287,0.982287
267,0.770513,0.770513,0.770513
268,0.368125,0.351678,0.351678
269,-0.125333,-0.0671569,-0.0671569
270,-0.587785,-0.485992,-0.485992
271,-0.904827,-0.904827,-0.904827
272,-0.998027,-0.998027,-0.874577
273,-0.844328,-0.844328,-0.844328
274,-0.481754,-0.422164,-0.422164
275,8.82241e-15,4.66294e-15,4.66294e-15
276,0.481754,0.422164,0.422164
277,0.844328,0.844328,0.844328
278,0.998027,0.998027,0.874577
279,0.904827,0.904827,0.904827
280,0.587785,0.485992,0.485992
281,0.125333,0.0671569,0.0671569
282,-0.368125,-0.351678,-0.351678
283,-0.770513,-0.770513,-0.770513
284,-0.982287,-0.982287,-0.982287
285,-0.951057,-0.951057,-0.833417
286,-0.684547,-0.684547,-0.684547
287,-0.24869,-0.228182,-0.228182
288,0.24869,0.228182,0.228182
289,0.684547,0.684547,0.684547
290,0.951057,0.951057,0.833417
291,0.982287,0.982287,0.982287
292,0.770513,0.770513,0.770513
293,0.368125,0.351678,0.351678
294,-0.125333,-0.0671569,-0.0671569
295,-0.587785,-0.485992,-0.485992
296,-0.904827,-0.904827,-0.904827
297,-0.998027,-0.998027,-0.874577
298,-0.844328,-0.844328,-0.844328
299,-0.481754,-0.422164,-0.422164
300,-5.8783e-15,4.44089e-15,4.44089e-15
301,0.481754,0.422164,0.422164
302,0.844328,0.844328,0.844328
303,0.998027,0.998027,0.874577
304,0.904827,0.904827,0.904827
305,0.587785,0.485992,0.485992
306,0.125333,0.0671569,0.0671569
307,-0.368125,-0.351678,-0.351678
308,-0.770513,-0.770513,-0.770513
309,-0.982287,-0.982287,-0.982287
310,-0.951057,-0.951057,-0.833417
311,-0.684547,-0.684547,-0.684547
312,-0.24869,-0.228182,-0.228182
313,0.24869,0.228182,0.228182
314,0.684547,0.684547,0.684547
315,0.951057,0.833417,0.833417
316,0.982287,0.982287,0.982287
317,0.770513,0.770513,0.770513
318,0.368125,0.351678,0.351678
319,-0.125333,-0.0671569,-0.0671569
320,-0.587785,-0.485992,-0.485992
321,-0.904827,-0.904827,-0.904827
322,-0.998027,-0.998027,-0.874577
323,-0.844328,-0.844328,-0.844328
324,-0.481754,-0.422164,-0.422164
325,7.84269e-15,4.10783e-15,4.10783e-15
326,0.481754,0.422164,0.422164
327,0.844328,0.844328,0.844328
328,0.998027,0.998027,0.874577
329,0.904827,0.904827,0.904827
330,0.587785,0.485992,0.485992
331,0.125333,0.0671569,0.0671569
332,-0.368125,-0.351678,-0.351678
333,-0.770513,-0.770513,-0.770513
334,-0.982287,-0.982287,-0.982287
335,-0.951057,-0.833417,-0.833417
336,-0.684547,-0.684547,-0.684547
337,-0.24869,-0.228182,-0.228182
338,0.24869,0.228182,0.228182
339,0.684547,0.684547,0.684547
340,0.951057,0.833417,0.833417
341,0.982287,0.982287,0.982287
342,0.770513,0.770513,0.770513
343,0.368125,0.351678,0.351678
344,-0.125333,-0.0671569,-0.0671569
345,-0.587785,-0.485992,-0.485992
346,-0.904827,-0.904827,-0.904827
347,-0.998027,-0.998027,-0.874577
348,-0.844328,-0.844328,-0.844328
349,-0.481754,-0.422164,-0.422164
350,2.15637e-14,3.88578e-15,3.88578e-15
351,0.481754,0.422164,0.422164
352,0.844328,0.844328,0.844328
353,0.998027,0.998027,0.874577
354,0.904827,0.904827,0.904827
355,0.587785,0.485992,0.485992
356,0.125333,0.0671569,0.0671569
357,-0.368125,-0.351678,-0.351678
358,-0.770513,-0.770513,-0.770513
359,-0.982287,-0.982287,-0.982287
360,-0.951057,-0.833417,-0.833417
361,-0.684547,-0.684547,-0.684547
362,-0.24869,-0.228182,-0.228182
363,0.24869,0.228182,0.228182
364,0.684547,0.684547,0.684547
365,0.951057,0.833417,0.833417
366,0.982287,0.982287,0.982287
367,0.770513,0.770513,0.770513
368,0.368125,0.351678,0.351678
369,-0.125333,-0.0671569,-0.0671569
370,-0.587785,-0.485992,-0.485992
371,-0.904827,-0.904827,-0.904827
372,-0.998027,-0.998027,-0.874577
373,-0.844328,-0.844328,-0.844328
374,-0.481754,-0.422164,-0.422164
375,6.86297e-15,3.66374e-15,3.66374e-15
376,0.481754,0.422164,0.422164
377,0.844328,0.844328,0.844328
378,0.998027,0.998027,0.874577
379,0.904827,0.904827,0.904827
380,0.587785,0.485992,0.485992
381,0.125333,0.0671569,0.0671569
382,-0.368125,-0.351678,-0.351678
383,-0.770513,-0.770513,-0.770513
384,-0.982287,-0.982287,-0.982287
385,-0.951057,-0.833417,-0.833417
386,-0.684547,-0.684547,-0.684547
387,-0.24869,-0.228182,-0.228182
388,0.24869,0.228182,0.228182
389,0.684547,0.684547,0.684547
390,0.951057,0.833417,0.833417
391,0.982287,0.982287,0.982287
392,0.770513,0.770513,0.770513
393,0.368125,0.351678,0.351678
394,-0.125333,-0.0671569,-0.0671569
395,-0.587785,-0.485992,-0.485992
396,-0.904827,-0.904827,-0.904827
397,-0.998027,-0.998027,-0.874577
398,-0.844328,-0.844328,-0.844328
399,-0.481754,-0.422164,-0.422164
400,2.0584e-14,3.44169e-15,3.44169e-15
401,0.481754,0.422164,0.422164
402,0.844328,0.844328,0.844328
403,0.998027,0.998027,0.874577
404,0.904827,0.904827,0.904827
405,0.587785,0.485992,0.485992
406,0.125333,0.0671569,0.0671569
407,-0.368125,-0.351678,-0.351678
408,-0.770513,-0.770513,-0.770513
409,-0.982287,-0.982287,-0.982287
410,-0.951057,-0.833417,-0.833417
411,-0.684547,-0.684547,-0.684547
412,-0.24869,-0.228182,-0.228182
413,0.24869,0.228182,0.228182
414,0.684547,0.684547,0.684547
415,0.951057,0.833417,0.833417
416,0.982287,0.982287,0.982287
417,0.770513,0.770513,0.770513
418,0.368125,0.351678,0.351678
419,-0.125333,-0.0671569,-0.0671569
420,-0.587785,-0.485992,-0.485992
421,-0.904827,-0.904827,-0.904827
422,-0.998027,-0.874577,-0.874577
423,-0.844328,-0.844328,-0.844328
424,-0.481754,-0.422164,-0.422164
425,5.88326e-15,3.10862e-15,3.10862e-15
426,0.481754,0.422164,0.422164
427,0.844328,0.844328,0.844328
428,0.998027,0.998027,0.874577
429,0.904827,0.904827,0.904827
430,0.587785,0.485992,0.485992
431,0.125333,0.0671569,0.0671569
432,-0.368125,-0.351678,-0.351678
433,-0.770513,-0.770513,-0.770513
434,-0.982287,-0.982287,-0.982287
435,-0.951057,-0.833417,-0.833417
436,-0.684547,-0.684547,-0.684547
437,-0.24869,-0.228182,-0.228182
438,0.24869,0.228182,0.228182
439,0.684547,0.684547,0.684547
440,0.951057,0.833417,0.833417
441,0.982287,0.982287,0.982287
442,0.770513,0.770513,0.770513
443,0.368125,0.351678,0.351678
444,-0.125333,-0.0671569,-0.0671569
445,-0.587785,-0.485992,-0.485992
446,-0.904827,-0.904827,-0.904827
447,-0.998027,-0.998027,-0.874577
448,-0.844328,-0.844328,-0.844328
449,-0.481754,-0.422164,-0.422164
450,1.96043e-14,1.04361e-14,1.04361e-14
451,0.481754,0.422164,0.422164
452,0.844328,0.844328,0.844328
453,0.998027,0.874577,0.874577
454,0.904827,0.904827,0.904827
455,0.587785,0.485992,0.485992
456,0.125333,0.0671569,0.0671569
457,-0.368125,-0.351678,-0.351678
458,-0.770513,-0.770513,-0.770513
459,-0.982287,-0.982287,-0.982287
460,-0.951057,-0.833417,-0.833417
461,-0.684547,-0.684547,-0.684547
462,-0.24869,-0.228182,-0.228182
463,0.24869,0.228182,0.228182
464,0.684547,0.684547,0.684547
465,0.951057,0.833417,0.833417
466,0.982287,0.982287,0.982287
467,0.770513,0.770513,0.770513
468,0.368125,0.351678,0.351678
469,-0.125333,-0.0671569,-0.0671569
470,-0.587785,-0.485992,-0.485992
471,-0.904827,-0.904827,-0.904827
472,-0.998027,-0.874577,-0.874577
473,-0.844328,-0.844328,-0.844328
474,-0.481754,-0.422164,-0.422164
475,4.90354e-15,2.55351e-15,2.55351e-15
476,0.481754,0.422164,0.422164
477,0.844328,0.844328,0.844328
478,0.998027,0.874577,0.874577
479,0.904827,0.904827,0.904827
480,0.587785,0.485992,0.485992
481,0.125333,0.0671569,0.0671569
482,-0.368125,-0.351678,-0.351678
483,-0.770513,-0.770513,-0.770513
484,-0.982287,-0.982287,-0.982287
485,-0.951057,-0.833417,-0.833417
486,-0.684547,-0.684547,-0.684547
487,-0.24869,-0.228182,-0.228182
488,0.24869,0.228182,0.228182
489,0.684547,0.684547,0.684547
490,0.951057,0.833417,0.833417
491,0.982287,0.982287,0.982287
492,0.770513,0.770513,0.770513
493,0.368125,0.351678,0.351678
494,-0.125333,-0.0671569,-0.0671569
495,-0.587785,-0.485992,-0.485992
496,-0.904827,-0.904827,-0.904827
497,-0.998027,-0.874577,-0.874577
498,-0.844328,-0.844328,-0.844328
499,-0.481754,-0.422164,-0.422164
500,1.86245e-14,9.88098e-15,9.88098e-15
501,0.481754,0.422164,0.422164
502,0.844328,0.844328,0.844328
503,0.998027,0.874577,0.874577
504,0.904827,0.904827,0.904827
505,0.587785,0.485992,0.485992
506,0.125333,0.0671569,0.0671569
507,-0.368125,-0.351678,-0.351678
508,-0.770513,-0.770513,-0.770513
509,-0.982287,-0.982287,-0.982287
510,-0.951057,-0.833417,-0.833417
511,-0.684547,-0.684547,-0.684547
512,-0.24869,-0.228182,-0.228182
513,0.24869,0.228182,0.228182
514,0.684547,0.684547,0.684547
515,0.951057,0.833417,0.833417
516,0.982287,0.982287,0.982287
517,0.770513,0.770513,0.770513
518,0.368125,0.351678,0.351678
519,-0.125333,-0.0671569,-0.0671569
520,-0.587785,-0.485992,-0.485992
521,-0.904827,-0.904827,-0.904827
522,-0.998027,-0.874577,-0.874577
523,-0.844328,-0.844328,-0.844328
524,-0.481754,-0.422164,-0.422164
525,3.92382e-15,2.10942e-15,2.10942e-15
526,0.481754,0.422164,0.422164
527,0.844328,0.844328,0.844328
528,0.998027,0.874577,0.874577
529,0.904827,0.904827,0.904827
530,0.587785,0.485992,0.485992
531,0.125333,0.0671569,0.0671569
532,-0.368125,-0.351678,-0.351678
533,-0.770513,-0.770513,-0.770513
534,-0.982287,-0.982287,-0.982287
535,-0.951057,-0.833417,-0.833417
536,-0.684547,-0.684547,-0.684547
537,-0.24869,-0.228182,-0.228182
538,0.24869,0.228182,0.228182
539,0.684547,0.684547,0.684547
540,0.951057,0.833417,0.833417
541,0.982287,0.982287,0.982287
542,0.770513,0.770513,0.770513
543,0.368125,0.351678,0.351678
544,-0.125333,-0.0671569,-0.0671569
545,-0.587785,-0.485992,-0.485992
546,-0.904827,-0.904827,-0.904827
547,-0.998027,-0.874577,-0.874577
548,-0.844328,-0.844328,-0.844328
549,-0.481754,-0.422164,-0.422164
550,1.76448e-14,9.4369e-15,9.4369e-15
551,0.481754,0.422164,0.422164
552,0.844328,0.844328,0.844328
553,0.998027,0.874577,0.874577
554,0.904827,0.904827,0.904827
555,0.587785,0.485992,0.485992
556,0.125333,0.0671569,0.0671569
557,-0.368125,-0.351678,-0.351678
558,-0.770513,-0.770513,-0.770513
559,-0.982287,-0.982287,-0.982287
560,-0.951057,-0.833417,-0.833417
561,-0.684547,-0.684547,-0.684547
562,-0.24869,-0.228182,-0.228182
563,0.24869,0.228182,0.228182
564,0.684547,0.684547,0.684547
565,0.951057,0.833417,0.833417
566,0.982287,0.982287,0.982287
567,0.770513,0.770513,0.770513
568,0.368125,0.351678,0.351678
569,-0.125333,-0.0671569,-0.0671569
570,-0.587785,-0.485992,-0.485992
571,-0.904827,-0.904827,-0.904827
572,-0.998027,-0.874577,-0.998027
573,-0.844328,-0.844328,-0.844328
574,-0.481754,-0.422164,-0.422164
575,3.13658e-14,1.67644e-14,1.67644e-14
576,0.481754,0.422164,0.422164
577,0.844328,0.844328,0.844328
578,0.998027,0.874577,0.874577
579,0.904827,0.904827,0.904827
580,0.587785,0.485992,0.485992
581,0.125333,0.0671569,0.0671569
582,-0.368125,-0.351678,-0.351678
583,-0.770513,-0.770513,-0.770513
584,-0.982287,-0.982287,-0.982287
585,-0.951057,-0.833417,-0.833417
586,-0.684547,-0.684547,-0.684547
587,-0.24869,-0.228182,-0.228182
588,0.24869,0.228182,0.228182
589,0.684547,0.684547,0.684547
590,0.951057,0.833417,0.833417
591,0.982287,0.982287,0.982287
592,0.770513,0.770513,0.770513
593,0.368125,0.351678,0.351678
594,-0.125333,-0.0671569,-0.0671569
595,-0.587785,-0.485992,-0.485992
596,-0.904827,-0.904827,-0.904827
597,-0.998027,-0.874577,-0.874577
598,-0.844328,-0.844328,-0.844328
599,-0.481754,-0.422164,-0.422164
600,-1.17566e-14,8.99281e-15,8.99281e-15
601,0.481754,0.422164,0.422164
602,0.844328,0.844328,0.844328
603,0.998027,0.874577,0.874577
604,0.904827,0.904827,0.904827
605,0.587785,0.485992,0.485992
606,0.125333,0.0671569,0.0671569
607,-0.368125,-0.351678,-0.351678
608,-0.770513,-0.770513,-0.770513
609,-0.982287,-0.860785,-0.982287
610,-0.951057,-0.951057,-0.833417
611,-0.684547,-0.570634,-0.684547
612,-0.24869,-0.190211,-0.228182
613,0.24869,0.190211,0.228182
614,0.684547,0.570634,0.684547
615,0.951057,0.951057,0.833417
616,0.982287,0.982287,0.982287
617,0.770513,0.604864,0.770513
618,0.368125,0.227442,0.351678
619,-0.125333,-0.149981,-0.0671569
620,-0.587785,-0.527404,-0.485992
621,-0.904827,-0.904827,-0.904827
622,-0.998027,-0.874577,-0.874577
623,-0.844328,-0.844328,-0.844328
624,-0.481754,-0.422164,-0.422164
625,1.96439e-15,9.99201e-16,9.99201e-16
626,0.481754,0.422164,0.422164
627,0.844328,0.844328,0.844328
628,0.998027,0.874577,0.874577
629,0.904827,0.904827,0.904827
630,0.587785,0.485992,0.485992
631,0.125333,0.0671569,0.0671569
632,-0.368125,-0.351678,-0.351678
633,-0.770513,-0.770513,-0.770513
634,-0.982287,-0.982287,-0.982287
635,-0.951057,-0.833417,-0.833417
636,-0.684547,-0.684547,-0.684547
637,-0.24869,-0.228182,-0.228182
638,0.24869,0.228182,0.228182
639,0.684547,0.684547,0.684547
640,0.951057,0.833417,0.833417
641,0.982287,0.982287,0.982287
642,0.770513,0.770513,0.770513
643,0.368125,0.351678,0.351678
644,-0.125333,-0.0671569,-0.0671569
645,-0.587785,-0.485992,-0.485992
646,-0.904827,-0.904827,-0.904827
647,-0.998027,-0.874577,-0.874577
648,-0.844328,-0.844328,-0.844328
649,-0.481754,-0.422164,-0.422164
650,1.56854e-14,8.32667e-15,8.32667e-15
651,0.481754,0.422164,0.422164
652,0.844328,0.844328,0.844328
653,0.998027,0.874577,0.874577
654,0.904827,0.904827,0.904827
655,0.587785,0.485992,0.485992
656,0.125333,0.0671569,0.0671569
657,-0.368125,-0.351678,-0.351678
658,-0.770513,-0.770513,-0.770513
659,-0.982287,-0.860785,-0.982287
660,-0.951057,-0.951057,-0.833417
661,-0.684547,-0.570634,-0.684547
662,-0.24869,-0.190211,-0.228182
663,0.24869,0.190211,0.228182
664,0.684547,0.570634,0.684547
665,0.951057,0.951057,0.833417
666,0.982287,0.982287,0.982287
667,0.770513,0.604864,0.770513
668,0.368125,0.227442,0.351678
669,-0.125333,-0.149981,-0.0671569
670,-0.587785,-0.527404,-0.485992
671,-0.904827,-0.904827,-0.904827
672,-0.998027,-0.874577,-0.874577
673,-0.844328,-0.844328,-0.844328
674,-0.481754,-0.422164,-0.422164
675,2.94064e-14,1.57652e-14,1.57652e-14
676,0.481754,0.422164,0.422164
677,0.844328,0.844328,0.844328
678,0.998027,0.874577,0.874577
679,0.904827,0.904827,0.904827
680,0.587785,0.485992,0.485992
681,0.125333,0.0671569,0.0671569
682,-0.368125,-0.351678,-0.351678
683,-0.770513,-0.770513,-0.770513
684,-0.982287,-0.982287,-0.982287
685,-0.951057,-0.833417,-0.833417
686,-0.684547,-0.684547,-0.684547
687,-0.24869,-0.228182,-0.228182
688,0.24869,0.228182,0.228182
689,0.684547,0.684547,0.684547
690,0.951057,0.833417,0.833417
691,0.982287,0.982287,0.982287
692,0.770513,0.604864,0.770513
693,0.368125,0.227442,0.351678
694,-0.125333,-0.149981,-0.0671569
695,-0.587785,-0.527404,-0.485992
696,-0.904827,-0.904827,-0.904827
697,-0.998027,-0.998027,-0.874577
698,-0.844328,-0.73989,-0.844328
699,-0.481754,-0.481754,-0.422164
700,4.31274e-14,-0.0397265,7.88258e-15
701,0.481754,0.402301,0.422164
702,0.844328,0.844328,0.844328
703,0.998027,0.998027,0.874577
704,0.904827,0.792906,0.904827
705,0.587785,0.587785,0.485992
706,0.125333,0.135019,0.0671569
707,-0.368125,-0.317747,-0.351678
708,-0.770513,-0.770513,-0.770513
709,-0.982287,-0.860785,-0.982287
710,-0.951057,-0.951057,-0.833417
711,-0.684547,-0.570634,-0.684547
712,-0.24869,-0.190211,-0.228182
713,0.24869,0.190211,0.228182
714,0.684547,0.570634,0.684547
715,0.951057,0.951057,0.833417
716,0.982287,0.982287,0.982287
717,0.770513,0.604864,0.770513
718,0.368125,0.227442,0.351678
719,-0.125333,-0.149981,-0.0671569
720,-0.587785,-0.527404,-0.485992
721,-0.904827,-0.904827,-0.904827
722,-0.998027,-0.874577,-0.874577
723,-0.844328,-0.844328,-0.844328
724,-0.481754,-0.422164,-0.422164
725,4.95185e-18,0,0
726,0.481754,0.422164,0.422164
727,0.844328,0.844328,0.844328
728,0.998027,0.998027,0.998027
729,0.904827,0.792906,0.904827
730,0.587785,0.587785,0.485992
731,0.125333,0.135019,0.0671569
732,-0.368125,-0.317747,-0.351678
733,-0.770513,-0.770513,-0.770513
734,-0.982287,-0.860785,-0.982287
735,-0.951057,-0.951057,-0.833417
736,-0.684547,-0.570634,-0.684547
737,-0.24869,-0.190211,-0.228182
738,0.24869,0.190211,0.228182
739,0.684547,0.570634,0.684547
740,0.951057,0.951057,0.833417
741,0.982287,0.982287,0.982287
742,0.770513,0.604864,0.770513
743,0.368125,0.227442,0.351678
744,-0.125333,-0.149981,-0.0671569
745,-0.587785,-0.527404,-0.485992
746,-0.904827,-0.904827,-0.904827
747,-0.998027,-0.998027,-0.874577
748,-0.844328,-0.73989,-0.844328
749,-0.481754,-0.481754,-0.422164
750,1.37259e-14,-0.0397265,7.32747e-15
751,0.481754,0.402301,0.422164
752,0.844328,0.844328,0.844328
753,0.998027,0.874577,0.874577
754,0.904827,0.904827,0.904827
755,0.587785,0.527404,0.485992
756,0.125333,0.149981,0.0671569
757,-0.368125,-0.227442,-0.351678
758,-0.770513,-0.604864,-0.770513
759,-0.982287,-0.982287,-0.982287
760,-0.951057,-0.833417,-0.833417
761,-0.684547,-0.684547,-0.684547
762,-0.24869,-0.228182,-0.228182
763,0.24869,0.228182,0.228182
764,0.684547,0.684547,0.684547
765,0.951057,0.833417,0.833417
766,0.982287,0.982287,0.982287
767,0.770513,0.604864,0.770513
768,0.368125,0.227442,0.351678
769,-0.125333,-0.149981,-0.0671569
770,-0.587785,-0.527404,-0.485992
771,-0.904827,-0.904827,-0.904827
772,-0.998027,-0.998027,-0.874577
773,-0.844328,-0.73989,-0.844328
774,-0.481754,-0.481754,-0.422164
775,2.74469e-14,-0.0397265,1.46549e-14
776,0.481754,0.402301,0.422164
777,0.844328,0.844328,0.844328
778,0.998027,0.998027,0.874577
779,0.904827,0.792906,0.904827
780,0.587785,0.587785,0.485992
781,0.125333,0.135019,0.0671569
782,-0.368125,-0.317747,-0.351678
783,-0.770513,-0.770513,-0.770513
784,-0.982287,-0.860785,-0.982287
785,-0.951057,-0.951057,-0.833417
786,-0.684547,-0.570634,-0.684547
787,-0.24869,-0.190211,-0.228182
788,0.24869,0.190211,0.228182
789,0.684547,0.570634,0.684547
790,0.951057,0.951057,0.833417
791,0.982287,0.982287,0.982287
792,0.770513,0.604864,0.770513
793,0.368125,0.227442,0.351678
794,-0.125333,-0.149981,-0.0671569
795,-0.587785,-0.527404,-0.485992
796,-0.904827,-0.904827,-0.904827
797,-0.998027,-0.998027,-0.998027
798,-0.844328,-0.73989,-0.844328
799,-0.481754,-0.481754,-0.422164
800,4.11679e-14,-0.0397265,2.19824e-14
801,0.481754,0.402301,0.422164
802,0.844328,0.844328,0.844328
803,0.998027,0.998027,0.874577
804,0.904827,0.792906,0.904827
805,0.587785,0.587785,0.485992
806,0.125333,0.135019,0.0671569
807,-0.368125,-0.317747,-0.351678
808,-0.770513,-0.770513,-0.770513
809,-0.982287,-0.860785,-0.982287
810,-0.951057,-0.951057,-0.833417
811,-0.684547,-0.570634,-0.684547
812,-0.24869,-0.190211,-0.228182
813,0.24869,0.190211,0.228182
814,0.684547,0.570634,0.684547
815,0.951057,0.951057,0.833417
816,0.982287,0.860785,0.982287
817,0.770513,0.770513,0.770513
818,0.368125,0.351678,0.351678
819,-0.125333,-0.0671569,-0.0671569
820,-0.587785,-0.485992,-0.485992
821,-0.904827,-0.904827,-0.904827
822,-0.998027,-0.998027,-0.874577
823,-0.844328,-0.73989,-0.844328
824,-0.481754,-0.481754,-0.422164
825,-1.95448e-15,-0.0397265,-1.11022e-15
826,0.481754,0.402301,0.422164
827,0.844328,0.844328,0.844328
828,0.998027,0.998027,0.998027
829,0.904827,0.792906,0.904827
830,0.587785,0.587785,0.485992
831,0.125333,0.135019,0.0671569
832,-0.368125,-0.317747,-0.351678
833,-0.770513,-0.770513,-0.770513
834,-0.982287,-0.982287,-0.982287
835,-0.951057,-0.833417,-0.833417
836,-0.684547,-0.684547,-0.684547
837,-0.24869,-0.228182,-0.228182
838,0.24869,0.228182,0.228182
839,0.684547,0.684547,0.684547
840,0.951057,0.833417,0.833417
841,0.982287,0.982287,0.982287
842,0.770513,0.604864,0.770513
843,0.368125,0.227442,0.351678
844,-0.125333,-0.149981,-0.0671569
845,-0.587785,-0.527404,-0.485992
846,-0.904827,-0.904827,-0.904827
847,-0.998027,-0.874577,-0.874577
848,-0.844328,-0.844328,-0.844328
849,-0.481754,-0.422164,-0.422164
850,1.17665e-14,6.21725e-15,6.21725e-15
851,0.481754,0.422164,0.422164
852,0.844328,0.844328,0.844328
853,0.998027,0.998027,0.874577
854,0.904827,0.792906,0.904827
855,0.587785,0.587785,0.485992
856,0.125333,0.135019,0.0671569
857,-0.368125,-0.317747,-0.351678
858,-0.770513,-0.770513,-0.770513
859,-0.982287,-0.982287,-0.982287
860,-0.951057,-0.833417,-0.833417
861,-0.684547,-0.684547,-0.684547
862,-0.24869,-0.228182,-0.228182
863,0.24869,0.228182,0.228182
864,0.684547,0.684547,0.684547
865,0.951057,0.833417,0.833417
866,0.982287,0.982287,0.982287
867,0.770513,0.604864,0.770513
868,0.368125,0.227442,0.351678
869,-0.125333,-0.149981,-0.0671569
870,-0.587785,-0.527404,-0.485992
871,-0.904827,-0.904827,-0.904827
872,-0.998027,-0.998027,-0.874577
873,-0.844328,-0.73989,-0.844328
874,-0.481754,-0.481754,-0.422164
875,2.54875e-14,-0.0397265,1.36557e-14
876,0.481754,0.402301,0.422164
877,0.844328,0.844328,0.844328
878,0.998027,0.998027,0.874577
879,0.904827,0.792906,0.904827
880,0.587785,0.587785,0.485992
881,0.125333,0.195267,0.0671569
882,-0.368125,-0.197251,-0.351678
883,-0.770513,-0.589769,-0.770513
884,-0.982287,-0.982287,-0.982287
885,-0.951057,-0.833417,-0.833417
886,-0.684547,-0.684547,-0.684547
887,-0.24869,-0.228182,-0.228182
888,0.24869,0.228182,0.228182
889,0.684547,0.684547,0.684547
890,0.951057,0.833417,0.833417
891,0.982287,0.982287,0.982287
892,0.770513,0.604864,0.770513
893,0.368125,0.227442,0.351678
894,-0.125333,-0.149981,-0.0671569
895,-0.587785,-0.527404,-0.485992
896,-0.904827,-0.904827,-0.904827
897,-0.998027,-0.998027,-0.874577
898,-0.844328,-0.73989,-0.844328
899,-0.481754,-0.481754,-0.422164
900,3.92085e-14,-0.0397265,2.09832e-14
901,0.481754,0.402301,0.422164
902,0.844328,0.844328,0.844328
903,0.998027,0.874577,0.874577
904,0.904827,0.904827,0.904827
905,0.587785,0.485992,0.485992
906,0.125333,0.0671569,0.0671569
907,-0.368125,-0.351678,-0.351678
908,-0.770513,-0.770513,-0.770513
909,-0.982287,-0.860785,-0.982287
910,-0.951057,-0.951057,-0.833417
911,-0.684547,-0.570634,-0.684547
912,-0.24869,-0.190211,-0.228182
913,0.24869,0.190211,0.228182
914,0.684547,0.570634,0.684547
915,0.951057,0.951057,0.833417
916,0.982287,0.860785,0.982287
917,0.770513,0.770513,0.770513
918,0.368125,0.351678,0.351678
919,-0.125333,-0.0671569,-0.0671569
920,-0.587785,-0.485992,-0.485992
921,-0.904827,-0.904827,-0.904827
922,-0.998027,-0.998027,-0.874577
923,-0.844328,-0.73989,-0.844328
924,-0.481754,-0.481754,-0.422164
925,-3.91392e-15,-0.0397265,1.32117e-14
926,0.481754,0.402301,0.422164
927,0.844328,0.844328,0.844328
928,0.998027,0.998027,0.874577
929,0.904827,0.792906,0.904827
930,0.587785,0.587785,0.485992
931,0.125333,0.195267,0.0671569
932,-0.368125,-0.197251,-0.351678
933,-0.770513,-0.589769,-0.770513
934,-0.982287,-0.982287,-0.982287
935,-0.951057,-0.833417,-0.833417
936,-0.684547,-0.684547,-0.684547
937,-0.24869,-0.228182,-0.228182
938,0.24869,0.228182,0.228182
939,0.684547,0.684547,0.684547
940,0.951057,0.833417,0.833417
941,0.982287,0.982287,0.982287
942,0.770513,0.604864,0.770513
943,0.368125,0.227442,0.351678
944,-0.125333,-0.149981,-0.0671569
945,-0.587785,-0.527404,-0.485992
946,-0.904827,-0.904827,-0.904827
947,-0.998027,-0.874577,-0.874577
948,-0.844328,-0.844328,-0.844328
949,-0.481754,-0.422164,-0.422164
950,9.80708e-15,5.21805e-15,5.21805e-15
951,0.481754,0.422164,0.422164
952,0.844328,0.844328,0.844328
953,0.998027,0.998027,0.874577
954,0.904827,0.792906,0.904827
955,0.587785,0.587785,0.485992
956,0.125333,0.135019,0.0671569
957,-0.368125,-0.317747,-0.351678
958,-0.770513,-0.770513,-0.770513
959,-0.982287,-0.860785,-0.982287
960,-0.951057,-0.951057,-0.833417
961,-0.684547,-0.570634,-0.684547
962,-0.24869,-0.190211,-0.228182
963,0.24869,0.190211,0.228182
964,0.684547,0.570634,0.684547
965,0.951057,0.951057,0.833417
966,0.982287,0.982287,0.982287
967,0.770513,0.604864,0.770513
968,0.368125,0.227442,0.351678
969,-0.125333,-0.149981,-0.0671568
970,-0.587785,-0.527404,-0.485992
971,-0.904827,-0.904827,-0.904827
972,-0.998026,-0.998026,-0.998026
973,-0.844326,-0.739886,-0.844326
974,-0.481747,-0.481747,-0.42213
975,1.86333e-05,-0.0396796,6.47123e-05
976,0.481803,0.402388,0.42226
977,0.844455,0.844455,0.844455
978,0.998339,0.998339,0.87501
979,0.905566,0.793901,0.905566
980,0.589463,0.589463,0.490407
981,0.128992,0.141285,0.0752481
982,-0.360455,-0.306892,-0.339911
983,-0.75507,-0.75507,-0.75507
984,-0.952407,-0.825291,-0.952407
985,-0.895512,-0.895512,-0.895512
986,-0.585342,-0.417629,-0.585342
987,-0.0784526,0.0602526,-0.032073
988,0.529364,0.538135,0.521196
989,1.12916,1.01602,1.07446
990,1.62773,1.4939,1.62773
991,1.97178,1.97178,1.97178
992,2.1607,2.09005,2.09005
993,2.24468,2.20832,2.20832
994,2.30843,2.3266,2.3266
995,2.44487,2.44487,2.44487
996,2.72592,2.8116,2.8116
997,3.17832,3.17832,3.17832
998,3.77125,3.78555,3.78555
999,4.41924,4.39277,4.39277
1000,5,5,5
1001,5.38275,5.22995,5.38275
1002,5.45991,5.45991,5.45991
1003,5.17438,4.99774,5.17438
1004,4.53557,4.53557,4.53557
1005,3.62044,3.5566,3.5566
1006,2.55909,2.57762,2.57762
1007,1.50843,1.59865,1.59865
1008,0.619673,0.619673,0.619673
1009,0.00720624,0.00720624,0.00720624
1010,-0.27438,-0.116366,-0.27438
1011,-0.239939,-0.239939,-0.239939
1012,0.0319839,0.0716961,0.0716961
1013,0.418927,0.383331,0.383331
1014,0.783753,0.694966,0.694966
1015,1.0066,1.0066,1.0066
1016,1.01217,0.896279,0.896279
1017,0.785957,0.785957,0.785957
1018,0.375794,0.363446,0.363446
1019,-0.121674,-0.0590657,-0.0590657
1020,-0.586108,-0.481577,-0.481577
1021,-0.904088,-0.904088,-0.904088
1022,-0.997714,-0.997714,-0.997714
1023,-0.844201,-0.739709,-0.844201
1024,-0.481704,-0.481704,-0.422068
1025,1.86333e-05,-0.0396926,6.47123e-05
1026,0.48176,0.402319,0.422197
1027,0.84433,0.84433,0.84433
1028,0.998028,0.998028,0.874579
1029,0.904827,0.792906,0.904827
1030,0.587785,0.587785,0.485992
1031,0.125333,0.195267,0.067157
1032,-0.368125,-0.197251,-0.351678
1033,-0.770513,-0.589769,-0.770513
1034,-0.982287,-0.982287,-0.982287
1035,-0.951057,-0.833417,-0.833417
1036,-0.684547,-0.684547,-0.684547
1037,-0.24869,-0.228182,-0.228182
1038,0.24869,0.228182,0.228182
1039,0.684547,0.684547,0.684547
1040,0.951057,0.833417,0.833417
1041,0.982287,0.982287,0.982287
1042,0.770513,0.604864,0.770513
1043,0.368125,0.227442,0.351678
1044,-0.125333,-0.149981,-0.0671569
1045,-0.587785,-0.527404,-0.485992
1046,-0.904827,-0.904827,-0.904827
1047,-0.998027,-0.874577,-0.998027
1048,-0.844328,-0.844328,-0.844328
1049,-0.481754,-0.422164,-0.422164
1050,7.84764e-15,3.4639e-14,3.4639e-14
1051,0.481754,0.422164,0.422164
1052,0.844328,0.844328,0.844328
1053,0.998027,0.874577,0.874577
1054,0.904827,0.904827,0.904827
1055,0.587785,0.527404,0.485992
1056,0.125333,0.149981,0.0671569
1057,-0.368125,-0.227442,-0.351678
1058,-0.770513,-0.604864,-0.770513
1059,-0.982287,-0.982287,-0.982287
1060,-0.951057,-0.833417,-0.833417
1061,-0.684547,-0.684547,-0.684547
1062,-0.24869,-0.228182,-0.228182
1063,0.24869,0.228182,0.228182
1064,0.684547,0.684547,0.684547
1065,0.951057,0.833417,0.833417
1066,0.982287,0.982287,0.982287
1067,0.770513,0.604864,0.770513
1068,0.368125,0.227442,0.351678
1069,-0.125333,-0.149981,-0.0671569
1070,-0.587785,-0.527404,-0.485992
1071,-0.904827,-0.904827,-0.904827
1072,-0.998027,-0.998027,-0.998027
1073,-0.844328,-0.73989,-0.844328
1074,-0.481754,-0.481754,-0.422164
1075,7.84121e-14,-0.0397265,1.15463e-14
1076,0.481754,0.402301,0.422164
1077,0.844328,0.844328,0.844328
1078,0.998027,0.998027,0.998027
1079,0.904827,0.792906,0.904827
1080,0.587785,0.587785,0.485992
1081,0.125333,0.195267,0.0671569
1082,-0.368125,-0.197251,-0.351678
1083,-0.770513,-0.589769,-0.770513
1084,-0.982287,-0.982287,-0.982287
1085,-0.951057,-0.833417,-0.833417
1086,-0.684547,-0.684547,-0.684547
1087,-0.24869,-0.228182,-0.228182
1088,0.24869,0.228182,0.228182
1089,0.684547,0.684547,0.684547
1090,0.951057,0.833417,0.833417
1091,0.982287,0.982287,0.982287
1092,0.770513,0.604864,0.770513
1093,0.368125,0.227442,0.351678
1094,-0.125333,-0.149981,-0.0671569
1095,-0.587785,-0.527404,-0.485992
1096,-0.904827,-0.904827,-0.904827
1097,-0.998027,-0.874577,-0.874577
1098,-0.844328,-0.844328,-0.844328
1099,-0.481754,-0.422164,-0.422164
1100,3.52896e-14,-1.15463e-14,-1.15463e-14
1101,0.481754,0.422164,0.422164
1102,0.844328,0.844328,0.844328
1103,0.998027,0.874577,0.998027
1104,0.904827,0.904827,0.904827
1105,0.587785,0.485992,0.485992
1106,0.125333,0.0671569,0.0671569
1107,-0.368125,-0.351678,-0.351678
1108,-0.770513,-0.770513,-0.770513
1109,-0.982287,-0.860785,-0.982287
1110,-0.951057,-0.951057,-0.833417
1111,-0.684547,-0.542156,-0.684547
1112,-0.24869,-0.133255,-0.228182
1113,0.24869,0.275646,0.228182
1114,0.684547,0.684547,0.684547
1115,0.951057,0.833417,0.833417
1116,0.982287,0.982287,0.982287
1117,0.770513,0.604864,0.770513
1118,0.368125,0.227442,0.351678
1119,-0.125333,-0.149981,-0.0671569
1120,-0.587785,-0.527404,-0.485992
1121,-0.904827,-0.904827,-0.904827
1122,-0.998027,-0.998027,-0.998027
1123,-0.844328,-0.73989,-0.844328
1124,-0.481754,-0.481754,-0.422164
1125,-7.83279e-15,-0.0397265,2.62013e-14
1126,0.481754,0.402301,0.422164
1127,0.844328,0.844328,0.844328
1128,0.998027,0.998027,0.874577
1129,0.904827,0.792906,0.904827
1130,0.587785,0.587785,0.485992
1131,0.125333,0.135019,0.0671569
1132,-0.368125,-0.317747,-0.351678
1133,-0.770513,-0.770513,-0.770513
1134,-0.982287,-0.860785,-0.982287
1135,-0.951057,-0.951057,-0.833417
1136,-0.684547,-0.570634,-0.684547
1137,-0.24869,-0.190211,-0.228182
1138,0.24869,0.190211,0.228182
1139,0.684547,0.570634,0.684547
1140,0.951057,0.951057,0.833417
1141,0.982287,0.860785,0.982287
1142,0.770513,0.770513,0.770513
1143,0.368125,0.351678,0.351678
1144,-0.125333,-0.0671569,-0.0671569
1145,-0.587785,-0.485992,-0.485992
1146,-0.904827,-0.904827,-0.904827
1147,-0.998027,-0.874577,-0.874577
1148,-0.844328,-0.844328,-0.844328
1149,-0.481754,-0.422164,-0.422164
1150,6.27316e-14,3.10862e-15,3.10862e-15
1151,0.481754,0.422164,0.422164
1152,0.844328,0.844328,0.844328
1153,0.998027,0.874577,0.998027
1154,0.904827,0.904827,0.904827
1155,0.587785,0.527404,0.485992
1156,0.125333,0.149981,0.0671569
1157,-0.368125,-0.227442,-0.351678
1158,-0.770513,-0.604864,-0.770513
1159,-0.982287,-0.982287,-0.982287
1160,-0.951057,-0.833417,-0.833417
1161,-0.684547,-0.684547,-0.684547
1162,-0.24869,-0.228182,-0.228182
1163,0.24869,0.228182,0.228182
1164,0.684547,0.684547,0.684547
1165,0.951057,0.833417,0.833417
1166,0.982287,0.982287,0.982287
1167,0.770513,0.604864,0.770513
1168,0.368125,0.227442,0.351678
1169,-0.125333,-0.149981,-0.0671569
1170,-0.587785,-0.527404,-0.485992
1171,-0.904827,-0.904827,-0.904827
1172,-0.998027,-0.874577,-0.998027
1173,-0.844328,-0.844328,-0.844328
1174,-0.481754,-0.422164,-0.422164
1175,1.96092e-14,4.09672e-14,4.09672e-14
1176,0.481754,0.422164,0.422164
1177,0.844328,0.844328,0.844328
1178,0.998027,0.998027,0.874577
1179,0.904827,0.792906,0.904827
1180,0.587785,0.587785,0.485992
1181,0.125333,0.135019,0.0671569
1182,-0.368125,-0.317747,-0.351678
1183,-0.770513,-0.770513,-0.770513
1184,-0.982287,-0.860785,-0.982287
1185,-0.951057,-0.951057,-0.833417
1186,-0.684547,-0.570634,-0.684547
1187,-0.24869,-0.190211,-0.228182
1188,0.24869,0.190211,0.228182
1189,0.684547,0.570634,0.684547
1190,0.951057,0.951057,0.833417
1191,0.982287,0.860785,0.982287
1192,0.770513,0.770513,0.770513
1193,0.368125,0.351678,0.351678
1194,-0.125333,-0.0671569,-0.0671569
1195,-0.587785,-0.485992,-0.485992
1196,-0.904827,-0.904827,-0.904827
1197,-0.998027,-0.874577,-0.998027
1198,-0.844328,-0.844328,-0.844328
1199,-0.481754,-0.422164,-0.422164
1200,-2.35132e-14,1.77636e-14,1.77636e-14
1201,0.481754,0.422164,0.422164
1202,0.844328,0.844328,0.844328
1203,0.998027,0.874577,0.998027
1204,0.904827,0.904827,0.904827
1205,0.587785,0.527404,0.485992
1206,0.125333,0.149981,0.0671569
1207,-0.368125,-0.227442,-0.351678
1208,-0.770513,-0.604864,-0.770513
1209,-0.982287,-0.982287,-0.982287
1210,-0.951057,-0.833417,-0.833417
1211,-0.684547,-0.684547,-0.684547
1212,-0.24869,-0.228182,-0.228182
1213,0.24869,0.228182,0.228182
1214,0.684547,0.684547,0.684547
1215,0.951057,0.833417,0.833417
1216,0.982287,0.982287,0.982287
1217,0.770513,0.604864,0.770513
1218,0.368125,0.227442,0.351678
1219,-0.125333,-0.149981,-0.0671569
1220,-0.587785,-0.527404,-0.485992
1221,-0.904827,-0.904827,-0.904827
1222,-0.998027,-0.998027,-0.874577
1223,-0.844328,-0.73989,-0.844328
1224,-0.481754,-0.481754,-0.422164
1225,4.70512e-14,-0.0397265,-5.32907e-15
1226,0.481754,0.402301,0.422164
1227,0.844328,0.844328,0.844328
1228,0.998027,0.874577,0.998027
1229,0.904827,0.904827,0.904827
1230,0.587785,0.485992,0.485992
1231,0.125333,0.0671569,0.0671569
1232,-0.368125,-0.351678,-0.351678
1233,-0.770513,-0.770513,-0.770513
1234,-0.982287,-0.860785,-0.982287
1235,-0.951057,-0.951057,-0.833417
1236,-0.684547,-0.570634,-0.684547
1237,-0.24869,-0.190211,-0.228182
1238,0.24869,0.190211,0.228182
1239,0.684547,0.570634,0.684547
1240,0.951057,0.951057,0.833417
1241,0.982287,0.982287,0.982287
1242,0.770513,0.604864,0.770513
1243,0.368125,0.227442,0.351678
1244,-0.125333,-0.149981,-0.0671569
1245,-0.587785,-0.527404,-0.485992
1246,-0.904827,-0.904827,-0.904827
1247,-0.998027,-0.874577,-0.998027
1248,-0.844328,-0.844328,-0.844328
1249,-0.481754,-0.422164,-0.422164
1250,3.92877e-15,3.25295e-14,3.25295e-14
1251,0.481754,0.422164,0.422164
1252,0.844328,0.844328,0.844328
1253,0.998027,0.874577,0.874577
1254,0.904827,0.904827,0.904827
1255,0.587785,0.527404,0.485992
1256,0.125333,0.149981,0.0671569
1257,-0.368125,-0.227442,-0.351678
1258,-0.770513,-0.604864,-0.770513
1259,-0.982287,-0.982287,-0.982287
1260,-0.951057,-0.833417,-0.833417
1261,-0.684547,-0.684547,-0.684547
1262,-0.24869,-0.228182,-0.228182
1263,0.24869,0.228182,0.228182
1264,0.684547,0.684547,0.684547
1265,0.951057,0.833417,0.833417
1266,0.982287,0.982287,0.982287
1267,0.770513,0.604864,0.770513
1268,0.368125,0.227442,0.351678
1269,-0.125333,-0.149981,-0.0671569
1270,-0.587785,-0.527404,-0.485992
1271,-0.904827,-0.904827,-0.904827
1272,-0.998027,-0.874577,-0.874577
1273,-0.844328,-0.844328,-0.844328
1274,-0.481754,-0.422164,-0.422164
1275,7.44932e-14,9.4369e-15,9.4369e-15
1276,0.481754,0.422164,0.422164
1277,0.844328,0.844328,0.844328
1278,0.998027,0.998027,0.998027
1279,0.904827,0.792906,0.904827
1280,0.587785,0.587785,0.485992
1281,0.125333,0.135019,0.0671569
1282,-0.368125,-0.317747,-0.351678
1283,-0.770513,-0.770513,-0.770513
1284,-0.982287,-0.860785,-0.982287
1285,-0.951057,-0.951057,-0.833417
1286,-0.684547,-0.570634,-0.684547
1287,-0.24869,-0.190211,-0.228182
1288,0.24869,0.190211,0.228182
1289,0.684547,0.570634,0.684547
1290,0.951057,0.951057,0.833417
1291,0.982287,0.860785,0.982287
1292,0.770513,0.770513,0.770513
1293,0.368125,0.351678,0.351678
1294,-0.125333,-0.0671569,-0.0671569
1295,-0.587785,-0.485992,-0.485992
1296,-0.904827,-0.904827,-0.904827
1297,-0.998027,-0.874577,-0.874577
1298,-0.844328,-0.844328,-0.844328
1299,-0.481754,-0.422164,-0.422164
1300,3.13708e-14,1.67644e-14,1.67644e-14
1301,0.481754,0.422164,0.422164
1302,0.844328,0.844328,0.844328
1303,0.998027,0.874577,0.874577
1304,0.904827,0.904827,0.904827
1305,0.587785,0.527404,0.485992
1306,0.125333,0.149981,0.0671569
1307,-0.368125,-0.227442,-0.351678
1308,-0.770513,-0.604864,-0.770513
1309,-0.982287,-0.982287,-0.982287
1310,-0.951057,-0.833417,-0.833417
1311,-0.684547,-0.684547,-0.684547
1312,-0.24869,-0.228182,-0.228182
1313,0.24869,0.228182,0.228182
1314,0.684547,0.684547,0.684547
1315,0.951057,0.833417,0.833417
1316,0.982287,0.982287,0.982287
1317,0.770513,0.604864,0.770513
1318,0.368125,0.227442,0.351678
1319,-0.125333,-0.149981,-0.0671569
1320,-0.587785,-0.527404,-0.485992
1321,-0.904827,-0.904827,-0.904827
1322,-0.998027,-0.998027,-0.998027
1323,-0.844328,-0.629556,-0.844328
1324,-0.481754,-0.261085,-0.422164
1325,-1.17517e-14,0.107386,2.40918e-14
1326,0.481754,0.475857,0.422164
1327,0.844328,0.844328,0.844328
1328,0.998027,0.874577,0.874577
1329,0.904827,0.904827,0.904827
1330,0.587785,0.485992,0.485992
1331,0.125333,0.0671569,0.0671569
1332,-0.368125,-0.351678,-0.351678
1333,-0.770513,-0.770513,-0.770513
1334,-0.982287,-0.860785,-0.982287
1335,-0.951057,-0.951057,-0.833417
1336,-0.684547,-0.542156,-0.684547
1337,-0.24869,-0.133255,-0.228182
1338,0.24869,0.275646,0.228182
1339,0.684547,0.684547,0.684547
1340,0.951057,0.833417,0.833417
1341,0.982287,0.982287,0.982287
1342,0.770513,0.604864,0.770513
1343,0.368125,0.227442,0.351678
1344,-0.125333,-0.149981,-0.0671569
1345,-0.587785,-0.527404,-0.485992
1346,-0.904827,-0.904827,-0.904827
1347,-0.998027,-0.874577,-0.874577
1348,-0.844328,-0.844328,-0.844328
1349,-0.481754,-0.475857,-0.422164
1350,5.88128e-14,-0.107386,9.99201e-16
1351,0.481754,0.261085,0.422164
1352,0.844328,0.629556,0.844328
1353,0.998027,0.998027,0.998027
1354,0.904827,0.792906,0.904827
1355,0.587785,0.587785,0.485992
1356,0.125333,0.135019,0.0671569
1357,-0.368125,-0.317747,-0.351678
1358,-0.770513,-0.770513,-0.770513
1359,-0.982287,-0.860785,-0.982287
1360,-0.951057,-0.951057,-0.833417
1361,-0.684547,-0.570634,-0.684547
1362,-0.24869,-0.190211,-0.228182
1363,0.24869,0.190211,0.228182
1364,0.684547,0.570634,0.684547
1365,0.951057,0.951057,0.833417
1366,0.982287,0.982287,0.982287
1367,0.770513,0.604864,0.770513
1368,0.368125,0.227442,0.351678
1369,-0.125333,-0.149981,-0.0671569
1370,-0.587785,-0.527404,-0.485992
1371,-0.904827,-0.904827,-0.904827
1372,-0.998027,-0.874577,-0.998027
1373,-0.844328,-0.844328,-0.844328
1374,-0.481754,-0.422164,-0.422164
1375,1.56903e-14,3.88578e-14,3.88578e-14
1376,0.481754,0.422164,0.422164
1377,0.844328,0.844328,0.844328
1378,0.998027,0.874577,0.874577
1379,0.904827,0.904827,0.904827
1380,0.587785,0.485992,0.485992
1381,0.125333,0.0671569,0.0671569
1382,-0.368125,-0.351678,-0.351678
1383,-0.770513,-0.770513,-0.770513
1384,-0.982287,-0.860785,-0.982287
1385,-0.951057,-0.951057,-0.833417
1386,-0.684547,-0.542156,-0.684547
1387,-0.24869,-0.133255,-0.228182
1388,0.24869,0.275646,0.228182
1389,0.684547,0.684547,0.684547
1390,0.951057,0.833417,0.833417
1391,0.982287,0.982287,0.982287
1392,0.770513,0.604864,0.770513
1393,0.368125,0.227442,0.351678
1394,-0.125333,-0.149981,-0.0671569
1395,-0.587785,-0.527404,-0.485992
1396,-0.904827,-0.904827,-0.904827
1397,-0.998027,-0.874577,-0.998027
1398,-0.844328,-0.844328,-0.844328
1399,-0.481754,-0.422164,-0.422164
1400,8.62547e-14,1.57652e-14,1.57652e-14
1401,0.481754,0.422164,0.422164
1402,0.844328,0.844328,0.844328
1403,0.998027,0.998027,0.998027
1404,0.904827,0.792906,0.904827
1405,0.587785,0.587785,0.485992
1406,0.125333,0.135019,0.0671569
1407,-0.368125,-0.317747,-0.351678
1408,-0.770513,-0.770513,-0.770513
1409,-0.982287,-0.860785,-0.982287
1410,-0.951057,-0.951057,-0.833417
1411,-0.684547,-0.570634,-0.684547
1412,-0.24869,-0.190211,-0.228182
1413,0.24869,0.190211,0.228182
1414,0.684547,0.570634,0.684547
1415,0.951057,0.951057,0.833417
1416,0.982287,0.860785,0.982287
1417,0.770513,0.770513,0.770513
1418,0.368125,0.351678,0.351678
1419,-0.125333,-0.0671569,-0.0671569
1420,-0.587785,-0.485992,-0.485992
1421,-0.904827,-0.904827,-0.904827
1422,-0.998027,-0.874577,-0.874577
1423,-0.844328,-0.844328,-0.844328
1424,-0.481754,-0.422164,-0.422164
1425,4.31323e-14,-7.43849e-15,-7.43849e-15
1426,0.481754,0.422164,0.422164
1427,0.844328,0.844328,0.844328
1428,0.998027,0.874577,0.998027
1429,0.904827,0.904827,0.904827
1430,0.587785,0.527404,0.485992
1431,0.125333,0.149981,0.0671569
1432,-0.368125,-0.227442,-0.351678
1433,-0.770513,-0.604864,-0.770513
1434,-0.982287,-0.982287,-0.982287
1435,-0.951057,-0.833417,-0.833417
1436,-0.684547,-0.684547,-0.684547
1437,-0.24869,-0.228182,-0.228182
1438,0.24869,0.228182,0.228182
1439,0.684547,0.684547,0.684547
1440,0.951057,0.833417,0.833417
1441,0.982287,0.982287,0.982287
1442,0.770513,0.604864,0.770513
1443,0.368125,0.227442,0.351678
1444,-0.125333,-0.149981,-0.0671569
1445,-0.587785,-0.527404,-0.485992
1446,-0.904827,-0.904827,-0.904827
1447,-0.998027,-0.998027,-0.998027
1448,-0.844328,-0.629556,-0.844328
1449,-0.481754,-0.261085,-0.422164
1450,9.90369e-18,0.107386,3.04201e-14
1451,0.481754,0.475857,0.422164
1452,0.844328,0.844328,0.844328
1453,0.998027,0.874577,0.874577
1454,0.904827,0.904827,0.904827
1455,0.587785,0.485992,0.485992
1456,0.125333,0.0671569,0.0671569
1457,-0.368125,-0.351678,-0.351678
1458,-0.770513,-0.770513,-0.770513
1459,-0.982287,-0.860785,-0.982287
1460,-0.951057,-0.951057,-0.833417
1461,-0.684547,-0.542156,-0.684547
1462,-0.24869,-0.133255,-0.228182
1463,0.24869,0.275646,0.228182
1464,0.684547,0.684547,0.684547
1465,0.951057,0.833417,0.833417
1466,0.982287,0.982287,0.982287
1467,0.770513,0.604864,0.770513
1468,0.368125,0.227442,0.351678
1469,-0.125333,-0.149981,-0.0671569
1470,-0.587785,-0.527404,-0.485992
1471,-0.904827,-0.904827,-0.904827
1472,-0.998027,-0.874577,-0.874577
1473,-0.844328,-0.844328,-0.844328
1474,-0.481754,-0.422164,-0.422164
1475,7.05743e-14,7.32747e-15,7.32747e-15
1476,0.481754,0.422164,0.422164
1477,0.844328,0.844328,0.844328
1478,0.998027,0.998027,0.998027
1479,0.904827,0.792906,0.904827
1480,0.587785,0.587785,0.485992
1481,0.125333,0.195267,0.0671569
1482,-0.368125,-0.197251,-0.351678
1483,-0.770513,-0.589769,-0.770513
1484,-0.982287,-0.982287,-0.982287
1485,-0.951057,-0.833417,-0.833417
1486,-0.684547,-0.684547,-0.684547
1487,-0.24869,-0.228182,-0.228182
1488,0.24869,0.228182,0.228182
1489,0.684547,0.684547,0.684547
1490,0.951057,0.833417,0.833417
1491,0.982287,0.982287,0.982287
1492,0.770513,0.604864,0.770513
1493,0.368125,0.227442,0.351678
1494,-0.125333,-0.149981,-0.0671569
1495,-0.587785,-0.527404,-0.485992
1496,-0.904827,-0.904827,-0.904827
1497,-0.998027,-0.874577,-0.998027
1498,-0.844328,-0.844328,-0.844328
1499,-0.481754,-0.422164,-0.422164
1500,2.74519e-14,4.50751e-14,4.50751e-14
1501,0.481754,0.422164,0.422164
1502,0.844328,0.844328,0.844328
1503,0.998027,0.874577,0.874577
1504,0.904827,0.904827,0.904827
1505,0.587785,0.527404,0.485992
1506,0.125333,0.149981,0.0671569
1507,-0.368125,-0.227442,-0.351678
1508,-0.770513,-0.604864,-0.770513
1509,-0.982287,-0.982287,-0.982287
1510,-0.951057,-0.833417,-0.833417
1511,-0.684547,-0.684547,-0.684547
1512,-0.24869,-0.275646,-0.228182
1513,0.24869,0.133255,0.228182
1514,0.684547,0.542156,0.684547
1515,0.951057,0.951057,0.833417
1516,0.982287,0.860785,0.982287
1517,0.770513,0.770513,0.770513
1518,0.368125,0.351678,0.351678
1519,-0.125333,-0.0671569,-0.0671569
1520,-0.587785,-0.485992,-0.485992
1521,-0.904827,-0.904827,-0.904827
1522,-0.998027,-0.998027,-0.998027
1523,-0.844328,-0.665351,-0.844328
1524,-0.481754,-0.332676,-0.422164
1525,-1.56705e-14,2.66454e-15,2.19824e-14
1526,0.481754,0.332676,0.422164
1527,0.844328,0.665351,0.844328
1528,0.998027,0.998027,0.998027
1529,0.904827,0.667974,0.904827
1530,0.587785,0.337922,0.485992
1531,0.125333,0.00786974,0.0671569
1532,-0.368125,-0.322183,-0.351678
1533,-0.770513,-0.652235,-0.770513
1534,-0.982287,-0.982287,-0.982287
1535,-0.951057,-0.951057,-0.833417
1536,-0.684547,-0.570634,-0.684547
1537,-0.24869,-0.190211,-0.228182
1538,0.24869,0.190211,0.228182
1539,0.684547,0.570634,0.684547
1540,0.951057,0.951057,0.833417
1541,0.982287,0.860785,0.982287
1542,0.770513,0.770513,0.770513
1543,0.368125,0.351678,0.351678
1544,-0.125333,-0.0671569,-0.0671569
1545,-0.587785,-0.485992,-0.485992
1546,-0.904827,-0.904827,-0.904827
1547,-0.998027,-0.874577,-0.874577
1548,-0.844328,-0.844328,-0.844328
1549,-0.481754,-0.475857,-0.422164
1550,5.48939e-14,-0.107386,-1.11022e-15
1551,0.481754,0.261085,0.422164
1552,0.844328,0.629556,0.844328
1553,0.998027,0.998027,0.998027
1554,0.904827,0.667974,0.904827
1555,0.587785,0.337922,0.485992
1556,0.125333,0.00786974,0.0671569
1557,-0.368125,-0.322183,-0.351678
1558,-0.770513,-0.652235,-0.770513
1559,-0.982287,-0.982287,-0.982287
1560,-0.951057,-0.951057,-0.833417
1561,-0.684547,-0.570634,-0.684547
1562,-0.24869,-0.190211,-0.228182
1563,0.24869,0.190211,0.228182
1564,0.684547,0.570634,0.684547
1565,0.951057,0.951057,0.833417
1566,0.982287,0.982287,0.982287
1567,0.770513,0.604864,0.770513
1568,0.368125,0.227442,0.351678
1569,-0.125333,-0.149981,-0.0671569
1570,-0.587785,-0.527404,-0.485992
1571,-0.904827,-0.904827,-0.904827
1572,-0.998027,-0.998027,-0.998027
1573,-0.844328,-0.629556,-0.844328
1574,-0.481754,-0.261085,-0.422164
1575,1.17715e-14,0.107386,3.67484e-14
1576,0.481754,0.475857,0.422164
1577,0.844328,0.844328,0.844328
1578,0.998027,0.874577,0.874577
1579,0.904827,0.904827,0.904827
1580,0.587785,0.485992,0.485992
1581,0.125333,0.0671569,0.0671569
1582,-0.368125,-0.351678,-0.351678
1583,-0.770513,-0.770513,-0.770513
1584,-0.982287,-0.860785,-0.982287
1585,-0.951057,-0.951057,-0.833417
1586,-0.684547,-0.542156,-0.684547
1587,-0.24869,-0.133255,-0.228182
1588,0.24869,0.275646,0.228182
1589,0.684547,0.684547,0.684547
1590,0.951057,0.833417,0.833417
1591,0.982287,0.982287,0.982287
1592,0.770513,0.604864,0.770513
1593,0.368125,0.227442,0.351678
1594,-0.125333,-0.149981,-0.0671569
1595,-0.587785,-0.527404,-0.485992
1596,-0.904827,-0.904827,-0.904827
1597,-0.998027,-0.874577,-0.874577
1598,-0.844328,-0.844328,-0.844328
1599,-0.481754,-0.422164,-0.422164
1600,8.23359e-14,1.36557e-14,1.36557e-14
1601,0.481754,0.422164,0.422164
1602,0.844328,0.844328,0.844328
1603,0.998027,0.998027,0.998027
1604,0.904827,0.667974,0.904827
1605,0.587785,0.337922,0.485992
1606,0.125333,0.00786974,0.0671569
1607,-0.368125,-0.322183,-0.351678
1608,-0.770513,-0.652235,-0.770513
1609,-0.982287,-0.982287,-0.982287
1610,-0.951057,-0.951057,-0.833417
1611,-0.684547,-0.570634,-0.684547
1612,-0.24869,-0.190211,-0.228182
1613,0.24869,0.190211,0.228182
1614,0.684547,0.570634,0.684547
1615,0.951057,0.951057,0.833417
1616,0.982287,0.982287,0.982287
1617,0.770513,0.604864,0.770513
1618,0.368125,0.227442,0.351678
1619,-0.125333,-0.149981,-0.0671569
1620,-0.587785,-0.527404,-0.485992
1621,-0.904827,-0.904827,-0.904827
1622,-0.998027,-0.874577,-0.874577
1623,-0.844328,-0.844328,-0.844328
1624,-0.481754,-0.422164,-0.422164
1625,3.92135e-14,2.09832e-14,2.09832e-14
1626,0.481754,0.422164,0.422164
1627,0.844328,0.844328,0.844328
1628,0.998027,0.874577,0.874577
1629,0.904827,0.904827,0.904827
1630,0.587785,0.527404,0.485992
1631,0.125333,0.149981,0.0671569
1632,-0.368125,-0.227442,-0.351678
1633,-0.770513,-0.604864,-0.770513
1634,-0.982287,-0.982287,-0.982287
1635,-0.951057,-0.833417,-0.833417
1636,-0.684547,-0.684547,-0.684547
1637,-0.24869,-0.228182,-0.228182
1638,0.24869,0.228182,0.228182
1639,0.684547,0.684547,0.684547
1640,0.951057,0.833417,0.833417
1641,0.982287,0.982287,0.982287
1642,0.770513,0.604864,0.770513
1643,0.368125,0.227442,0.351678
1644,-0.125333,-0.149981,-0.0671569
1645,-0.587785,-0.527404,-0.485992
1646,-0.904827,-0.904827,-0.904827
1647,-0.998027,-0.998027,-0.998027
1648,-0.844328,-0.629556,-0.844328
1649,-0.481754,-0.261085,-0.422164
1650,-3.90897e-15,0.107386,2.83107e-14
1651,0.481754,0.475857,0.422164
1652,0.844328,0.844328,0.844328
1653,0.998027,0.874577,0.874577
1654,0.904827,0.904827,0.904827
1655,0.587785,0.485992,0.485992
1656,0.125333,0.0671569,0.0671569
1657,-0.368125,-0.351678,-0.351678
1658,-0.770513,-0.770513,-0.770513
1659,-0.982287,-0.860785,-0.982287
1660,-0.951057,-0.951057,-0.833417
1661,-0.684547,-0.542156,-0.684547
1662,-0.24869,-0.133255,-0.228182
1663,0.24869,0.275646,0.228182
1664,0.684547,0.684547,0.684547
1665,0.951057,0.833417,0.833417
1666,0.982287,0.982287,0.982287
1667,0.770513,0.604864,0.770513
1668,0.368125,0.227442,0.351678
1669,-0.125333,-0.149981,-0.0671569
1670,-0.587785,-0.527404,-0.485992
1671,-0.904827,-0.904827,-0.904827
1672,-0.998027,-0.874577,-0.874577
1673,-0.844328,-0.844328,-0.844328
1674,-0.481754,-0.475857,-0.422164
1675,6.66554e-14,-0.107386,5.21805e-15
1676,0.481754,0.261085,0.422164
1677,0.844328,0.629556,0.844328
1678,0.998027,0.998027,0.998027
1679,0.904827,0.667974,0.904827
1680,0.587785,0.337922,0.485992
1681,0.125333,0.00786974,0.0671569
1682,-0.368125,-0.322183,-0.351678
1683,-0.770513,-0.652235,-0.770513
1684,-0.982287,-0.982287,-0.982287
1685,-0.951057,-0.951057,-0.833417
1686,-0.684547,-0.570634,-0.684547
1687,-0.24869,-0.190211,-0.228182
1688,0.24869,0.190211,0.228182
1689,0.684547,0.570634,0.684547
1690,0.951057,0.951057,0.833417
1691,0.982287,0.982287,0.982287
1692,0.770513,0.604864,0.770513
1693,0.368125,0.227442,0.351678
1694,-0.125333,-0.149981,-0.0671569
1695,-0.587785,-0.527404,-0.485992
1696,-0.904827,-0.904827,-0.904827
1697,-0.998027,-0.874577,-0.998027
1698,-0.844328,-0.844328,-0.844328
1699,-0.481754,-0.422164,-0.422164
1700,2.3533e-14,4.30767e-14,4.30767e-14
1701,0.481754,0.422164,0.422164
1702,0.844328,0.844328,0.844328
1703,0.998027,0.874577,0.874577
1704,0.904827,0.904827,0.904827
1705,0.587785,0.527404,0.485992
1706,0.125333,0.149981,0.0671569
1707,-0.368125,-0.227442,-0.351678
1708,-0.770513,-0.604864,-0.770513
1709,-0.982287,-0.982287,-0.982287
1710,-0.951057,-0.833417,-0.833417
1711,-0.684547,-0.684547,-0.684547
1712,-0.24869,-0.228182,-0.228182
1713,0.24869,0.228182,0.228182
1714,0.684547,0.684547,0.684547
1715,0.951057,0.833417,0.833417
1716,0.982287,0.982287,0.982287
1717,0.770513,0.604864,0.770513
1718,0.368125,0.227442,0.351678
1719,-0.125333,-0.149981,-0.0671569
1720,-0.587785,-0.527404,-0.485992
1721,-0.904827,-0.904827,-0.904827
1722,-0.998027,-0.998027,-0.998027
1723,-0.844328,-0.629556,-0.844328
1724,-0.481754,-0.261085,-0.422164
1725,9.40974e-14,0.107386,1.9873e-14
1726,0.481754,0.475857,0.422164
1727,0.844328,0.844328,0.844328
1728,0.998027,0.874577,0.998027
1729,0.904827,0.904827,0.904827
1730,0.587785,0.485992,0.485992
1731,0.125333,0.0671569,0.0671569
1732,-0.368125,-0.351678,-0.351678
1733,-0.770513,-0.770513,-0.770513
1734,-0.982287,-0.860785,-0.982287
1735,-0.951057,-0.951057,-0.833417
1736,-0.684547,-0.570634,-0.684547
1737,-0.24869,-0.190211,-0.228182
1738,0.24869,0.190211,0.228182
1739,0.684547,0.570634,0.684547
1740,0.951057,0.951057,0.833417
1741,0.982287,0.860785,0.982287
1742,0.770513,0.770513,0.770513
1743,0.368125,0.351678,0.351678
1744,-0.125333,-0.0671569,-0.0671569
1745,-0.587785,-0.485992,-0.485992
1746,-0.904827,-0.904827,-0.904827
1747,-0.998027,-0.874577,-0.874577
1748,-0.844328,-0.844328,-0.844328
1749,-0.481754,-0.475857,-0.422164
1750,5.0975e-14,-0.107386,-3.21965e-15
1751,0.481754,0.261085,0.422164
1752,0.844328,0.629556,0.844328
1753,0.998027,0.998027,0.998027
1754,0.904827,0.667974,0.904827
1755,0.587785,0.337922,0.485992
1756,0.125333,0.00786974,0.0671569
1757,-0.368125,-0.322183,-0.351678
1758,-0.770513,-0.652235,-0.770513
1759,-0.982287,-0.982287,-0.982287
1760,-0.951057,-0.951057,-0.833417
1761,-0.684547,-0.570634,-0.684547
1762,-0.24869,-0.190211,-0.228182
1763,0.24869,0.190211,0.228182
1764,0.684547,0.570634,0.684547
1765,0.951057,0.951057,0.833417
1766,0.982287,0.982287,0.982287
1767,0.770513,0.604864,0.770513
1768,0.368125,0.227442,0.351678
1769,-0.125333,-0.149981,-0.0671569
1770,-0.587785,-0.527404,-0.485992
1771,-0.904827,-0.904827,-0.904827
1772,-0.998027,-0.998027,-0.998027
1773,-0.844328,-0.629556,-0.844328
1774,-0.481754,-0.261085,-0.422164
1775,7.8526e-15,0.107386,3.4639e-14
1776,0.481754,0.475857,0.422164
1777,0.844328,0.844328,0.844328
1778,0.998027,0.874577,0.874577
1779,0.904827,0.904827,0.904827
1780,0.587785,0.485992,0.485992
1781,0.125333,0.0671569,0.0671569
1782,-0.368125,-0.351678,-0.351678
1783,-0.770513,-0.770513,-0.770513
1784,-0.982287,-0.860785,-0.982287
1785,-0.951057,-0.951057,-0.833417
1786,-0.684547,-0.542156,-0.684547
1787,-0.24869,-0.133255,-0.228182
1788,0.24869,0.275646,0.228182
1789,0.684547,0.684547,0.684547
1790,0.951057,0.833417,0.833417
1791,0.982287,0.982287,0.982287
1792,0.770513,0.604864,0.770513
1793,0.368125,0.227442,0.351678
1794,-0.125333,-0.149981,-0.0671569
1795,-0.587785,-0.527404,-0.485992
1796,-0.904827,-0.904827,-0.904827
1797,-0.998027,-0.874577,-0.874577
1798,-0.844328,-0.844328,-0.844328
1799,-0.481754,-0.422164,-0.422164
1800,7.8417e-14,1.15463e-14,1.15463e-14
1801,0.481754,0.422164,0.422164
1802,0.844328,0.844328,0.844328
1803,0.998027,0.998027,0.998027
1804,0.904827,0.667974,0.904827
1805,0.587785,0.337922,0.485992
1806,0.125333,0.00786974,0.0671569
1807,-0.368125,-0.322183,-0.351678
1808,-0.770513,-0.652235,-0.770513
1809,-0.982287,-0.982287,-0.982287
1810,-0.951057,-0.951057,-0.833417
1811,-0.684547,-0.570634,-0.684547
1812,-0.24869,-0.190211,-0.228182
1813,0.24869,0.190211,0.228182
1814,0.684547,0.570634,0.684547
1815,0.951057,0.951057,0.833417
1816,0.982287,0.982287,0.982287
1817,0.770513,0.604864,0.770513
1818,0.368125,0.227442,0.351678
1819,-0.125333,-0.149981,-0.0671569
1820,-0.587785,-0.527404,-0.485992
1821,-0.904827,-0.904827,-0.904827
1822,-0.998027,-0.874577,-0.998027
1823,-0.844328,-0.844328,-0.844328
1824,-0.481754,-0.422164,-0.422164
1825,3.52946e-14,4.92939e-14,4.92939e-14
1826,0.481754,0.422164,0.422164
1827,0.844328,0.844328,0.844328
1828,0.998027,0.874577,0.874577
1829,0.904827,0.904827,0.904827
1830,0.587785,0.527404,0.485992
1831,0.125333,0.149981,0.0671569
1832,-0.368125,-0.227442,-0.351678
1833,-0.770513,-0.604864,-0.770513
1834,-0.982287,-0.982287,-0.982287
1835,-0.951057,-0.833417,-0.833417
1836,-0.684547,-0.684547,-0.684547
1837,-0.24869,-0.275646,-0.228182
1838,0.24869,0.133255,0.228182
1839,0.684547,0.542156,0.684547
1840,0.951057,0.951057,0.833417
1841,0.982287,0.860785,0.982287
1842,0.770513,0.770513,0.770513
1843,0.368125,0.351678,0.351678
1844,-0.125333,-0.0671569,-0.0671569
1845,-0.587785,-0.485992,-0.485992
1846,-0.904827,-0.904827,-0.904827
1847,-0.998027,-0.998027,-0.998027
1848,-0.844328,-0.665351,-0.844328
1849,-0.481754,-0.332676,-0.422164
1850,-7.82784e-15,3.10862e-15,2.62013e-14
1851,0.481754,0.332676,0.422164
1852,0.844328,0.665351,0.844328
1853,0.998027,0.998027,0.998027
1854,0.904827,0.667974,0.904827
1855,0.587785,0.337922,0.485992
1856,0.125333,0.00786974,0.0671569
1857,-0.368125,-0.322183,-0.351678
1858,-0.770513,-0.652235,-0.770513
1859,-0.982287,-0.982287,-0.982287
1860,-0.951057,-0.951057,-0.833417
1861,-0.684547,-0.570634,-0.684547
1862,-0.24869,-0.190211,-0.228182
1863,0.24869,0.190211,0.228182
1864,0.684547,0.570634,0.684547
1865,0.951057,0.951057,0.833417
1866,0.982287,0.982287,0.982287
1867,0.770513,0.604864,0.770513
1868,0.368125,0.227442,0.351678
1869,-0.125333,-0.149981,-0.0671569
1870,-0.587785,-0.527404,-0.485992
1871,-0.904827,-0.904827,-0.904827
1872,-0.998027,-0.998027,-0.874577
1873,-0.844328,-0.629556,-0.844328
1874,-0.481754,-0.261085,-0.422164
1875,6.27366e-14,0.107386,3.10862e-15
1876,0.481754,0.475857,0.422164
1877,0.844328,0.844328,0.844328
1878,0.998027,0.874577,0.998027
1879,0.904827,0.904827,0.904827
1880,0.587785,0.485992,0.485992
1881,0.125333,0.0671569,0.0671569
1882,-0.368125,-0.351678,-0.351678
1883,-0.770513,-0.770513,-0.770513
1884,-0.982287,-0.860785,-0.982287
1885,-0.951057,-0.951057,-0.833417
1886,-0.684547,-0.570634,-0.684547
1887,-0.24869,-0.190211,-0.228182
1888,0.24869,0.190211,0.228182
1889,0.684547,0.570634,0.684547
1890,0.951057,0.951057,0.833417
1891,0.982287,0.860785,0.982287
1892,0.770513,0.770513,0.770513
1893,0.368125,0.351678,0.351678
1894,-0.125333,-0.0671569,-0.0671569
1895,-0.587785,-0.485992,-0.485992
1896,-0.904827,-0.904827,-0.904827
1897,-0.998027,-0.874577,-0.998027
1898,-0.844328,-0.844328,-0.844328
1899,-0.481754,-0.422164,-0.422164
1900,1.96142e-14,4.09672e-14,4.09672e-14
1901,0.481754,0.422164,0.422164
1902,0.844328,0.844328,0.844328
1903,0.998027,0.998027,0.874577
1904,0.904827,0.792906,0.904827
1905,0.587785,0.587785,0.485992
1906,0.125333,0.135019,0.0671569
1907,-0.368125,-0.317747,-0.351678
1908,-0.770513,-0.770513,-0.770513
1909,-0.982287,-0.860785,-0.982287
1910,-0.951057,-0.951057,-0.833417
1911,-0.684547,-0.570634,-0.684547
1912,-0.24869,-0.190211,-0.228182
1913,0.24869,0.190211,0.228182
1914,0.684547,0.570634,0.684547
1915,0.951057,0.951057,0.833417
1916,0.982287,0.982287,0.982287
1917,0.770513,0.604864,0.770513
1918,0.368125,0.227442,0.351678
1919,-0.125333,-0.149981,-0.0671569
1920,-0.587785,-0.527404,-0.485992
1921,-0.904827,-0.904827,-0.904827
1922,-0.998027,-0.874577,-0.874577
1923,-0.844328,-0.844328,-0.844328
1924,-0.481754,-0.422164,-0.422164
1925,9.01786e-14,1.77636e-14,1.77636e-14
1926,0.481754,0.422164,0.422164
1927,0.844328,0.844328,0.844328
1928,0.998027,0.998027,0.998027
1929,0.904827,0.667974,0.904827
1930,0.587785,0.337922,0.485992
1931,0.125333,0.00786974,0.0671569
1932,-0.368125,-0.322183,-0.351678
1933,-0.770513,-0.652235,-0.770513
1934,-0.982287,-0.982287,-0.982287
1935,-0.951057,-0.951057,-0.833417
1936,-0.684547,-0.570634,-0.684547
1937,-0.24869,-0.190211,-0.228182
1938,0.24869,0.190211,0.228182
1939,0.684547,0.570634,0.684547
1940,0.951057,0.951057,0.833417
1941,0.982287,0.860785,0.982287
1942,0.770513,0.770513,0.770513
1943,0.368125,0.351678,0.351678
1944,-0.125333,-0.0671569,-0.0671569
1945,-0.587785,-0.485992,-0.485992
1946,-0.904827,-0.904827,-0.904827
1947,-0.998027,-0.874577,-0.874577
1948,-0.844328,-0.844328,-0.844328
1949,-0.481754,-0.422164,-0.422164
1950,4.70561e-14,2.52021e-14,2.52021e-14
1951,0.481754,0.422164,0.422164
1952,0.844328,0.844328,0.844328
1953,0.998027,0.874577,0.874577
1954,0.904827,0.904827,0.904827
1955,0.587785,0.527404,0.485992
1956,0.125333,0.149981,0.0671569
1957,-0.368125,-0.227442,-0.351678
1958,-0.770513,-0.604864,-0.770513
1959,-0.982287,-0.982287,-0.982287
1960,-0.951057,-0.833417,-0.833417
1961,-0.684547,-0.684547,-0.684547
1962,-0.24869,-0.228182,-0.228182
1963,0.24869,0.228182,0.228182
1964,0.684547,0.684547,0.684547
1965,0.951057,0.833417,0.833417
1966,0.982287,0.982287,0.982287
1967,0.770513,0.604864,0.770513
1968,0.368125,0.227442,0.351678
1969,-0.125333,-0.149981,-0.0671569
1970,-0.587785,-0.527404,-0.485992
1971,-0.904827,-0.904827,-0.904827
1972,-0.998027,-0.874577,-0.998027
1973,-0.844328,-0.844328,-0.844328
1974,-0.481754,-0.422164,-0.422164
1975,3.93373e-15,3.25295e-14,3.25295e-14
1976,0.481754,0.422164,0.422164
1977,0.844328,0.844328,0.844328
1978,0.998027,0.998027,0.874577
1979,0.904827,0.667974,0.904827
1980,0.587785,0.337922,0.485992
1981,0.125333,0.00786974,0.0671569
1982,-0.368125,-0.322183,-0.351678
1983,-0.770513,-0.652235,-0.770513
1984,-0.982287,-0.982287,-0.982287
1985,-0.951057,-0.951057,-0.833417
1986,-0.684547,-0.570634,-0.684547
1987,-0.24869,-0.190211,-0.228182
1988,0.24869,0.190211,0.228182
1989,0.684547,0.570634,0.684547
1990,0.951057,0.951057,0.833417
1991,0.982287,0.982287,0.982287
1992,0.770513,0.604864,0.770513
1993,0.368125,0.227442,0.351678
1994,-0.125333,-0.149981,-0.0671569
1995,-0.587785,-0.527404,-0.485992
1996,-0.904827,-0.904827,-0.904827
1997,-0.998027,-0.998027,-0.998027
1998,-0.844328,-0.844328,-0.73989
1999,-0.481754,-0.481754,-0.481754
