buf_size,overload,trial,method,snr_db,spec_corr,err_f1_rel,err_f2_rel,err_ratio_f2_f1,mean_gap,max_gap,cv_gap,n_surviving
64,3,0,PROPOSED,24.6521,0.9989,0.0064,0.0841,13.1003,2.0503,4.0000,0.4744,976
64,3,0,RDP,26.2977,0.9989,0.0030,0.0649,21.9186,2.0503,3.0000,0.4409,976
64,3,1,PROPOSED,24.6074,0.9988,0.0077,0.0847,11.0540,2.0608,4.0000,0.4698,971
64,3,1,RDP,26.1595,0.9989,0.0021,0.0665,31.6565,2.0608,3.0000,0.4394,971
64,3,2,PROPOSED,24.5195,0.9988,0.0077,0.0860,11.1046,2.0651,4.0000,0.4697,969
64,3,2,RDP,26.1054,0.9989,0.0018,0.0672,38.2210,2.0651,3.0000,0.4388,969
64,3,3,PROPOSED,24.6299,0.9989,0.0081,0.0844,10.3833,2.0566,4.0000,0.4705,973
64,3,3,RDP,26.2143,0.9989,0.0024,0.0659,26.9391,2.0566,3.0000,0.4400,973
64,3,4,PROPOSED,24.5910,0.9989,0.0085,0.0850,10.0630,2.0630,4.0000,0.4690,970
64,3,4,RDP,26.1323,0.9989,0.0019,0.0668,34.6454,2.0630,3.0000,0.4391,970
64,5,0,PROPOSED,19.7603,0.9964,0.0091,0.1957,21.5703,3.0801,10.0000,0.3254,650
64,5,0,RDP,22.6951,0.9976,0.0138,0.1516,11.0222,3.0801,4.0000,0.2523,650
64,5,1,PROPOSED,18.6424,0.9955,0.0058,0.2212,37.8205,3.0849,10.0000,0.3312,649
64,5,1,RDP,22.6789,0.9976,0.0137,0.1520,11.0614,3.0849,4.0000,0.2503,649
64,5,2,PROPOSED,19.0373,0.9957,0.0059,0.2132,36.0638,3.0801,10.0000,0.3193,650
64,5,2,RDP,22.6951,0.9976,0.0138,0.1516,11.0222,3.0801,4.0000,0.2523,650
64,5,3,PROPOSED,18.8842,0.9957,0.0134,0.2138,15.9910,3.0801,10.0000,0.3371,650
64,5,3,RDP,22.6951,0.9976,0.0138,0.1516,11.0222,3.0801,4.0000,0.2523,650
64,5,4,PROPOSED,18.9980,0.9958,0.0085,0.2134,25.0195,3.0801,10.0000,0.3163,650
64,5,4,RDP,22.6951,0.9976,0.0138,0.1516,11.0222,3.0801,4.0000,0.2523,650
64,8,0,PROPOSED,12.0170,0.9751,0.0145,0.5376,36.9994,4.4621,21.0000,0.7641,449
64,8,0,RDP,13.0518,0.9797,0.0803,0.4313,5.3724,4.4621,15.0000,0.6751,449
64,8,1,PROPOSED,11.7760,0.9746,0.0323,0.5505,17.0581,4.4422,21.0000,0.7051,451
64,8,1,RDP,13.0534,0.9799,0.0812,0.4289,5.2814,4.4422,15.0000,0.6697,451
64,8,2,PROPOSED,12.0202,0.9757,0.0223,0.5377,24.0730,4.4720,22.0000,0.7603,448
64,8,2,RDP,13.1004,0.9797,0.0780,0.4313,5.5273,4.4720,15.0000,0.6808,448
64,8,3,PROPOSED,11.9712,0.9755,0.0127,0.5376,42.3929,4.4324,21.0000,0.7390,452
64,8,3,RDP,13.1038,0.9800,0.0799,0.4266,5.3387,4.4324,15.0000,0.6701,452
64,8,4,PROPOSED,11.8991,0.9747,0.0123,0.5338,43.5476,4.4324,22.0000,0.7349,452
64,8,4,RDP,13.1038,0.9800,0.0799,0.4266,5.3387,4.4324,15.0000,0.6701,452
64,10,0,PROPOSED,11.4261,0.9713,0.0356,0.6197,17.4286,5.2744,17.0000,0.7627,380
64,10,0,RDP,12.7864,0.9771,0.0645,0.5241,8.1276,5.2744,15.0000,0.7573,380
64,10,1,PROPOSED,11.3181,0.9704,0.0334,0.6256,18.7283,5.2884,18.0000,0.7555,379
64,10,1,RDP,12.8273,0.9771,0.0626,0.5241,8.3698,5.2884,15.0000,0.7598,379
64,10,2,PROPOSED,11.3631,0.9706,0.0356,0.6274,17.6266,5.3307,18.0000,0.7552,376
64,10,2,RDP,12.7719,0.9769,0.0637,0.5296,8.3160,5.3307,15.0000,0.7590,376
64,10,3,PROPOSED,11.2196,0.9693,0.0294,0.6255,21.3049,5.3307,17.0000,0.7707,376
64,10,3,RDP,12.7719,0.9769,0.0637,0.5296,8.3160,5.3307,15.0000,0.7590,376
64,10,4,PROPOSED,11.3816,0.9704,0.0270,0.6314,23.4104,5.3165,18.0000,0.7752,377
64,10,4,RDP,12.8200,0.9770,0.0622,0.5268,8.4679,5.3165,15.0000,0.7607,377
128,3,0,PROPOSED,25.0809,0.9990,0.0062,0.0768,12.3380,1.9408,4.0000,0.4942,1031
128,3,0,RDP,27.4858,0.9992,0.0032,0.0532,16.5703,1.9408,3.0000,0.4534,1031
128,3,1,PROPOSED,25.1904,0.9990,0.0068,0.0754,11.0592,1.9351,4.0000,0.4915,1034
128,3,1,RDP,27.5318,0.9992,0.0028,0.0529,18.7036,1.9351,3.0000,0.4538,1034
128,3,2,PROPOSED,25.2229,0.9990,0.0071,0.0754,10.6654,1.9408,4.0000,0.4900,1031
128,3,2,RDP,27.4858,0.9992,0.0032,0.0532,16.5703,1.9408,3.0000,0.4534,1031
128,3,3,PROPOSED,25.3258,0.9990,0.0059,0.0741,12.4585,1.9295,4.0000,0.4936,1037
128,3,3,RDP,27.5783,0.9992,0.0024,0.0525,21.5135,1.9295,3.0000,0.4542,1037
128,3,4,PROPOSED,25.1716,0.9990,0.0069,0.0762,11.0979,1.9408,4.0000,0.4910,1031
128,3,4,RDP,27.4858,0.9992,0.0032,0.0532,16.5703,1.9408,3.0000,0.4534,1031
128,5,0,PROPOSED,21.4001,0.9973,0.0084,0.1620,19.1772,2.7958,7.0000,0.3654,716
128,5,0,RDP,23.2250,0.9979,0.0133,0.1338,10.0437,2.7958,4.0000,0.3358,716
128,5,1,PROPOSED,20.6984,0.9970,0.0082,0.1711,20.8898,2.7958,7.0000,0.3746,716
128,5,1,RDP,23.2250,0.9979,0.0133,0.1338,10.0437,2.7958,4.0000,0.3358,716
128,5,2,PROPOSED,20.9214,0.9971,0.0088,0.1683,19.2100,2.7649,7.0000,0.3728,724
128,5,2,RDP,23.2960,0.9980,0.0131,0.1317,10.0148,2.7649,4.0000,0.3435,724
128,5,3,PROPOSED,20.9427,0.9971,0.0086,0.1681,19.6105,2.7997,7.0000,0.3676,715
128,5,3,RDP,23.2091,0.9979,0.0132,0.1342,10.1429,2.7997,4.0000,0.3345,715
128,5,4,PROPOSED,20.9518,0.9972,0.0063,0.1683,26.8742,2.7997,7.0000,0.3705,715
128,5,4,RDP,23.2091,0.9979,0.0132,0.1342,10.1429,2.7997,4.0000,0.3345,715
128,8,0,PROPOSED,12.7498,0.9796,0.0181,0.4602,25.3866,3.9196,21.0000,0.7551,511
128,8,0,RDP,13.1570,0.9826,0.1084,0.3574,3.2982,3.9196,15.0000,0.4263,511
128,8,1,PROPOSED,12.7803,0.9793,0.0142,0.4647,32.7364,3.9273,15.0000,0.7288,510
128,8,1,RDP,13.2068,0.9826,0.1061,0.3575,3.3682,3.9273,15.0000,0.4380,510
128,8,2,PROPOSED,12.9236,0.9803,0.0115,0.4595,40.1152,3.9196,21.0000,0.7610,511
128,8,2,RDP,13.1570,0.9826,0.1084,0.3574,3.2982,3.9196,15.0000,0.4263,511
128,8,3,PROPOSED,12.7025,0.9794,0.0083,0.4578,55.2376,3.9119,21.0000,0.7319,512
128,8,3,RDP,13.2085,0.9826,0.1071,0.3551,3.3167,3.9119,15.0000,0.4254,512
128,8,4,PROPOSED,12.6772,0.9794,0.0245,0.4648,18.9794,3.9119,21.0000,0.7249,512
128,8,4,RDP,13.2085,0.9826,0.1071,0.3551,3.3167,3.9119,15.0000,0.4254,512
128,10,0,PROPOSED,12.0338,0.9746,0.0153,0.5516,35.9440,4.5432,18.0000,0.8100,441
128,10,0,RDP,13.0450,0.9790,0.0765,0.4406,5.7586,4.5432,15.0000,0.6954,441
128,10,1,PROPOSED,12.0722,0.9750,0.0272,0.5464,20.0847,4.5535,17.0000,0.8114,440
128,10,1,RDP,13.0935,0.9790,0.0743,0.4406,5.9331,4.5535,15.0000,0.7006,440
128,10,2,PROPOSED,12.0159,0.9747,0.0234,0.5432,23.1934,4.5226,18.0000,0.8178,443
128,10,2,RDP,13.0467,0.9792,0.0775,0.4383,5.6586,4.5226,15.0000,0.6905,443
128,10,3,PROPOSED,12.0402,0.9749,0.0314,0.5520,17.5573,4.5535,17.0000,0.8122,440
128,10,3,RDP,13.0935,0.9790,0.0743,0.4406,5.9331,4.5535,15.0000,0.7006,440
128,10,4,PROPOSED,11.9406,0.9737,0.0193,0.5542,28.6529,4.5639,18.0000,0.8086,439
128,10,4,RDP,13.0433,0.9789,0.0756,0.4430,5.8612,4.5639,15.0000,0.7001,439
256,3,0,PROPOSED,26.9419,0.9993,0.0023,0.0545,23.4280,1.7248,4.0000,0.5078,1160
256,3,0,RDP,29.6111,0.9995,0.0082,0.0379,4.6265,1.7248,3.0000,0.4548,1160
256,3,1,PROPOSED,26.8753,0.9993,0.0023,0.0549,23.4128,1.7263,4.0000,0.5085,1159
256,3,1,RDP,29.5932,0.9995,0.0081,0.0380,4.6702,1.7263,3.0000,0.4549,1159
256,3,2,PROPOSED,26.7479,0.9993,0.0020,0.0557,28.0526,1.7277,4.0000,0.5103,1158
256,3,2,RDP,29.5754,0.9995,0.0081,0.0381,4.7143,1.7277,3.0000,0.4551,1158
256,3,3,PROPOSED,26.7751,0.9993,0.0023,0.0557,24.1689,1.7307,4.0000,0.5087,1156
256,3,3,RDP,29.5400,0.9995,0.0080,0.0383,4.8043,1.7307,3.0000,0.4553,1156
256,3,4,PROPOSED,27.0151,0.9993,0.0016,0.0537,32.7029,1.7218,4.0000,0.5094,1162
256,3,4,RDP,29.6444,0.9995,0.0083,0.0376,4.5602,1.7218,3.0000,0.4545,1162
256,5,0,PROPOSED,23.7592,0.9984,0.0084,0.1173,13.9671,2.3601,4.0000,0.4607,848
256,5,0,RDP,24.5011,0.9984,0.0103,0.0987,9.5871,2.3601,4.0000,0.4202,848
256,5,1,PROPOSED,23.7429,0.9983,0.0088,0.1188,13.4555,2.3826,4.0000,0.4555,840
256,5,1,RDP,24.4545,0.9984,0.0122,0.1005,8.2503,2.3826,4.0000,0.4190,840
256,5,2,PROPOSED,23.6276,0.9984,0.0079,0.1191,15.0609,2.3769,4.0000,0.4591,842
256,5,2,RDP,24.4661,0.9984,0.0117,0.1000,8.5444,2.3769,4.0000,0.4193,842
256,5,3,PROPOSED,23.7510,0.9983,0.0084,0.1180,14.0984,2.3769,4.0000,0.4577,842
256,5,3,RDP,24.4661,0.9984,0.0117,0.1000,8.5444,2.3769,4.0000,0.4193,842
256,5,4,PROPOSED,23.7345,0.9983,0.0084,0.1185,14.0579,2.3769,4.0000,0.4573,842
256,5,4,RDP,24.4661,0.9984,0.0117,0.1000,8.5444,2.3769,4.0000,0.4193,842
256,8,0,PROPOSED,15.3963,0.9889,0.0068,0.3002,44.2962,3.1234,15.0000,0.6660,641
256,8,0,RDP,22.6214,0.9975,0.0136,0.1541,11.2986,3.1234,4.0000,0.2365,641
256,8,1,PROPOSED,15.5700,0.9896,0.0028,0.2969,105.1848,3.1234,18.0000,0.6681,641
256,8,1,RDP,22.6214,0.9975,0.0136,0.1541,11.2986,3.1234,4.0000,0.2365,641
256,8,2,PROPOSED,15.5133,0.9895,0.0008,0.2969,355.2126,3.1283,21.0000,0.6753,640
256,8,2,RDP,22.6230,0.9975,0.0136,0.1543,11.3185,3.1283,4.0000,0.2350,640
256,8,3,PROPOSED,15.5133,0.9895,0.0021,0.2975,138.7716,3.1283,15.0000,0.6712,640
256,8,3,RDP,22.6230,0.9975,0.0136,0.1543,11.3185,3.1283,4.0000,0.2350,640
256,8,4,PROPOSED,15.5928,0.9898,0.0027,0.2960,111.5705,3.1186,14.0000,0.6412,642
256,8,4,RDP,22.6373,0.9975,0.0137,0.1538,11.2588,3.1186,4.0000,0.2386,642
256,10,0,PROPOSED,13.8978,0.9838,0.0136,0.3798,27.9613,3.5132,17.0000,0.7735,570
256,10,0,RDP,16.9319,0.9916,0.0304,0.2308,7.6015,3.5132,15.0000,0.2918,570
256,10,1,PROPOSED,14.0128,0.9842,0.0172,0.3752,21.7576,3.5194,18.0000,0.7883,569
256,10,1,RDP,16.8251,0.9914,0.0320,0.2330,7.2747,3.5194,15.0000,0.2944,569
256,10,2,PROPOSED,14.0661,0.9844,0.0116,0.3767,32.5795,3.5194,18.0000,0.7841,569
256,10,2,RDP,16.8251,0.9914,0.0320,0.2330,7.2747,3.5194,15.0000,0.2944,569
256,10,3,PROPOSED,14.0706,0.9846,0.0119,0.3811,31.9036,3.5194,18.0000,0.7523,569
256,10,3,RDP,16.8251,0.9914,0.0320,0.2330,7.2747,3.5194,15.0000,0.2944,569
256,10,4,PROPOSED,14.2481,0.9852,0.0129,0.3697,28.6148,3.5194,18.0000,0.7823,569
256,10,4,RDP,16.8251,0.9914,0.0320,0.2330,7.2747,3.5194,15.0000,0.2944,569
512,3,0,PROPOSED,31.5552,0.9997,0.0050,0.0239,4.8190,1.4087,3.0000,0.4688,1420
512,3,0,RDP,32.8735,0.9998,0.0015,0.0148,9.9501,1.4087,2.0000,0.3490,1420
512,3,1,PROPOSED,31.4820,0.9997,0.0047,0.0242,5.1399,1.4117,3.0000,0.4706,1417
512,3,1,RDP,32.8246,0.9998,0.0016,0.0150,9.1951,1.4117,2.0000,0.3486,1417
512,3,2,PROPOSED,31.6107,0.9997,0.0048,0.0236,4.8917,1.4058,3.0000,0.4678,1423
512,3,2,RDP,32.9230,0.9998,0.0014,0.0147,10.8593,1.4058,2.0000,0.3493,1423
512,3,3,PROPOSED,31.5167,0.9997,0.0048,0.0241,4.9996,1.4107,3.0000,0.4700,1418
512,3,3,RDP,32.8408,0.9998,0.0016,0.0149,9.4321,1.4107,2.0000,0.3487,1418
512,3,4,PROPOSED,31.5446,0.9997,0.0049,0.0240,4.9228,1.4097,3.0000,0.4694,1419
512,3,4,RDP,32.8571,0.9998,0.0015,0.0149,9.6833,1.4097,2.0000,0.3488,1419
512,5,0,PROPOSED,26.2513,0.9991,0.0005,0.0651,123.9399,1.8173,4.0000,0.5131,1101
512,5,0,RDP,28.6081,0.9994,0.0044,0.0447,10.2007,1.8173,3.0000,0.4587,1101
512,5,1,PROPOSED,26.2152,0.9991,0.0001,0.0657,1251.4215,1.8222,4.0000,0.5135,1098
512,5,1,RDP,28.5573,0.9994,0.0041,0.0450,10.9467,1.8222,3.0000,0.4587,1098
512,5,2,PROPOSED,26.2848,0.9991,0.0002,0.0646,268.3390,1.8123,4.0000,0.5137,1104
512,5,2,RDP,28.6595,0.9994,0.0046,0.0443,9.5411,1.8123,3.0000,0.4587,1104
512,5,3,PROPOSED,26.2208,0.9991,0.0006,0.0654,104.7449,1.8206,4.0000,0.5124,1099
512,5,3,RDP,28.5742,0.9994,0.0042,0.0449,10.6883,1.8206,3.0000,0.4587,1099
512,5,4,PROPOSED,26.1546,0.9991,0.0018,0.0655,35.8797,1.8189,4.0000,0.5098,1100
512,5,4,RDP,28.5911,0.9994,0.0043,0.0448,10.4395,1.8189,3.0000,0.4587,1100
512,8,0,PROPOSED,24.1097,0.9986,0.0081,0.1076,13.2484,2.2310,4.0000,0.4813,897
512,8,0,RDP,24.7972,0.9985,0.0011,0.0879,78.8127,2.2310,4.0000,0.4228,897
512,8,1,PROPOSED,24.1684,0.9986,0.0083,0.1059,12.8409,2.2285,4.0000,0.4827,898
512,8,1,RDP,24.8034,0.9985,0.0013,0.0876,65.2611,2.2285,4.0000,0.4227,898
512,8,2,PROPOSED,24.2293,0.9986,0.0088,0.1056,11.9791,2.2310,4.0000,0.4822,897
512,8,2,RDP,24.7972,0.9985,0.0011,0.0879,78.8127,2.2310,4.0000,0.4228,897
512,8,3,PROPOSED,24.1860,0.9986,0.0084,0.1060,12.5878,2.2310,4.0000,0.4827,897
512,8,3,RDP,24.7972,0.9985,0.0011,0.0879,78.8127,2.2310,4.0000,0.4228,897
512,8,4,PROPOSED,24.2916,0.9986,0.0086,0.1037,12.0284,2.2040,4.0000,0.4857,908
512,8,4,RDP,24.8665,0.9985,0.0036,0.0855,23.5998,2.2040,4.0000,0.4222,908
512,10,0,PROPOSED,23.7086,0.9983,0.0096,0.1192,12.3717,2.4172,4.0000,0.4469,828
512,10,0,RDP,24.3206,0.9984,0.0122,0.1037,8.4968,2.4172,4.0000,0.4137,828
512,10,1,PROPOSED,23.7210,0.9983,0.0096,0.1190,12.3451,2.4201,4.0000,0.4471,827
512,10,1,RDP,24.3008,0.9984,0.0121,0.1040,8.6090,2.4201,4.0000,0.4130,827
512,10,2,PROPOSED,23.6368,0.9983,0.0094,0.1208,12.7929,2.4319,4.0000,0.4448,823
512,10,2,RDP,24.2573,0.9984,0.0121,0.1051,8.6916,2.4319,4.0000,0.4111,823
512,10,3,PROPOSED,23.6690,0.9983,0.0098,0.1204,12.3042,2.4260,4.0000,0.4448,825
512,10,3,RDP,24.2790,0.9984,0.0121,0.1045,8.6503,2.4260,4.0000,0.4121,825
512,10,4,PROPOSED,23.6311,0.9983,0.0091,0.1206,13.2659,2.4289,4.0000,0.4464,824
512,10,4,RDP,24.2769,0.9984,0.0122,0.1047,8.5787,2.4289,4.0000,0.4119,824
