f2,f2_f1_ratio,trial,method,snr_db,spec_corr,err_f1_rel,err_f2_rel,max_gap
0.04,2,0,PROPOSED,39.083505,0.999970,0.003097,0.017081,10.000000
0.040000,2.000000,0,RDP,41.711881,0.999977,0.003100,0.015666,4.000000
0.040000,2.000000,1,PROPOSED,39.164093,0.999972,0.003068,0.017168,9.000000
0.040000,2.000000,1,RDP,41.753766,0.999977,0.003065,0.015515,4.000000
0.040000,2.000000,2,PROPOSED,39.156924,0.999971,0.003134,0.016240,10.000000
0.040000,2.000000,2,RDP,41.867476,0.999978,0.002970,0.015113,4.000000
0.040000,2.000000,3,PROPOSED,38.954376,0.999971,0.003024,0.017637,10.000000
0.040000,2.000000,3,RDP,41.670395,0.999977,0.003136,0.015816,4.000000
0.040000,2.000000,4,PROPOSED,39.088728,0.999972,0.003026,0.017158,10.000000
0.040000,2.000000,4,RDP,41.698008,0.999977,0.003112,0.015716,4.000000
0.060000,3.000000,0,PROPOSED,33.275562,0.999863,0.002280,0.040150,7.000000
0.060000,3.000000,0,RDP,36.922694,0.999925,0.002223,0.028126,5.000000
0.060000,3.000000,1,PROPOSED,33.542667,0.999877,0.002314,0.039121,7.000000
0.060000,3.000000,1,RDP,36.932168,0.999925,0.002215,0.028060,5.000000
0.060000,3.000000,2,PROPOSED,33.320179,0.999863,0.001931,0.040469,7.000000
0.060000,3.000000,2,RDP,36.913240,0.999924,0.002231,0.028193,5.000000
0.060000,3.000000,3,PROPOSED,33.397649,0.999872,0.002324,0.039608,7.000000
0.060000,3.000000,3,RDP,36.922694,0.999925,0.002223,0.028126,5.000000
0.060000,3.000000,4,PROPOSED,33.472252,0.999869,0.002087,0.039825,7.000000
0.060000,3.000000,4,RDP,36.913240,0.999924,0.002231,0.028193,5.000000
0.080000,4.000000,0,PROPOSED,29.498353,0.999670,0.000829,0.065101,7.000000
0.080000,4.000000,0,RDP,33.321411,0.999794,0.000399,0.045211,4.000000
0.080000,4.000000,1,PROPOSED,29.378936,0.999642,0.001720,0.066178,6.000000
0.080000,4.000000,1,RDP,33.259159,0.999792,0.000562,0.045754,4.000000
0.080000,4.000000,2,PROPOSED,29.484103,0.999652,0.001227,0.065912,7.000000
0.080000,4.000000,2,RDP,33.243735,0.999792,0.000602,0.045889,4.000000
0.080000,4.000000,3,PROPOSED,29.492139,0.999658,0.001349,0.065795,6.000000
0.080000,4.000000,3,RDP,33.305764,0.999794,0.000440,0.045347,4.000000
0.080000,4.000000,4,PROPOSED,29.573092,0.999675,0.000205,0.064449,6.000000
0.080000,4.000000,4,RDP,33.259159,0.999792,0.000562,0.045754,4.000000
0.100000,5.000000,0,PROPOSED,26.362348,0.999189,0.002275,0.086174,6.000000
0.100000,5.000000,0,RDP,29.665678,0.999596,0.010694,0.049293,4.000000
0.100000,5.000000,1,PROPOSED,26.435227,0.999191,0.002757,0.086817,6.000000
0.100000,5.000000,1,RDP,29.653810,0.999596,0.010802,0.049363,4.000000
0.100000,5.000000,2,PROPOSED,26.279857,0.999168,0.002236,0.087963,6.000000
0.100000,5.000000,2,RDP,29.641975,0.999595,0.010910,0.049434,4.000000
0.100000,5.000000,3,PROPOSED,26.192427,0.999150,0.002504,0.088466,6.000000
0.100000,5.000000,3,RDP,29.606661,0.999590,0.011234,0.049652,4.000000
0.100000,5.000000,4,PROPOSED,26.275385,0.999140,0.003614,0.088631,6.000000
0.100000,5.000000,4,RDP,29.571632,0.999589,0.011559,0.049876,4.000000
0.150000,7.500000,0,PROPOSED,23.697590,0.998393,0.008103,0.118842,4.000000
0.150000,7.500000,0,RDP,24.471932,0.998408,0.011470,0.099793,4.000000
0.150000,7.500000,1,PROPOSED,23.706983,0.998355,0.007797,0.118720,4.000000
0.150000,7.500000,1,RDP,24.466129,0.998403,0.011705,0.100015,4.000000
0.150000,7.500000,2,PROPOSED,23.648274,0.998360,0.007655,0.118805,4.000000
0.150000,7.500000,2,RDP,24.477742,0.998417,0.011235,0.099571,4.000000
0.150000,7.500000,3,PROPOSED,23.645293,0.998375,0.007206,0.119488,4.000000
0.150000,7.500000,3,RDP,24.471932,0.998408,0.011470,0.099793,4.000000
0.150000,7.500000,4,PROPOSED,23.648888,0.998326,0.008611,0.118706,4.000000
0.150000,7.500000,4,RDP,24.466129,0.998403,0.011705,0.100015,4.000000
0.200000,10.000000,0,PROPOSED,16.021454,0.991429,0.000138,0.258770,17.000000
0.200000,10.000000,0,RDP,23.290104,0.997806,0.007601,0.120612,3.000000
0.200000,10.000000,1,PROPOSED,15.828422,0.990970,0.000390,0.263613,17.000000
0.200000,10.000000,1,RDP,23.266610,0.997798,0.007584,0.121166,3.000000
0.200000,10.000000,2,PROPOSED,15.834648,0.990807,0.002137,0.263270,10.000000
0.200000,10.000000,2,RDP,23.290104,0.997806,0.007601,0.120612,3.000000
0.200000,10.000000,3,PROPOSED,15.681320,0.990385,0.000041,0.266225,10.000000
0.200000,10.000000,3,RDP,23.267477,0.997792,0.007627,0.121251,3.000000
0.200000,10.000000,4,PROPOSED,15.795263,0.990769,0.002702,0.266791,17.000000
0.200000,10.000000,4,RDP,23.267477,0.997792,0.007627,0.121251,3.000000
0.250000,12.500000,0,PROPOSED,12.653584,0.980018,0.050566,0.322160,10.000000
0.250000,12.500000,0,RDP,14.425303,0.987993,0.081989,0.205107,9.000000
0.250000,12.500000,1,PROPOSED,12.692326,0.981247,0.038968,0.325689,10.000000
0.250000,12.500000,1,RDP,14.425303,0.987993,0.081989,0.205107,9.000000
0.250000,12.500000,2,PROPOSED,12.605341,0.980318,0.045394,0.325584,10.000000
0.250000,12.500000,2,RDP,14.418114,0.988044,0.083264,0.204343,9.000000
0.250000,12.500000,3,PROPOSED,12.663638,0.980695,0.039844,0.326758,10.000000
0.250000,12.500000,3,RDP,14.425303,0.987993,0.081989,0.205107,9.000000
0.250000,12.500000,4,PROPOSED,12.618591,0.980799,0.031293,0.322020,10.000000
0.250000,12.500000,4,RDP,14.508749,0.988213,0.080389,0.201291,9.000000
0.300000,15.000000,0,PROPOSED,11.640923,0.973065,0.019921,0.508276,13.000000
0.300000,15.000000,0,RDP,11.909362,0.972568,0.036958,0.470394,8.000000
0.300000,15.000000,1,PROPOSED,11.637286,0.972727,0.023753,0.504369,10.000000
0.300000,15.000000,1,RDP,11.965315,0.972755,0.037266,0.465648,8.000000
0.300000,15.000000,2,PROPOSED,11.632097,0.973657,0.009578,0.508259,13.000000
0.300000,15.000000,2,RDP,11.909362,0.972568,0.036958,0.470394,8.000000
0.300000,15.000000,3,PROPOSED,11.631718,0.973324,0.008657,0.509104,13.000000
0.300000,15.000000,3,RDP,11.876488,0.972477,0.036858,0.473841,8.000000
0.300000,15.000000,4,PROPOSED,11.620053,0.973007,0.007068,0.509181,13.000000
0.300000,15.000000,4,RDP,11.876488,0.972477,0.036858,0.473841,8.000000
0.400000,20.000000,0,PROPOSED,11.295007,0.968903,0.012539,0.501580,10.000000
0.400000,20.000000,0,RDP,11.461420,0.964676,0.014080,0.475131,4.000000
0.400000,20.000000,1,PROPOSED,11.297505,0.968821,0.020311,0.502747,10.000000
0.400000,20.000000,1,RDP,11.461420,0.964676,0.014080,0.475131,4.000000
0.400000,20.000000,2,PROPOSED,11.307493,0.969117,0.015575,0.501035,10.000000
0.400000,20.000000,2,RDP,11.474130,0.964645,0.014027,0.474295,4.000000
0.400000,20.000000,3,PROPOSED,11.300448,0.969201,0.014440,0.501188,10.000000
0.400000,20.000000,3,RDP,11.474130,0.964645,0.014027,0.474295,4.000000
0.400000,20.000000,4,PROPOSED,11.287760,0.968811,0.010011,0.501437,10.000000
0.400000,20.000000,4,RDP,11.461420,0.964676,0.014080,0.475131,4.000000
