buf_size,overload,trial,method,max_gap,mean_gap,cv_gap,p95_gap,p99_gap,n_surviving,n_total
32,2,0,PROPOSED,4,1.59,0.4630,3.0000,4.0000,3137,5000
32,2,0,RDP,4.0000,1.59,0.4597,3.0000,4.0000,3137,5000
32,2,1,PROPOSED,4.0000,1.57,0.4579,3.0000,4.0000,3176,5000
32,2,1,RDP,4.0000,1.57,0.4545,3.0000,4.0000,3176,5000
32,2,2,PROPOSED,4.0000,1.59,0.4632,3.0000,4.0000,3148,5000
32,2,2,RDP,4.0000,1.59,0.4583,3.0000,4.0000,3148,5000
32,2,3,PROPOSED,4.0000,1.60,0.4640,3.0000,4.0000,3129,5000
32,2,3,RDP,4.0000,1.60,0.4607,3.0000,4.0000,3129,5000
32,2,4,PROPOSED,4.0000,1.58,0.4613,3.0000,4.0000,3163,5000
32,2,4,RDP,4.0000,1.58,0.4563,3.0000,4.0000,3163,5000
32,2,5,PROPOSED,4.0000,1.58,0.4602,3.0000,4.0000,3161,5000
32,2,5,RDP,4.0000,1.58,0.4566,3.0000,4.0000,3161,5000
32,2,6,PROPOSED,4.0000,1.60,0.4624,3.0000,4.0000,3131,5000
32,2,6,RDP,4.0000,1.60,0.4605,3.0000,4.0000,3131,5000
32,2,7,PROPOSED,4.0000,1.59,0.4629,3.0000,4.0000,3142,5000
32,2,7,RDP,4.0000,1.59,0.4591,3.0000,4.0000,3142,5000
32,2,8,PROPOSED,4.0000,1.60,0.4615,3.0000,4.0000,3134,5000
32,2,8,RDP,4.0000,1.60,0.4601,3.0000,4.0000,3134,5000
32,2,9,PROPOSED,4.0000,1.60,0.4619,3.0000,4.0000,3126,5000
32,2,9,RDP,4.0000,1.60,0.4611,3.0000,4.0000,3126,5000
32,3,0,PROPOSED,6.0000,2.19,0.4189,4.0000,6.0000,2285,5000
32,3,0,RDP,6.0000,2.19,0.3717,4.0000,4.0000,2285,5000
32,3,1,PROPOSED,6.0000,2.19,0.4253,4.0000,6.0000,2282,5000
32,3,1,RDP,6.0000,2.19,0.3756,4.0000,4.0000,2282,5000
32,3,2,PROPOSED,6.0000,2.19,0.4256,4.0000,6.0000,2279,5000
32,3,2,RDP,6.0000,2.19,0.3794,4.0000,4.0000,2279,5000
32,3,3,PROPOSED,6.0000,2.19,0.4207,4.0000,6.0000,2287,5000
32,3,3,RDP,6.0000,2.19,0.3691,4.0000,4.0000,2287,5000
32,3,4,PROPOSED,6.0000,2.18,0.4176,4.0000,6.0000,2299,5000
32,3,4,RDP,6.0000,2.18,0.3529,4.0000,4.0000,2299,5000
32,3,5,PROPOSED,6.0000,2.18,0.4197,4.0000,6.0000,2292,5000
32,3,5,RDP,6.0000,2.18,0.3625,4.0000,4.0000,2292,5000
32,3,6,PROPOSED,6.0000,2.18,0.4226,4.0000,6.0000,2290,5000
32,3,6,RDP,6.0000,2.18,0.3651,4.0000,4.0000,2290,5000
32,3,7,PROPOSED,6.0000,2.18,0.4199,4.0000,6.0000,2297,5000
32,3,7,RDP,6.0000,2.18,0.3557,4.0000,4.0000,2297,5000
32,3,8,PROPOSED,6.0000,2.18,0.4230,4.0000,6.0000,2291,5000
32,3,8,RDP,6.0000,2.18,0.3638,4.0000,4.0000,2291,5000
32,3,9,PROPOSED,6.0000,2.19,0.4244,4.0000,6.0000,2283,5000
32,3,9,RDP,6.0000,2.19,0.3743,4.0000,4.0000,2283,5000
32,5,0,PROPOSED,9.0000,3.36,0.5070,6.0000,8.0000,1487,5000
32,5,0,RDP,6.0000,3.36,0.5000,6.0000,6.0000,1487,5000
32,5,1,PROPOSED,9.0000,3.34,0.5017,6.0000,8.0000,1498,5000
32,5,1,RDP,6.0000,3.34,0.4987,6.0000,6.0000,1498,5000
32,5,2,PROPOSED,9.0000,3.37,0.5036,6.0000,8.0000,1485,5000
32,5,2,RDP,6.0000,3.37,0.5002,6.0000,6.0000,1485,5000
32,5,3,PROPOSED,9.0000,3.37,0.5055,6.0000,8.0000,1486,5000
32,5,3,RDP,6.0000,3.37,0.5001,6.0000,6.0000,1486,5000
32,5,4,PROPOSED,9.0000,3.36,0.5093,6.0000,8.0000,1487,5000
32,5,4,RDP,6.0000,3.36,0.5000,6.0000,6.0000,1487,5000
32,5,5,PROPOSED,9.0000,3.35,0.5044,6.0000,8.0000,1492,5000
32,5,5,RDP,6.0000,3.35,0.4994,6.0000,6.0000,1492,5000
32,5,6,PROPOSED,9.0000,3.31,0.5003,6.0000,8.0000,1509,5000
32,5,6,RDP,6.0000,3.31,0.4972,6.0000,6.0000,1509,5000
32,5,7,PROPOSED,9.0000,3.34,0.5009,6.0000,8.0000,1497,5000
32,5,7,RDP,6.0000,3.34,0.4988,6.0000,6.0000,1497,5000
32,5,8,PROPOSED,9.0000,3.35,0.5007,6.0000,8.0000,1495,5000
32,5,8,RDP,6.0000,3.35,0.4991,6.0000,6.0000,1495,5000
32,5,9,PROPOSED,9.0000,3.36,0.5098,6.0000,8.0000,1491,5000
32,5,9,RDP,6.0000,3.36,0.4995,6.0000,6.0000,1491,5000
32,8,0,PROPOSED,12.0000,5.07,0.5222,10.0000,12.0000,987,5000
32,8,0,RDP,10.0000,5.07,0.5120,10.0000,10.0000,987,5000
32,8,1,PROPOSED,12.0000,5.07,0.5387,10.0000,11.0000,987,5000
32,8,1,RDP,10.0000,5.07,0.5120,10.0000,10.0000,987,5000
32,8,2,PROPOSED,12.0000,5.07,0.5337,10.0000,12.0000,987,5000
32,8,2,RDP,10.0000,5.07,0.5120,10.0000,10.0000,987,5000
32,8,3,PROPOSED,12.0000,5.06,0.5310,10.0000,12.0000,988,5000
32,8,3,RDP,10.0000,5.06,0.5114,10.0000,10.0000,988,5000
32,8,4,PROPOSED,14.0000,5.04,0.5270,10.0000,12.0000,992,5000
32,8,4,RDP,10.0000,5.04,0.5121,10.0000,10.0000,992,5000
32,8,5,PROPOSED,12.0000,5.05,0.5329,10.0000,12.0000,991,5000
32,8,5,RDP,10.0000,5.05,0.5127,10.0000,10.0000,991,5000
32,8,6,PROPOSED,12.0000,5.04,0.5267,10.0000,12.0000,992,5000
32,8,6,RDP,10.0000,5.04,0.5121,10.0000,10.0000,992,5000
32,8,7,PROPOSED,12.0000,5.06,0.5337,10.0000,12.0000,989,5000
32,8,7,RDP,10.0000,5.06,0.5123,10.0000,10.0000,989,5000
32,8,8,PROPOSED,12.0000,5.03,0.5296,10.0000,11.0000,995,5000
32,8,8,RDP,10.0000,5.03,0.5133,10.0000,10.0000,995,5000
32,8,9,PROPOSED,12.0000,5.05,0.5259,10.0000,11.0000,991,5000
32,8,9,RDP,10.0000,5.05,0.5127,10.0000,10.0000,991,5000
32,10,0,PROPOSED,14.0000,6.19,0.4350,11.0000,12.0000,809,5000
32,10,0,RDP,10.0000,6.19,0.4415,10.0000,10.0000,809,5000
32,10,1,PROPOSED,13.0000,6.17,0.4354,11.0000,12.0000,811,5000
32,10,1,RDP,10.0000,6.17,0.4428,10.0000,10.0000,811,5000
32,10,2,PROPOSED,14.0000,6.17,0.4478,11.0000,13.0000,811,5000
32,10,2,RDP,10.0000,6.17,0.4428,10.0000,10.0000,811,5000
32,10,3,PROPOSED,14.0000,6.17,0.4434,11.0000,12.0000,811,5000
32,10,3,RDP,10.0000,6.17,0.4428,10.0000,10.0000,811,5000
32,10,4,PROPOSED,13.0000,6.18,0.4459,11.0000,12.0000,810,5000
32,10,4,RDP,10.0000,6.18,0.4423,10.0000,10.0000,810,5000
32,10,5,PROPOSED,14.0000,6.19,0.4483,11.0000,13.0000,808,5000
32,10,5,RDP,10.0000,6.19,0.4410,10.0000,10.0000,808,5000
32,10,6,PROPOSED,14.0000,6.18,0.4587,11.0000,13.0000,810,5000
32,10,6,RDP,10.0000,6.18,0.4423,10.0000,10.0000,810,5000
32,10,7,PROPOSED,14.0000,6.18,0.4595,11.0000,13.0000,810,5000
32,10,7,RDP,10.0000,6.18,0.4423,10.0000,10.0000,810,5000
32,10,8,PROPOSED,14.0000,6.20,0.4436,11.0000,13.0000,807,5000
32,10,8,RDP,10.0000,6.20,0.4402,10.0000,10.0000,807,5000
32,10,9,PROPOSED,14.0000,6.18,0.4386,11.0000,12.0000,810,5000
32,10,9,RDP,10.0000,6.18,0.4423,10.0000,10.0000,810,5000
32,15,0,PROPOSED,28.0000,9.04,0.4664,18.0000,20.0000,554,5000
32,15,0,RDP,18.0000,9.04,0.4112,14.0000,18.0000,554,5000
32,15,1,PROPOSED,27.0000,8.93,0.4581,15.0000,18.0000,561,5000
32,15,1,RDP,18.0000,8.93,0.4091,14.0000,18.0000,561,5000
32,15,2,PROPOSED,28.0000,8.86,0.4595,15.0000,18.0000,565,5000
32,15,2,RDP,18.0000,8.86,0.4087,14.0000,18.0000,565,5000
32,15,3,PROPOSED,27.0000,8.91,0.4577,15.0000,18.0000,562,5000
32,15,3,RDP,18.0000,8.91,0.4108,14.0000,18.0000,562,5000
32,15,4,PROPOSED,28.0000,8.97,0.4532,15.0000,18.0000,558,5000
32,15,4,RDP,18.0000,8.97,0.4110,14.0000,18.0000,558,5000
32,15,5,PROPOSED,28.0000,8.90,0.4648,15.0000,18.0000,563,5000
32,15,5,RDP,18.0000,8.90,0.4089,14.0000,18.0000,563,5000
32,15,6,PROPOSED,28.0000,8.90,0.4697,15.0000,18.0000,563,5000
32,15,6,RDP,18.0000,8.90,0.4089,14.0000,18.0000,563,5000
32,15,7,PROPOSED,28.0000,8.90,0.4585,15.0000,18.0000,563,5000
32,15,7,RDP,18.0000,8.90,0.4089,14.0000,18.0000,563,5000
32,15,8,PROPOSED,19.0000,8.93,0.4418,15.0000,18.0000,561,5000
32,15,8,RDP,18.0000,8.93,0.4091,14.0000,18.0000,561,5000
32,15,9,PROPOSED,18.0000,8.96,0.4137,14.0000,18.0000,559,5000
32,15,9,RDP,18.0000,8.96,0.4092,14.0000,18.0000,559,5000
32,20,0,PROPOSED,36.0000,11.47,0.5655,24.0000,30.0000,437,5000
32,20,0,RDP,25.0000,11.47,0.4465,20.0000,20.0000,437,5000
32,20,1,PROPOSED,34.0000,11.49,0.5688,24.0000,30.0000,436,5000
32,20,1,RDP,25.0000,11.49,0.4467,20.0000,20.0000,436,5000
32,20,2,PROPOSED,42.0000,11.49,0.5863,25.0000,30.0000,436,5000
32,20,2,RDP,25.0000,11.49,0.4467,20.0000,20.0000,436,5000
32,20,3,PROPOSED,34.0000,11.49,0.5914,26.0000,30.0000,436,5000
32,20,3,RDP,25.0000,11.49,0.4467,20.0000,20.0000,436,5000
32,20,4,PROPOSED,34.0000,11.65,0.5818,25.0000,30.0000,430,5000
32,20,4,RDP,25.0000,11.65,0.4475,20.0000,20.0000,430,5000
32,20,5,PROPOSED,30.0000,11.44,0.5831,26.0000,30.0000,438,5000
32,20,5,RDP,25.0000,11.44,0.4462,20.0000,20.0000,438,5000
32,20,6,PROPOSED,42.0000,11.11,0.5722,23.0000,30.0000,451,5000
32,20,6,RDP,25.0000,11.11,0.4421,20.0000,20.0000,451,5000
32,20,7,PROPOSED,40.0000,11.04,0.5690,23.0000,30.0000,454,5000
32,20,7,RDP,25.0000,11.04,0.4408,20.0000,20.0000,454,5000
32,20,8,PROPOSED,42.0000,11.23,0.5865,24.0000,30.0000,446,5000
32,20,8,RDP,25.0000,11.23,0.4440,20.0000,20.0000,446,5000
32,20,9,PROPOSED,42.0000,11.26,0.5860,23.0000,30.0000,445,5000
32,20,9,RDP,25.0000,11.26,0.4444,20.0000,20.0000,445,5000
64,2,0,PROPOSED,4.0000,1.56,0.4611,3.0000,4.0000,3200,5000
64,2,0,RDP,4.0000,1.56,0.4510,3.0000,4.0000,3200,5000
64,2,1,PROPOSED,4.0000,1.54,0.4544,3.0000,4.0000,3242,5000
64,2,1,RDP,4.0000,1.54,0.4379,3.0000,4.0000,3242,5000
64,2,2,PROPOSED,4.0000,1.54,0.4537,3.0000,4.0000,3250,5000
64,2,2,RDP,4.0000,1.54,0.4353,3.0000,4.0000,3250,5000
64,2,3,PROPOSED,4.0000,1.55,0.4566,3.0000,4.0000,3232,5000
64,2,3,RDP,4.0000,1.55,0.4411,3.0000,4.0000,3232,5000
64,2,4,PROPOSED,4.0000,1.55,0.4582,3.0000,4.0000,3222,5000
64,2,4,RDP,4.0000,1.55,0.4442,3.0000,4.0000,3222,5000
64,2,5,PROPOSED,4.0000,1.55,0.4592,3.0000,4.0000,3219,5000
64,2,5,RDP,4.0000,1.55,0.4455,3.0000,4.0000,3219,5000
64,2,6,PROPOSED,4.0000,1.56,0.4617,3.0000,4.0000,3198,5000
64,2,6,RDP,4.0000,1.56,0.4513,3.0000,4.0000,3198,5000
64,2,7,PROPOSED,4.0000,1.55,0.4571,3.0000,4.0000,3227,5000
64,2,7,RDP,4.0000,1.55,0.4430,3.0000,4.0000,3227,5000
64,2,8,PROPOSED,4.0000,1.54,0.4550,3.0000,4.0000,3244,5000
64,2,8,RDP,4.0000,1.54,0.4372,3.0000,4.0000,3244,5000
64,2,9,PROPOSED,4.0000,1.52,0.4414,3.0000,4.0000,3292,5000
64,2,9,RDP,4.0000,1.52,0.4210,2.0000,4.0000,3292,5000
64,3,0,PROPOSED,6.0000,2.07,0.4071,4.0000,4.0000,2412,5000
64,3,0,RDP,4.0000,2.07,0.3941,4.0000,4.0000,2412,5000
64,3,1,PROPOSED,6.0000,2.09,0.4020,4.0000,4.0000,2397,5000
64,3,1,RDP,4.0000,2.09,0.3886,4.0000,4.0000,2397,5000
64,3,2,PROPOSED,6.0000,2.07,0.4049,4.0000,4.0000,2415,5000
64,3,2,RDP,4.0000,2.07,0.3952,4.0000,4.0000,2415,5000
64,3,3,PROPOSED,6.0000,2.08,0.4077,4.0000,4.0000,2409,5000
64,3,3,RDP,4.0000,2.08,0.3930,4.0000,4.0000,2409,5000
64,3,4,PROPOSED,6.0000,2.06,0.4027,4.0000,4.0000,2430,5000
64,3,4,RDP,4.0000,2.06,0.4006,4.0000,4.0000,2430,5000
64,3,5,PROPOSED,4.0000,2.00,0.4158,4.0000,4.0000,2497,5000
64,3,5,RDP,4.0000,2.00,0.4232,4.0000,4.0000,2497,5000
64,3,6,PROPOSED,6.0000,2.04,0.4090,4.0000,4.0000,2450,5000
64,3,6,RDP,4.0000,2.04,0.4075,4.0000,4.0000,2450,5000
64,3,7,PROPOSED,6.0000,2.09,0.4028,4.0000,4.0000,2396,5000
64,3,7,RDP,4.0000,2.09,0.3882,4.0000,4.0000,2396,5000
64,3,8,PROPOSED,6.0000,2.10,0.4002,4.0000,4.0000,2385,5000
64,3,8,RDP,4.0000,2.10,0.3841,4.0000,4.0000,2385,5000
64,3,9,PROPOSED,6.0000,2.08,0.3973,4.0000,4.0000,2406,5000
64,3,9,RDP,4.0000,2.08,0.3919,4.0000,4.0000,2406,5000
64,5,0,PROPOSED,8.0000,3.15,0.5014,6.0000,6.0000,1590,5000
64,5,0,RDP,6.0000,3.15,0.4815,6.0000,6.0000,1590,5000
64,5,1,PROPOSED,6.0000,3.00,0.5004,6.0000,6.0000,1666,5000
64,5,1,RDP,6.0000,3.00,0.4762,6.0000,6.0000,1666,5000
64,5,2,PROPOSED,8.0000,3.07,0.4980,6.0000,6.0000,1630,5000
64,5,2,RDP,6.0000,3.07,0.4779,6.0000,6.0000,1630,5000
64,5,3,PROPOSED,8.0000,3.14,0.5028,6.0000,6.0000,1595,5000
64,5,3,RDP,6.0000,3.14,0.4802,6.0000,6.0000,1595,5000
64,5,4,PROPOSED,8.0000,3.09,0.5021,6.0000,6.0000,1619,5000
64,5,4,RDP,6.0000,3.09,0.4785,6.0000,6.0000,1619,5000
64,5,5,PROPOSED,8.0000,3.07,0.4967,6.0000,6.0000,1629,5000
64,5,5,RDP,6.0000,3.07,0.4782,6.0000,6.0000,1629,5000
64,5,6,PROPOSED,8.0000,3.11,0.4995,6.0000,6.0000,1608,5000
64,5,6,RDP,6.0000,3.11,0.4783,6.0000,6.0000,1608,5000
64,5,7,PROPOSED,8.0000,3.06,0.4987,6.0000,6.0000,1634,5000
64,5,7,RDP,6.0000,3.06,0.4778,6.0000,6.0000,1634,5000
64,5,8,PROPOSED,7.0000,3.04,0.4969,6.0000,6.0000,1648,5000
64,5,8,RDP,6.0000,3.04,0.4773,6.0000,6.0000,1648,5000
64,5,9,PROPOSED,7.0000,3.04,0.4963,6.0000,6.0000,1644,5000
64,5,9,RDP,6.0000,3.04,0.4774,6.0000,6.0000,1644,5000
64,8,0,PROPOSED,14.0000,4.55,0.5827,9.0000,11.0000,1100,5000
64,8,0,RDP,8.0000,4.55,0.5165,8.0000,8.0000,1100,5000
64,8,1,PROPOSED,14.0000,4.46,0.5669,9.0000,11.0000,1121,5000
64,8,1,RDP,8.0000,4.46,0.5188,8.0000,8.0000,1121,5000
64,8,2,PROPOSED,14.0000,4.40,0.5593,9.0000,11.0000,1137,5000
64,8,2,RDP,8.0000,4.40,0.5194,8.0000,8.0000,1137,5000
64,8,3,PROPOSED,14.0000,4.56,0.5741,9.0000,11.0000,1097,5000
64,8,3,RDP,10.0000,4.56,0.5176,8.0000,8.0000,1097,5000
64,8,4,PROPOSED,14.0000,4.67,0.5640,9.0000,11.0000,1071,5000
64,8,4,RDP,10.0000,4.67,0.5186,8.0000,10.0000,1071,5000
64,8,5,PROPOSED,14.0000,4.63,0.5739,9.0000,11.0000,1081,5000
64,8,5,RDP,10.0000,4.63,0.5184,8.0000,8.0000,1081,5000
64,8,6,PROPOSED,14.0000,4.62,0.5866,10.0000,11.0000,1082,5000
64,8,6,RDP,10.0000,4.62,0.5175,8.0000,8.0000,1082,5000
64,8,7,PROPOSED,14.0000,4.65,0.5674,9.0000,11.0000,1077,5000
64,8,7,RDP,10.0000,4.65,0.5185,8.0000,10.0000,1077,5000
64,8,8,PROPOSED,14.0000,4.69,0.5632,9.0000,11.0000,1068,5000
64,8,8,RDP,10.0000,4.69,0.5178,8.0000,10.0000,1068,5000
64,8,9,PROPOSED,14.0000,4.72,0.5720,10.0000,11.0000,1060,5000
64,8,9,RDP,10.0000,4.72,0.5178,8.0000,10.0000,1060,5000
64,10,0,PROPOSED,14.0000,5.66,0.4772,11.0000,12.0000,884,5000
64,10,0,RDP,10.0000,5.66,0.4814,10.0000,10.0000,884,5000
64,10,1,PROPOSED,13.0000,5.68,0.4812,11.0000,12.0000,881,5000
64,10,1,RDP,10.0000,5.68,0.4800,10.0000,10.0000,881,5000
64,10,2,PROPOSED,14.0000,5.76,0.4745,11.0000,12.0000,869,5000
64,10,2,RDP,10.0000,5.76,0.4747,10.0000,10.0000,869,5000
64,10,3,PROPOSED,14.0000,5.63,0.4848,11.0000,12.0000,889,5000
64,10,3,RDP,10.0000,5.63,0.4834,10.0000,10.0000,889,5000
64,10,4,PROPOSED,14.0000,5.73,0.4727,11.0000,12.0000,874,5000
64,10,4,RDP,10.0000,5.73,0.4771,10.0000,10.0000,874,5000
64,10,5,PROPOSED,13.0000,5.79,0.4835,11.0000,12.0000,865,5000
64,10,5,RDP,10.0000,5.79,0.4728,10.0000,10.0000,865,5000
64,10,6,PROPOSED,14.0000,5.70,0.4770,11.0000,12.0000,878,5000
64,10,6,RDP,10.0000,5.70,0.4789,10.0000,10.0000,878,5000
64,10,7,PROPOSED,13.0000,5.71,0.4867,11.0000,12.0000,876,5000
64,10,7,RDP,10.0000,5.71,0.4780,10.0000,10.0000,876,5000
64,10,8,PROPOSED,14.0000,5.73,0.4723,11.0000,12.0000,874,5000
64,10,8,RDP,10.0000,5.73,0.4771,10.0000,10.0000,874,5000
64,10,9,PROPOSED,14.0000,5.75,0.4853,11.0000,12.0000,870,5000
64,10,9,RDP,10.0000,5.75,0.4753,10.0000,10.0000,870,5000
64,15,0,PROPOSED,28.0000,8.22,0.4900,15.0000,18.0000,609,5000
64,15,0,RDP,14.0000,8.22,0.3960,14.0000,14.0000,609,5000
64,15,1,PROPOSED,27.0000,8.13,0.5293,15.0000,18.0000,616,5000
64,15,1,RDP,14.0000,8.13,0.3920,14.0000,14.0000,616,5000
64,15,2,PROPOSED,18.0000,8.12,0.4868,15.0000,18.0000,617,5000
64,15,2,RDP,14.0000,8.12,0.3913,14.0000,14.0000,617,5000
64,15,3,PROPOSED,28.0000,8.05,0.5115,15.0000,18.0000,622,5000
64,15,3,RDP,14.0000,8.05,0.3880,14.0000,14.0000,622,5000
64,15,4,PROPOSED,28.0000,8.10,0.5400,15.0000,18.0000,618,5000
64,15,4,RDP,14.0000,8.10,0.3907,14.0000,14.0000,618,5000
64,15,5,PROPOSED,28.0000,8.15,0.4995,15.0000,18.0000,614,5000
64,15,5,RDP,14.0000,8.15,0.3932,14.0000,14.0000,614,5000
64,15,6,PROPOSED,27.0000,8.35,0.4968,15.0000,18.0000,600,5000
64,15,6,RDP,14.0000,8.35,0.4005,14.0000,14.0000,600,5000
64,15,7,PROPOSED,28.0000,8.05,0.5219,14.0000,18.0000,622,5000
64,15,7,RDP,14.0000,8.05,0.3880,14.0000,14.0000,622,5000
64,15,8,PROPOSED,28.0000,8.30,0.5007,15.0000,18.0000,603,5000
64,15,8,RDP,14.0000,8.30,0.3991,14.0000,14.0000,603,5000
64,15,9,PROPOSED,28.0000,8.21,0.5063,14.0000,18.0000,610,5000
64,15,9,RDP,14.0000,8.21,0.3955,14.0000,14.0000,610,5000
64,20,0,PROPOSED,42.0000,10.61,0.6517,24.0000,30.0000,472,5000
64,20,0,RDP,25.0000,10.61,0.4299,20.0000,20.0000,472,5000
64,20,1,PROPOSED,42.0000,10.66,0.6169,23.0000,30.0000,470,5000
64,20,1,RDP,25.0000,10.66,0.4313,20.0000,20.0000,470,5000
64,20,2,PROPOSED,42.0000,10.52,0.5982,20.0000,30.0000,476,5000
64,20,2,RDP,25.0000,10.52,0.4267,20.0000,20.0000,476,5000
64,20,3,PROPOSED,36.0000,10.68,0.6517,25.0000,34.0000,469,5000
64,20,3,RDP,25.0000,10.68,0.4321,20.0000,20.0000,469,5000
64,20,4,PROPOSED,42.0000,10.68,0.6316,27.0000,30.0000,469,5000
64,20,4,RDP,25.0000,10.68,0.4321,20.0000,20.0000,469,5000
64,20,5,PROPOSED,34.0000,10.61,0.6109,21.0000,30.0000,472,5000
64,20,5,RDP,25.0000,10.61,0.4299,20.0000,20.0000,472,5000
64,20,6,PROPOSED,42.0000,10.70,0.6259,24.0000,30.0000,468,5000
64,20,6,RDP,25.0000,10.70,0.4327,20.0000,20.0000,468,5000
64,20,7,PROPOSED,42.0000,10.59,0.6223,23.0000,30.0000,473,5000
64,20,7,RDP,25.0000,10.59,0.4291,20.0000,20.0000,473,5000
64,20,8,PROPOSED,34.0000,10.64,0.6216,23.0000,30.0000,471,5000
64,20,8,RDP,25.0000,10.64,0.4306,20.0000,20.0000,471,5000
64,20,9,PROPOSED,34.0000,10.73,0.6210,24.0000,34.0000,467,5000
64,20,9,RDP,25.0000,10.73,0.4334,20.0000,20.0000,467,5000
128,2,0,PROPOSED,4.0000,1.54,0.4652,3.0000,4.0000,3242,5000
128,2,0,RDP,4.0000,1.54,0.4379,3.0000,4.0000,3242,5000
128,2,1,PROPOSED,4.0000,1.54,0.4647,3.0000,4.0000,3243,5000
128,2,1,RDP,4.0000,1.54,0.4380,3.0000,4.0000,3243,5000
128,2,2,PROPOSED,4.0000,1.54,0.4624,3.0000,4.0000,3256,5000
128,2,2,RDP,4.0000,1.54,0.4333,3.0000,4.0000,3256,5000
128,2,3,PROPOSED,4.0000,1.55,0.4660,3.0000,4.0000,3233,5000
128,2,3,RDP,4.0000,1.55,0.4412,3.0000,4.0000,3233,5000
128,2,4,PROPOSED,4.0000,1.53,0.4602,3.0000,4.0000,3273,5000
128,2,4,RDP,4.0000,1.53,0.4281,3.0000,4.0000,3273,5000
128,2,5,PROPOSED,4.0000,1.54,0.4648,3.0000,4.0000,3246,5000
128,2,5,RDP,4.0000,1.54,0.4366,3.0000,4.0000,3246,5000
128,2,6,PROPOSED,4.0000,1.54,0.4633,3.0000,4.0000,3256,5000
128,2,6,RDP,4.0000,1.54,0.4333,3.0000,4.0000,3256,5000
128,2,7,PROPOSED,4.0000,1.51,0.4492,3.0000,4.0000,3322,5000
128,2,7,RDP,4.0000,1.51,0.4099,2.0000,4.0000,3322,5000
128,2,8,PROPOSED,4.0000,1.53,0.4622,3.0000,4.0000,3259,5000
128,2,8,RDP,4.0000,1.53,0.4328,3.0000,4.0000,3259,5000
128,2,9,PROPOSED,4.0000,1.53,0.4620,3.0000,4.0000,3262,5000
128,2,9,RDP,4.0000,1.53,0.4313,3.0000,4.0000,3262,5000
128,3,0,PROPOSED,6.0000,2.02,0.4184,4.0000,4.0000,2473,5000
128,3,0,RDP,4.0000,2.02,0.4153,4.0000,4.0000,2473,5000
128,3,1,PROPOSED,6.0000,2.08,0.4249,4.0000,6.0000,2404,5000
128,3,1,RDP,4.0000,2.08,0.3912,4.0000,4.0000,2404,5000
128,3,2,PROPOSED,6.0000,2.02,0.4123,4.0000,4.0000,2477,5000
128,3,2,RDP,4.0000,2.02,0.4167,4.0000,4.0000,2477,5000
128,3,3,PROPOSED,6.0000,2.02,0.4123,4.0000,4.0000,2474,5000
128,3,3,RDP,4.0000,2.02,0.4157,4.0000,4.0000,2474,5000
128,3,4,PROPOSED,6.0000,2.08,0.4161,4.0000,4.0000,2405,5000
128,3,4,RDP,4.0000,2.08,0.3916,4.0000,4.0000,2405,5000
128,3,5,PROPOSED,6.0000,2.08,0.4058,4.0000,4.0000,2409,5000
128,3,5,RDP,4.0000,2.08,0.3930,4.0000,4.0000,2409,5000
128,3,6,PROPOSED,6.0000,2.04,0.4191,4.0000,4.0000,2449,5000
128,3,6,RDP,4.0000,2.04,0.4072,4.0000,4.0000,2449,5000
128,3,7,PROPOSED,6.0000,2.01,0.4121,4.0000,4.0000,2488,5000
128,3,7,RDP,4.0000,2.01,0.4203,4.0000,4.0000,2488,5000
128,3,8,PROPOSED,6.0000,2.04,0.4174,4.0000,4.0000,2453,5000
128,3,8,RDP,4.0000,2.04,0.4086,4.0000,4.0000,2453,5000
128,3,9,PROPOSED,6.0000,2.02,0.4119,4.0000,4.0000,2472,5000
128,3,9,RDP,4.0000,2.02,0.4150,4.0000,4.0000,2472,5000
128,5,0,PROPOSED,8.0000,3.00,0.5217,6.0000,6.0000,1665,5000
128,5,0,RDP,6.0000,3.00,0.4766,6.0000,6.0000,1665,5000
128,5,1,PROPOSED,8.0000,3.07,0.5184,6.0000,6.0000,1627,5000
128,5,1,RDP,6.0000,3.07,0.4783,6.0000,6.0000,1627,5000
128,5,2,PROPOSED,8.0000,3.10,0.5256,6.0000,8.0000,1615,5000
128,5,2,RDP,6.0000,3.10,0.4785,6.0000,6.0000,1615,5000
128,5,3,PROPOSED,8.0000,3.07,0.5215,6.0000,6.0000,1630,5000
128,5,3,RDP,6.0000,3.07,0.4779,6.0000,6.0000,1630,5000
128,5,4,PROPOSED,8.0000,3.06,0.5229,6.0000,6.0000,1636,5000
128,5,4,RDP,6.0000,3.06,0.4778,6.0000,6.0000,1636,5000
128,5,5,PROPOSED,8.0000,3.08,0.5226,6.0000,6.0000,1624,5000
128,5,5,RDP,6.0000,3.08,0.4781,6.0000,6.0000,1624,5000
128,5,6,PROPOSED,8.0000,3.08,0.5227,6.0000,6.0000,1623,5000
128,5,6,RDP,6.0000,3.08,0.4784,6.0000,6.0000,1623,5000
128,5,7,PROPOSED,8.0000,3.09,0.5185,6.0000,6.0000,1620,5000
128,5,7,RDP,6.0000,3.09,0.4782,6.0000,6.0000,1620,5000
128,5,8,PROPOSED,8.0000,3.10,0.5270,6.0000,6.0000,1612,5000
128,5,8,RDP,6.0000,3.10,0.4783,6.0000,6.0000,1612,5000
128,5,9,PROPOSED,8.0000,3.12,0.5266,6.0000,8.0000,1602,5000
128,5,9,RDP,6.0000,3.12,0.4784,6.0000,6.0000,1602,5000
128,8,0,PROPOSED,14.0000,4.57,0.5851,9.0000,11.0000,1095,5000
128,8,0,RDP,10.0000,4.57,0.5177,8.0000,8.0000,1095,5000
128,8,1,PROPOSED,14.0000,4.54,0.5866,9.0000,11.0000,1102,5000
128,8,1,RDP,8.0000,4.54,0.5174,8.0000,8.0000,1102,5000
128,8,2,PROPOSED,12.0000,4.55,0.5833,9.0000,11.0000,1099,5000
128,8,2,RDP,10.0000,4.55,0.5174,8.0000,8.0000,1099,5000
128,8,3,PROPOSED,12.0000,4.56,0.5845,9.0000,11.0000,1097,5000
128,8,3,RDP,10.0000,4.56,0.5176,8.0000,8.0000,1097,5000
128,8,4,PROPOSED,12.0000,4.57,0.5881,10.0000,11.0000,1094,5000
128,8,4,RDP,10.0000,4.57,0.5169,8.0000,8.0000,1094,5000
128,8,5,PROPOSED,12.0000,4.51,0.5898,9.0000,11.0000,1109,5000
128,8,5,RDP,8.0000,4.51,0.5180,8.0000,8.0000,1109,5000
128,8,6,PROPOSED,12.0000,4.52,0.5891,9.0000,11.0000,1106,5000
128,8,6,RDP,8.0000,4.52,0.5177,8.0000,8.0000,1106,5000
128,8,7,PROPOSED,14.0000,4.54,0.5893,9.0000,11.0000,1103,5000
128,8,7,RDP,8.0000,4.54,0.5175,8.0000,8.0000,1103,5000
128,8,8,PROPOSED,14.0000,4.55,0.5858,9.0000,11.0000,1100,5000
128,8,8,RDP,8.0000,4.55,0.5165,8.0000,8.0000,1100,5000
128,8,9,PROPOSED,14.0000,4.55,0.5803,9.0000,11.0000,1100,5000
128,8,9,RDP,8.0000,4.55,0.5165,8.0000,8.0000,1100,5000
128,10,0,PROPOSED,14.0000,5.42,0.5221,11.0000,12.0000,923,5000
128,10,0,RDP,10.0000,5.42,0.4963,10.0000,10.0000,923,5000
128,10,1,PROPOSED,14.0000,5.42,0.5267,11.0000,12.0000,924,5000
128,10,1,RDP,10.0000,5.42,0.4959,10.0000,10.0000,924,5000
128,10,2,PROPOSED,14.0000,5.40,0.5247,11.0000,12.0000,926,5000
128,10,2,RDP,10.0000,5.40,0.4965,10.0000,10.0000,926,5000
128,10,3,PROPOSED,13.0000,5.40,0.5259,11.0000,12.0000,926,5000
128,10,3,RDP,10.0000,5.40,0.4965,10.0000,10.0000,926,5000
128,10,4,PROPOSED,14.0000,5.43,0.5150,11.0000,12.0000,922,5000
128,10,4,RDP,10.0000,5.43,0.4953,10.0000,10.0000,922,5000
128,10,5,PROPOSED,14.0000,5.42,0.5261,11.0000,12.0000,924,5000
128,10,5,RDP,10.0000,5.42,0.4959,10.0000,10.0000,924,5000
128,10,6,PROPOSED,14.0000,5.47,0.5303,11.0000,12.0000,915,5000
128,10,6,RDP,10.0000,5.47,0.4937,10.0000,10.0000,915,5000
128,10,7,PROPOSED,13.0000,5.45,0.5142,11.0000,12.0000,918,5000
128,10,7,RDP,10.0000,5.45,0.4939,10.0000,10.0000,918,5000
128,10,8,PROPOSED,14.0000,5.45,0.5204,11.0000,12.0000,918,5000
128,10,8,RDP,10.0000,5.45,0.4939,10.0000,10.0000,918,5000
128,10,9,PROPOSED,14.0000,5.45,0.5164,11.0000,12.0000,918,5000
128,10,9,RDP,10.0000,5.45,0.4939,10.0000,10.0000,918,5000
128,15,0,PROPOSED,18.0000,7.44,0.5431,14.0000,18.0000,673,5000
128,15,0,RDP,14.0000,7.44,0.3368,10.0000,14.0000,673,5000
128,15,1,PROPOSED,28.0000,7.44,0.5706,14.0000,18.0000,673,5000
128,15,1,RDP,14.0000,7.44,0.3368,10.0000,14.0000,673,5000
128,15,2,PROPOSED,28.0000,7.48,0.5567,14.0000,18.0000,669,5000
128,15,2,RDP,14.0000,7.48,0.3421,10.0000,14.0000,669,5000
128,15,3,PROPOSED,28.0000,7.48,0.5737,14.0000,18.0000,669,5000
128,15,3,RDP,14.0000,7.48,0.3421,10.0000,14.0000,669,5000
128,15,4,PROPOSED,28.0000,7.53,0.5787,14.0000,18.0000,665,5000
128,15,4,RDP,14.0000,7.53,0.3472,14.0000,14.0000,665,5000
128,15,5,PROPOSED,18.0000,7.53,0.5485,14.0000,18.0000,665,5000
128,15,5,RDP,14.0000,7.53,0.3472,14.0000,14.0000,665,5000
128,15,6,PROPOSED,28.0000,7.47,0.5742,14.0000,18.0000,670,5000
128,15,6,RDP,14.0000,7.47,0.3408,10.0000,14.0000,670,5000
128,15,7,PROPOSED,28.0000,7.48,0.5535,14.0000,18.0000,669,5000
128,15,7,RDP,14.0000,7.48,0.3421,10.0000,14.0000,669,5000
128,15,8,PROPOSED,18.0000,7.53,0.5560,14.0000,18.0000,665,5000
128,15,8,RDP,14.0000,7.53,0.3472,14.0000,14.0000,665,5000
128,15,9,PROPOSED,27.0000,7.57,0.5565,14.0000,18.0000,661,5000
128,15,9,RDP,14.0000,7.57,0.3521,14.0000,14.0000,661,5000
128,20,0,PROPOSED,42.0000,9.29,0.6980,20.0000,30.0000,539,5000
128,20,0,RDP,18.0000,9.29,0.4086,18.0000,18.0000,539,5000
128,20,1,PROPOSED,42.0000,9.21,0.6940,20.0000,30.0000,544,5000
128,20,1,RDP,18.0000,9.21,0.4108,18.0000,18.0000,544,5000
128,20,2,PROPOSED,30.0000,9.31,0.6605,20.0000,28.0000,538,5000
128,20,2,RDP,18.0000,9.31,0.4102,18.0000,18.0000,538,5000
128,20,3,PROPOSED,42.0000,9.33,0.6865,20.0000,29.0000,537,5000
128,20,3,RDP,18.0000,9.33,0.4083,18.0000,18.0000,537,5000
128,20,4,PROPOSED,34.0000,9.31,0.6633,20.0000,30.0000,538,5000
128,20,4,RDP,18.0000,9.31,0.4102,18.0000,18.0000,538,5000
128,20,5,PROPOSED,42.0000,9.31,0.6941,20.0000,30.0000,538,5000
128,20,5,RDP,18.0000,9.31,0.4102,18.0000,18.0000,538,5000
128,20,6,PROPOSED,42.0000,9.34,0.7124,21.0000,30.0000,536,5000
128,20,6,RDP,18.0000,9.34,0.4099,18.0000,18.0000,536,5000
128,20,7,PROPOSED,42.0000,9.36,0.6698,20.0000,29.0000,535,5000
128,20,7,RDP,18.0000,9.36,0.4080,18.0000,18.0000,535,5000
128,20,8,PROPOSED,42.0000,9.31,0.6799,20.0000,30.0000,538,5000
128,20,8,RDP,18.0000,9.31,0.4102,18.0000,18.0000,538,5000
128,20,9,PROPOSED,42.0000,9.40,0.6934,20.0000,30.0000,533,5000
128,20,9,RDP,18.0000,9.40,0.4077,18.0000,18.0000,533,5000
256,2,0,PROPOSED,4.0000,1.47,0.4554,3.0000,4.0000,3410,5000
256,2,0,RDP,3.0000,1.47,0.3782,2.0000,3.0000,3410,5000
256,2,1,PROPOSED,4.0000,1.48,0.4617,3.0000,4.0000,3379,5000
256,2,1,RDP,4.0000,1.48,0.3872,2.0000,3.0000,3379,5000
256,2,2,PROPOSED,4.0000,1.48,0.4636,3.0000,4.0000,3371,5000
256,2,2,RDP,4.0000,1.48,0.3906,2.0000,3.0000,3371,5000
256,2,3,PROPOSED,4.0000,1.48,0.4623,3.0000,4.0000,3379,5000
256,2,3,RDP,4.0000,1.48,0.3872,2.0000,3.0000,3379,5000
256,2,4,PROPOSED,4.0000,1.48,0.4602,3.0000,4.0000,3382,5000
256,2,4,RDP,4.0000,1.48,0.3854,2.0000,3.0000,3382,5000
256,2,5,PROPOSED,4.0000,1.48,0.4641,3.0000,4.0000,3370,5000
256,2,5,RDP,4.0000,1.48,0.3905,2.0000,3.0000,3370,5000
256,2,6,PROPOSED,4.0000,1.47,0.4587,3.0000,4.0000,3400,5000
256,2,6,RDP,3.0000,1.47,0.3773,2.0000,3.0000,3400,5000
256,2,7,PROPOSED,4.0000,1.48,0.4618,3.0000,4.0000,3380,5000
256,2,7,RDP,4.0000,1.48,0.3862,2.0000,3.0000,3380,5000
256,2,8,PROPOSED,4.0000,1.48,0.4609,3.0000,4.0000,3386,5000
256,2,8,RDP,4.0000,1.48,0.3836,2.0000,3.0000,3386,5000
256,2,9,PROPOSED,4.0000,1.47,0.4573,3.0000,4.0000,3408,5000
256,2,9,RDP,3.0000,1.47,0.3780,2.0000,3.0000,3408,5000
256,3,0,PROPOSED,6.0000,1.97,0.4330,4.0000,4.0000,2535,5000
256,3,0,RDP,4.0000,1.97,0.4271,4.0000,4.0000,2535,5000
256,3,1,PROPOSED,6.0000,1.96,0.4423,4.0000,4.0000,2551,5000
256,3,1,RDP,4.0000,1.96,0.4282,4.0000,4.0000,2551,5000
256,3,2,PROPOSED,6.0000,1.96,0.4382,4.0000,4.0000,2556,5000
256,3,2,RDP,4.0000,1.96,0.4285,4.0000,4.0000,2556,5000
256,3,3,PROPOSED,6.0000,1.97,0.4334,4.0000,4.0000,2541,5000
256,3,3,RDP,4.0000,1.97,0.4275,4.0000,4.0000,2541,5000
256,3,4,PROPOSED,6.0000,1.98,0.4397,4.0000,4.0000,2525,5000
256,3,4,RDP,4.0000,1.98,0.4264,4.0000,4.0000,2525,5000
256,3,5,PROPOSED,6.0000,1.96,0.4391,4.0000,4.0000,2555,5000
256,3,5,RDP,4.0000,1.96,0.4285,4.0000,4.0000,2555,5000
256,3,6,PROPOSED,6.0000,1.98,0.4358,4.0000,4.0000,2528,5000
256,3,6,RDP,4.0000,1.98,0.4266,4.0000,4.0000,2528,5000
256,3,7,PROPOSED,6.0000,1.98,0.4382,4.0000,4.0000,2530,5000
256,3,7,RDP,4.0000,1.98,0.4268,4.0000,4.0000,2530,5000
256,3,8,PROPOSED,6.0000,1.98,0.4378,4.0000,4.0000,2527,5000
256,3,8,RDP,4.0000,1.98,0.4265,4.0000,4.0000,2527,5000
256,3,9,PROPOSED,6.0000,1.97,0.4333,4.0000,4.0000,2536,5000
256,3,9,RDP,4.0000,1.97,0.4272,4.0000,4.0000,2536,5000
256,5,0,PROPOSED,8.0000,2.88,0.5531,6.0000,6.0000,1739,5000
256,5,0,RDP,6.0000,2.88,0.4690,6.0000,6.0000,1739,5000
256,5,1,PROPOSED,8.0000,2.88,0.5531,6.0000,6.0000,1734,5000
256,5,1,RDP,6.0000,2.88,0.4694,6.0000,6.0000,1734,5000
256,5,2,PROPOSED,8.0000,2.88,0.5518,6.0000,6.0000,1737,5000
256,5,2,RDP,6.0000,2.88,0.4693,6.0000,6.0000,1737,5000
256,5,3,PROPOSED,8.0000,2.90,0.5547,6.0000,6.0000,1726,5000
256,5,3,RDP,6.0000,2.90,0.4704,6.0000,6.0000,1726,5000
256,5,4,PROPOSED,8.0000,2.88,0.5516,6.0000,6.0000,1737,5000
256,5,4,RDP,6.0000,2.88,0.4693,6.0000,6.0000,1737,5000
256,5,5,PROPOSED,8.0000,2.85,0.5542,6.0000,6.0000,1753,5000
256,5,5,RDP,6.0000,2.85,0.4669,6.0000,6.0000,1753,5000
256,5,6,PROPOSED,8.0000,2.89,0.5556,6.0000,6.0000,1732,5000
256,5,6,RDP,6.0000,2.89,0.4696,6.0000,6.0000,1732,5000
256,5,7,PROPOSED,8.0000,2.89,0.5508,6.0000,6.0000,1732,5000
256,5,7,RDP,6.0000,2.89,0.4696,6.0000,6.0000,1732,5000
256,5,8,PROPOSED,8.0000,2.89,0.5533,6.0000,6.0000,1729,5000
256,5,8,RDP,6.0000,2.89,0.4703,6.0000,6.0000,1729,5000
256,5,9,PROPOSED,8.0000,2.88,0.5561,6.0000,6.0000,1735,5000
256,5,9,RDP,6.0000,2.88,0.4695,6.0000,6.0000,1735,5000
256,8,0,PROPOSED,14.0000,4.06,0.6230,9.0000,11.0000,1231,5000
256,8,0,RDP,8.0000,4.06,0.5136,8.0000,8.0000,1231,5000
256,8,1,PROPOSED,12.0000,4.09,0.6251,9.0000,11.0000,1223,5000
256,8,1,RDP,8.0000,4.09,0.5148,8.0000,8.0000,1223,5000
256,8,2,PROPOSED,12.0000,4.06,0.6204,9.0000,10.0000,1231,5000
256,8,2,RDP,8.0000,4.06,0.5136,8.0000,8.0000,1231,5000
256,8,3,PROPOSED,14.0000,4.08,0.6225,9.0000,11.0000,1225,5000
256,8,3,RDP,8.0000,4.08,0.5145,8.0000,8.0000,1225,5000
256,8,4,PROPOSED,11.0000,4.06,0.6195,9.0000,11.0000,1233,5000
256,8,4,RDP,8.0000,4.06,0.5133,8.0000,8.0000,1233,5000
256,8,5,PROPOSED,12.0000,4.06,0.6318,9.0000,11.0000,1232,5000
256,8,5,RDP,8.0000,4.06,0.5135,8.0000,8.0000,1232,5000
256,8,6,PROPOSED,14.0000,4.05,0.6288,9.0000,11.0000,1234,5000
256,8,6,RDP,8.0000,4.05,0.5132,8.0000,8.0000,1234,5000
256,8,7,PROPOSED,12.0000,4.08,0.6279,9.0000,11.0000,1227,5000
256,8,7,RDP,8.0000,4.08,0.5142,8.0000,8.0000,1227,5000
256,8,8,PROPOSED,14.0000,4.08,0.6361,9.0000,11.0000,1225,5000
256,8,8,RDP,8.0000,4.08,0.5145,8.0000,8.0000,1225,5000
256,8,9,PROPOSED,14.0000,4.06,0.6345,9.0000,11.0000,1233,5000
256,8,9,RDP,8.0000,4.06,0.5133,8.0000,8.0000,1233,5000
256,10,0,PROPOSED,14.0000,4.75,0.5891,10.0000,12.0000,1053,5000
256,10,0,RDP,10.0000,4.75,0.5185,8.0000,10.0000,1053,5000
256,10,1,PROPOSED,14.0000,4.79,0.5878,10.0000,12.0000,1044,5000
256,10,1,RDP,10.0000,4.79,0.5174,8.0000,10.0000,1044,5000
256,10,2,PROPOSED,14.0000,4.76,0.5792,10.0000,12.0000,1051,5000
256,10,2,RDP,10.0000,4.76,0.5184,8.0000,10.0000,1051,5000
256,10,3,PROPOSED,14.0000,4.79,0.5930,10.0000,12.0000,1045,5000
256,10,3,RDP,10.0000,4.79,0.5182,8.0000,10.0000,1045,5000
256,10,4,PROPOSED,13.0000,4.79,0.5787,10.0000,11.0000,1044,5000
256,10,4,RDP,10.0000,4.79,0.5174,8.0000,10.0000,1044,5000
256,10,5,PROPOSED,13.0000,4.78,0.5821,10.0000,11.0000,1047,5000
256,10,5,RDP,10.0000,4.78,0.5183,8.0000,10.0000,1047,5000
256,10,6,PROPOSED,14.0000,4.80,0.5749,10.0000,11.0000,1042,5000
256,10,6,RDP,10.0000,4.80,0.5173,8.0000,10.0000,1042,5000
256,10,7,PROPOSED,14.0000,4.83,0.5937,10.0000,13.0000,1037,5000
256,10,7,RDP,10.0000,4.83,0.5178,8.0000,10.0000,1037,5000
256,10,8,PROPOSED,14.0000,4.79,0.5839,10.0000,12.0000,1045,5000
256,10,8,RDP,10.0000,4.79,0.5182,8.0000,10.0000,1045,5000
256,10,9,PROPOSED,14.0000,4.77,0.5875,10.0000,11.0000,1049,5000
256,10,9,RDP,10.0000,4.77,0.5184,8.0000,10.0000,1049,5000
256,15,0,PROPOSED,18.0000,6.30,0.6181,13.0000,18.0000,794,5000
256,15,0,RDP,10.0000,6.30,0.4289,10.0000,10.0000,794,5000
256,15,1,PROPOSED,18.0000,6.24,0.6152,13.0000,15.0000,802,5000
256,15,1,RDP,10.0000,6.24,0.4370,10.0000,10.0000,802,5000
256,15,2,PROPOSED,28.0000,6.29,0.6342,13.0000,18.0000,796,5000
256,15,2,RDP,10.0000,6.29,0.4311,10.0000,10.0000,796,5000
256,15,3,PROPOSED,18.0000,6.23,0.6111,13.0000,14.0000,803,5000
256,15,3,RDP,10.0000,6.23,0.4375,10.0000,10.0000,803,5000
256,15,4,PROPOSED,18.0000,6.27,0.6200,13.0000,18.0000,798,5000
256,15,4,RDP,10.0000,6.27,0.4334,10.0000,10.0000,798,5000
256,15,5,PROPOSED,18.0000,6.28,0.6201,13.0000,18.0000,797,5000
256,15,5,RDP,10.0000,6.28,0.4323,10.0000,10.0000,797,5000
256,15,6,PROPOSED,18.0000,6.31,0.6142,14.0000,18.0000,793,5000
256,15,6,RDP,10.0000,6.31,0.4277,10.0000,10.0000,793,5000
256,15,7,PROPOSED,18.0000,6.32,0.6208,14.0000,18.0000,792,5000
256,15,7,RDP,10.0000,6.32,0.4265,10.0000,10.0000,792,5000
256,15,8,PROPOSED,27.0000,6.28,0.6272,13.0000,18.0000,797,5000
256,15,8,RDP,10.0000,6.28,0.4323,10.0000,10.0000,797,5000
256,15,9,PROPOSED,19.0000,6.28,0.6207,13.0000,18.0000,797,5000
256,15,9,RDP,10.0000,6.28,0.4323,10.0000,10.0000,797,5000
256,20,0,PROPOSED,34.0000,7.53,0.7108,17.0000,28.0000,665,5000
256,20,0,RDP,14.0000,7.53,0.3472,14.0000,14.0000,665,5000
256,20,1,PROPOSED,42.0000,7.55,0.7405,18.0000,28.0000,663,5000
256,20,1,RDP,14.0000,7.55,0.3497,14.0000,14.0000,663,5000
256,20,2,PROPOSED,30.0000,7.54,0.7086,18.0000,25.0000,664,5000
256,20,2,RDP,14.0000,7.54,0.3485,14.0000,14.0000,664,5000
256,20,3,PROPOSED,30.0000,7.54,0.7252,19.0000,26.0000,664,5000
256,20,3,RDP,14.0000,7.54,0.3485,14.0000,14.0000,664,5000
256,20,4,PROPOSED,42.0000,7.54,0.7336,18.0000,28.0000,664,5000
256,20,4,RDP,14.0000,7.54,0.3485,14.0000,14.0000,664,5000
256,20,5,PROPOSED,42.0000,7.53,0.7527,15.0000,30.0000,665,5000
256,20,5,RDP,14.0000,7.53,0.3472,14.0000,14.0000,665,5000
256,20,6,PROPOSED,42.0000,7.53,0.7314,18.0000,28.0000,665,5000
256,20,6,RDP,14.0000,7.53,0.3472,14.0000,14.0000,665,5000
256,20,7,PROPOSED,42.0000,7.48,0.7210,14.0000,27.0000,669,5000
256,20,7,RDP,14.0000,7.48,0.3421,10.0000,14.0000,669,5000
256,20,8,PROPOSED,42.0000,7.55,0.7249,17.0000,25.0000,663,5000
256,20,8,RDP,14.0000,7.55,0.3497,14.0000,14.0000,663,5000
256,20,9,PROPOSED,30.0000,7.52,0.7178,18.0000,27.0000,666,5000
256,20,9,RDP,14.0000,7.52,0.3460,14.0000,14.0000,666,5000
512,2,0,PROPOSED,4.0000,1.37,0.4453,2.0000,4.0000,3640,5000
512,2,0,RDP,3.0000,1.37,0.3766,2.0000,3.0000,3640,5000
512,2,1,PROPOSED,4.0000,1.36,0.4380,2.0000,4.0000,3665,5000
512,2,1,RDP,3.0000,1.36,0.3674,2.0000,2.0000,3665,5000
512,2,2,PROPOSED,4.0000,1.37,0.4428,2.0000,4.0000,3650,5000
512,2,2,RDP,3.0000,1.37,0.3729,2.0000,3.0000,3650,5000
512,2,3,PROPOSED,4.0000,1.37,0.4439,2.0000,4.0000,3645,5000
512,2,3,RDP,3.0000,1.37,0.3748,2.0000,3.0000,3645,5000
512,2,4,PROPOSED,4.0000,1.36,0.4377,2.0000,4.0000,3665,5000
512,2,4,RDP,3.0000,1.36,0.3674,2.0000,2.0000,3665,5000
512,2,5,PROPOSED,4.0000,1.36,0.4382,2.0000,4.0000,3670,5000
512,2,5,RDP,3.0000,1.36,0.3655,2.0000,2.0000,3670,5000
512,2,6,PROPOSED,4.0000,1.36,0.4383,2.0000,4.0000,3674,5000
512,2,6,RDP,3.0000,1.36,0.3640,2.0000,2.0000,3674,5000
512,2,7,PROPOSED,4.0000,1.37,0.4452,2.0000,4.0000,3645,5000
512,2,7,RDP,3.0000,1.37,0.3748,2.0000,3.0000,3645,5000
512,2,8,PROPOSED,4.0000,1.37,0.4444,2.0000,4.0000,3643,5000
512,2,8,RDP,3.0000,1.37,0.3755,2.0000,3.0000,3643,5000
512,2,9,PROPOSED,4.0000,1.37,0.4436,2.0000,4.0000,3646,5000
512,2,9,RDP,3.0000,1.37,0.3744,2.0000,3.0000,3646,5000
512,3,0,PROPOSED,6.0000,1.80,0.4671,4.0000,4.0000,2784,5000
512,3,0,RDP,4.0000,1.80,0.4086,3.0000,4.0000,2784,5000
512,3,1,PROPOSED,6.0000,1.79,0.4620,4.0000,4.0000,2791,5000
512,3,1,RDP,4.0000,1.79,0.4079,3.0000,4.0000,2791,5000
512,3,2,PROPOSED,6.0000,1.80,0.4614,4.0000,4.0000,2780,5000
512,3,2,RDP,4.0000,1.80,0.4093,3.0000,4.0000,2780,5000
512,3,3,PROPOSED,6.0000,1.79,0.4684,4.0000,4.0000,2799,5000
512,3,3,RDP,4.0000,1.79,0.4065,3.0000,4.0000,2799,5000
512,3,4,PROPOSED,6.0000,1.79,0.4732,4.0000,4.0000,2799,5000
512,3,4,RDP,4.0000,1.79,0.4065,3.0000,4.0000,2799,5000
512,3,5,PROPOSED,6.0000,1.78,0.4677,4.0000,4.0000,2812,5000
512,3,5,RDP,4.0000,1.78,0.4087,3.0000,4.0000,2812,5000
512,3,6,PROPOSED,6.0000,1.78,0.4657,4.0000,4.0000,2816,5000
512,3,6,RDP,4.0000,1.78,0.4096,3.0000,4.0000,2816,5000
512,3,7,PROPOSED,6.0000,1.78,0.4662,4.0000,4.0000,2806,5000
512,3,7,RDP,4.0000,1.78,0.4073,3.0000,4.0000,2806,5000
512,3,8,PROPOSED,6.0000,1.79,0.4622,4.0000,4.0000,2795,5000
512,3,8,RDP,4.0000,1.79,0.4072,3.0000,4.0000,2795,5000
512,3,9,PROPOSED,6.0000,1.79,0.4675,4.0000,4.0000,2794,5000
512,3,9,RDP,4.0000,1.79,0.4069,3.0000,4.0000,2794,5000
512,5,0,PROPOSED,6.0000,2.50,0.5745,6.0000,6.0000,2001,5000
512,5,0,RDP,6.0000,2.50,0.4475,6.0000,6.0000,2001,5000
512,5,1,PROPOSED,8.0000,2.50,0.5763,6.0000,6.0000,2000,5000
512,5,1,RDP,6.0000,2.50,0.4473,6.0000,6.0000,2000,5000
512,5,2,PROPOSED,8.0000,2.51,0.5757,6.0000,6.0000,1995,5000
512,5,2,RDP,6.0000,2.51,0.4467,6.0000,6.0000,1995,5000
512,5,3,PROPOSED,8.0000,2.51,0.5757,6.0000,6.0000,1995,5000
512,5,3,RDP,6.0000,2.51,0.4467,6.0000,6.0000,1995,5000
512,5,4,PROPOSED,8.0000,2.50,0.5755,6.0000,6.0000,1997,5000
512,5,4,RDP,6.0000,2.50,0.4469,6.0000,6.0000,1997,5000
512,5,5,PROPOSED,6.0000,2.49,0.5724,6.0000,6.0000,2011,5000
512,5,5,RDP,6.0000,2.49,0.4488,4.0000,6.0000,2011,5000
512,5,6,PROPOSED,8.0000,2.52,0.5779,6.0000,6.0000,1988,5000
512,5,6,RDP,6.0000,2.52,0.4457,6.0000,6.0000,1988,5000
512,5,7,PROPOSED,8.0000,2.51,0.5771,6.0000,6.0000,1992,5000
512,5,7,RDP,6.0000,2.51,0.4463,6.0000,6.0000,1992,5000
512,5,8,PROPOSED,8.0000,2.49,0.5743,6.0000,6.0000,2006,5000
512,5,8,RDP,6.0000,2.49,0.4481,4.0000,6.0000,2006,5000
512,5,9,PROPOSED,8.0000,2.51,0.5754,6.0000,6.0000,1992,5000
512,5,9,RDP,6.0000,2.51,0.4463,6.0000,6.0000,1992,5000
512,8,0,PROPOSED,11.0000,3.36,0.6521,8.0000,10.0000,1489,5000
512,8,0,RDP,6.0000,3.36,0.4998,6.0000,6.0000,1489,5000
512,8,1,PROPOSED,11.0000,3.37,0.6568,8.0000,10.0000,1485,5000
512,8,1,RDP,6.0000,3.37,0.5002,6.0000,6.0000,1485,5000
512,8,2,PROPOSED,11.0000,3.37,0.6497,8.0000,10.0000,1484,5000
512,8,2,RDP,6.0000,3.37,0.5003,6.0000,6.0000,1484,5000
512,8,3,PROPOSED,11.0000,3.37,0.6504,8.0000,9.0000,1484,5000
512,8,3,RDP,6.0000,3.37,0.5003,6.0000,6.0000,1484,5000
512,8,4,PROPOSED,11.0000,3.36,0.6507,8.0000,9.0000,1487,5000
512,8,4,RDP,6.0000,3.36,0.5000,6.0000,6.0000,1487,5000
512,8,5,PROPOSED,11.0000,3.37,0.6549,8.0000,10.0000,1485,5000
512,8,5,RDP,6.0000,3.37,0.5002,6.0000,6.0000,1485,5000
512,8,6,PROPOSED,11.0000,3.35,0.6493,8.0000,9.0000,1493,5000
512,8,6,RDP,6.0000,3.35,0.4993,6.0000,6.0000,1493,5000
512,8,7,PROPOSED,11.0000,3.37,0.6565,8.0000,10.0000,1484,5000
512,8,7,RDP,6.0000,3.37,0.5003,6.0000,6.0000,1484,5000
512,8,8,PROPOSED,11.0000,3.36,0.6501,8.0000,9.0000,1487,5000
512,8,8,RDP,6.0000,3.36,0.5000,6.0000,6.0000,1487,5000
512,8,9,PROPOSED,11.0000,3.37,0.6530,8.0000,10.0000,1484,5000
512,8,9,RDP,6.0000,3.37,0.5003,6.0000,6.0000,1484,5000
512,10,0,PROPOSED,13.0000,3.83,0.6405,8.0000,11.0000,1305,5000
512,10,0,RDP,6.0000,3.83,0.4988,6.0000,6.0000,1305,5000
512,10,1,PROPOSED,13.0000,3.83,0.6388,8.0000,11.0000,1306,5000
512,10,1,RDP,6.0000,3.83,0.4990,6.0000,6.0000,1306,5000
512,10,2,PROPOSED,12.0000,3.85,0.6425,8.0000,11.0000,1301,5000
512,10,2,RDP,6.0000,3.85,0.4983,6.0000,6.0000,1301,5000
512,10,3,PROPOSED,13.0000,3.84,0.6475,9.0000,11.0000,1304,5000
512,10,3,RDP,6.0000,3.84,0.4987,6.0000,6.0000,1304,5000
512,10,4,PROPOSED,12.0000,3.82,0.6433,8.0000,11.0000,1308,5000
512,10,4,RDP,6.0000,3.82,0.4992,6.0000,6.0000,1308,5000
512,10,5,PROPOSED,14.0000,3.83,0.6363,8.0000,10.0000,1306,5000
512,10,5,RDP,6.0000,3.83,0.4990,6.0000,6.0000,1306,5000
512,10,6,PROPOSED,14.0000,3.82,0.6378,8.0000,10.0000,1308,5000
512,10,6,RDP,6.0000,3.82,0.4992,6.0000,6.0000,1308,5000
512,10,7,PROPOSED,14.0000,3.83,0.6430,8.0000,11.0000,1305,5000
512,10,7,RDP,6.0000,3.83,0.4988,6.0000,6.0000,1305,5000
512,10,8,PROPOSED,12.0000,3.84,0.6442,8.0000,11.0000,1303,5000
512,10,8,RDP,6.0000,3.84,0.4986,6.0000,6.0000,1303,5000
512,10,9,PROPOSED,13.0000,3.81,0.6441,8.0000,11.0000,1312,5000
512,10,9,RDP,6.0000,3.81,0.4997,6.0000,6.0000,1312,5000
512,15,0,PROPOSED,14.0000,4.76,0.6619,11.0000,14.0000,1051,5000
512,15,0,RDP,10.0000,4.76,0.5184,8.0000,10.0000,1051,5000
512,15,1,PROPOSED,14.0000,4.75,0.6662,11.0000,14.0000,1053,5000
512,15,1,RDP,10.0000,4.75,0.5185,8.0000,10.0000,1053,5000
512,15,2,PROPOSED,14.0000,4.76,0.6587,11.0000,14.0000,1051,5000
512,15,2,RDP,10.0000,4.76,0.5184,8.0000,10.0000,1051,5000
512,15,3,PROPOSED,14.0000,4.76,0.6470,11.0000,14.0000,1051,5000
512,15,3,RDP,10.0000,4.76,0.5184,8.0000,10.0000,1051,5000
512,15,4,PROPOSED,14.0000,4.76,0.6525,11.0000,14.0000,1052,5000
512,15,4,RDP,10.0000,4.76,0.5177,8.0000,10.0000,1052,5000
512,15,5,PROPOSED,14.0000,4.74,0.6751,11.0000,14.0000,1055,5000
512,15,5,RDP,10.0000,4.74,0.5185,8.0000,10.0000,1055,5000
512,15,6,PROPOSED,14.0000,4.74,0.6585,11.0000,14.0000,1055,5000
512,15,6,RDP,10.0000,4.74,0.5185,8.0000,10.0000,1055,5000
512,15,7,PROPOSED,14.0000,4.76,0.6567,11.0000,14.0000,1051,5000
512,15,7,RDP,10.0000,4.76,0.5184,8.0000,10.0000,1051,5000
512,15,8,PROPOSED,14.0000,4.76,0.6599,11.0000,14.0000,1051,5000
512,15,8,RDP,10.0000,4.76,0.5184,8.0000,10.0000,1051,5000
512,15,9,PROPOSED,14.0000,4.77,0.6628,11.0000,14.0000,1050,5000
512,15,9,RDP,10.0000,4.77,0.5176,8.0000,10.0000,1050,5000
512,20,0,PROPOSED,16.0000,5.42,0.6724,13.0000,14.0000,923,5000
512,20,0,RDP,10.0000,5.42,0.4963,10.0000,10.0000,923,5000
512,20,1,PROPOSED,19.0000,5.42,0.6702,13.0000,14.0000,923,5000
512,20,1,RDP,10.0000,5.42,0.4963,10.0000,10.0000,923,5000
512,20,2,PROPOSED,19.0000,5.43,0.6698,13.0000,14.0000,922,5000
512,20,2,RDP,10.0000,5.43,0.4953,10.0000,10.0000,922,5000
512,20,3,PROPOSED,19.0000,5.42,0.6762,13.0000,14.0000,923,5000
512,20,3,RDP,10.0000,5.42,0.4963,10.0000,10.0000,923,5000
512,20,4,PROPOSED,16.0000,5.43,0.6636,13.0000,14.0000,921,5000
512,20,4,RDP,10.0000,5.43,0.4957,10.0000,10.0000,921,5000
512,20,5,PROPOSED,19.0000,5.42,0.6754,13.0000,14.0000,923,5000
512,20,5,RDP,10.0000,5.42,0.4963,10.0000,10.0000,923,5000
512,20,6,PROPOSED,19.0000,5.43,0.6820,13.0000,14.0000,921,5000
512,20,6,RDP,10.0000,5.43,0.4957,10.0000,10.0000,921,5000
512,20,7,PROPOSED,19.0000,5.43,0.6719,12.0000,14.0000,922,5000
512,20,7,RDP,10.0000,5.43,0.4953,10.0000,10.0000,922,5000
512,20,8,PROPOSED,19.0000,5.43,0.6709,12.0000,14.0000,922,5000
512,20,8,RDP,10.0000,5.43,0.4953,10.0000,10.0000,922,5000
512,20,9,PROPOSED,15.0000,5.44,0.6608,13.0000,14.0000,920,5000
512,20,9,RDP,10.0000,5.44,0.4946,10.0000,10.0000,920,5000
1024,2,0,PROPOSED,3.0000,1.20,0.3518,2.0000,2.0000,4177,5000
1024,2,0,RDP,2.0000,1.20,0.3323,2.0000,2.0000,4177,5000
1024,2,1,PROPOSED,3.0000,1.20,0.3518,2.0000,2.0000,4178,5000
1024,2,1,RDP,2.0000,1.20,0.3322,2.0000,2.0000,4178,5000
1024,2,2,PROPOSED,3.0000,1.20,0.3531,2.0000,3.0000,4174,5000
1024,2,2,RDP,2.0000,1.20,0.3326,2.0000,2.0000,4174,5000
1024,2,3,PROPOSED,3.0000,1.20,0.3523,2.0000,2.0000,4177,5000
1024,2,3,RDP,2.0000,1.20,0.3323,2.0000,2.0000,4177,5000
1024,2,4,PROPOSED,3.0000,1.20,0.3541,2.0000,3.0000,4162,5000
1024,2,4,RDP,2.0000,1.20,0.3338,2.0000,2.0000,4162,5000
1024,2,5,PROPOSED,3.0000,1.21,0.3570,2.0000,3.0000,4140,5000
1024,2,5,RDP,2.0000,1.21,0.3359,2.0000,2.0000,4140,5000
1024,2,6,PROPOSED,3.0000,1.20,0.3541,2.0000,3.0000,4162,5000
1024,2,6,RDP,2.0000,1.20,0.3338,2.0000,2.0000,4162,5000
1024,2,7,PROPOSED,3.0000,1.20,0.3537,2.0000,3.0000,4167,5000
1024,2,7,RDP,2.0000,1.20,0.3333,2.0000,2.0000,4167,5000
1024,2,8,PROPOSED,3.0000,1.20,0.3535,2.0000,3.0000,4169,5000
1024,2,8,RDP,2.0000,1.20,0.3331,2.0000,2.0000,4169,5000
1024,2,9,PROPOSED,3.0000,1.20,0.3537,2.0000,3.0000,4167,5000
1024,2,9,RDP,2.0000,1.20,0.3333,2.0000,2.0000,4167,5000
1024,3,0,PROPOSED,4.0000,1.51,0.4762,3.0000,4.0000,3310,5000
1024,3,0,RDP,4.0000,1.51,0.4144,2.0000,4.0000,3310,5000
1024,3,1,PROPOSED,4.0000,1.50,0.4745,3.0000,4.0000,3325,5000
1024,3,1,RDP,4.0000,1.50,0.4092,2.0000,4.0000,3325,5000
1024,3,2,PROPOSED,4.0000,1.51,0.4744,3.0000,4.0000,3319,5000
1024,3,2,RDP,4.0000,1.51,0.4115,2.0000,4.0000,3319,5000
1024,3,3,PROPOSED,4.0000,1.51,0.4756,3.0000,4.0000,3312,5000
1024,3,3,RDP,4.0000,1.51,0.4136,2.0000,4.0000,3312,5000
1024,3,4,PROPOSED,4.0000,1.51,0.4755,3.0000,4.0000,3308,5000
1024,3,4,RDP,4.0000,1.51,0.4151,2.0000,4.0000,3308,5000
1024,3,5,PROPOSED,4.0000,1.51,0.4747,3.0000,4.0000,3309,5000
1024,3,5,RDP,4.0000,1.51,0.4152,2.0000,4.0000,3309,5000
1024,3,6,PROPOSED,4.0000,1.49,0.4708,3.0000,4.0000,3354,5000
1024,3,6,RDP,4.0000,1.49,0.3972,2.0000,3.0000,3354,5000
1024,3,7,PROPOSED,4.0000,1.51,0.4765,3.0000,4.0000,3305,5000
1024,3,7,RDP,4.0000,1.51,0.4167,2.0000,4.0000,3305,5000
1024,3,8,PROPOSED,4.0000,1.52,0.4768,3.0000,4.0000,3298,5000
1024,3,8,RDP,4.0000,1.52,0.4188,2.0000,4.0000,3298,5000
1024,3,9,PROPOSED,4.0000,1.51,0.4768,3.0000,4.0000,3315,5000
1024,3,9,RDP,4.0000,1.51,0.4130,2.0000,4.0000,3315,5000
1024,5,0,PROPOSED,6.0000,1.99,0.5598,4.0000,6.0000,2509,5000
1024,5,0,RDP,4.0000,1.99,0.4251,4.0000,4.0000,2509,5000
1024,5,1,PROPOSED,6.0000,2.00,0.5648,4.0000,6.0000,2504,5000
1024,5,1,RDP,4.0000,2.00,0.4247,4.0000,4.0000,2504,5000
1024,5,2,PROPOSED,6.0000,1.98,0.5607,4.0000,6.0000,2520,5000
1024,5,2,RDP,4.0000,1.98,0.4260,4.0000,4.0000,2520,5000
1024,5,3,PROPOSED,6.0000,2.00,0.5603,4.0000,6.0000,2505,5000
1024,5,3,RDP,4.0000,2.00,0.4248,4.0000,4.0000,2505,5000
1024,5,4,PROPOSED,6.0000,1.98,0.5572,4.0000,6.0000,2520,5000
1024,5,4,RDP,4.0000,1.98,0.4260,4.0000,4.0000,2520,5000
1024,5,5,PROPOSED,6.0000,1.99,0.5614,4.0000,6.0000,2509,5000
1024,5,5,RDP,4.0000,1.99,0.4251,4.0000,4.0000,2509,5000
1024,5,6,PROPOSED,6.0000,1.99,0.5581,4.0000,6.0000,2510,5000
1024,5,6,RDP,4.0000,1.99,0.4252,4.0000,4.0000,2510,5000
1024,5,7,PROPOSED,6.0000,1.99,0.5626,4.0000,6.0000,2511,5000
1024,5,7,RDP,4.0000,1.99,0.4253,4.0000,4.0000,2511,5000
1024,5,8,PROPOSED,6.0000,1.99,0.5606,4.0000,6.0000,2518,5000
1024,5,8,RDP,4.0000,1.99,0.4258,4.0000,4.0000,2518,5000
1024,5,9,PROPOSED,6.0000,1.98,0.5543,4.0000,6.0000,2523,5000
1024,5,9,RDP,4.0000,1.98,0.4262,4.0000,4.0000,2523,5000
1024,8,0,PROPOSED,6.0000,2.50,0.5821,6.0000,6.0000,2001,5000
1024,8,0,RDP,6.0000,2.50,0.4475,6.0000,6.0000,2001,5000
1024,8,1,PROPOSED,6.0000,2.50,0.5821,6.0000,6.0000,1999,5000
1024,8,1,RDP,6.0000,2.50,0.4472,6.0000,6.0000,1999,5000
1024,8,2,PROPOSED,6.0000,2.51,0.5825,6.0000,6.0000,1996,5000
1024,8,2,RDP,6.0000,2.51,0.4468,6.0000,6.0000,1996,5000
1024,8,3,PROPOSED,6.0000,2.50,0.5824,6.0000,6.0000,1998,5000
1024,8,3,RDP,6.0000,2.50,0.4471,6.0000,6.0000,1998,5000
1024,8,4,PROPOSED,6.0000,2.49,0.5826,6.0000,6.0000,2008,5000
1024,8,4,RDP,6.0000,2.49,0.4484,4.0000,6.0000,2008,5000
1024,8,5,PROPOSED,6.0000,2.50,0.5818,6.0000,6.0000,1999,5000
1024,8,5,RDP,6.0000,2.50,0.4472,6.0000,6.0000,1999,5000
1024,8,6,PROPOSED,6.0000,2.51,0.5827,6.0000,6.0000,1994,5000
1024,8,6,RDP,6.0000,2.51,0.4465,6.0000,6.0000,1994,5000
1024,8,7,PROPOSED,6.0000,2.50,0.5813,6.0000,6.0000,1998,5000
1024,8,7,RDP,6.0000,2.50,0.4471,6.0000,6.0000,1998,5000
1024,8,8,PROPOSED,6.0000,2.49,0.5819,6.0000,6.0000,2005,5000
1024,8,8,RDP,6.0000,2.49,0.4480,4.0000,6.0000,2005,5000
1024,8,9,PROPOSED,6.0000,2.50,0.5827,6.0000,6.0000,2004,5000
1024,8,9,RDP,6.0000,2.50,0.4479,4.0000,6.0000,2004,5000
1024,10,0,PROPOSED,9.0000,2.74,0.6066,6.0000,6.0000,1826,5000
1024,10,0,RDP,6.0000,2.74,0.4522,6.0000,6.0000,1826,5000
1024,10,1,PROPOSED,9.0000,2.75,0.6073,6.0000,6.0000,1820,5000
1024,10,1,RDP,6.0000,2.75,0.4536,6.0000,6.0000,1820,5000
1024,10,2,PROPOSED,8.0000,2.75,0.6039,6.0000,6.0000,1820,5000
1024,10,2,RDP,6.0000,2.75,0.4536,6.0000,6.0000,1820,5000
1024,10,3,PROPOSED,8.0000,2.75,0.6074,6.0000,6.0000,1820,5000
1024,10,3,RDP,6.0000,2.75,0.4536,6.0000,6.0000,1820,5000
1024,10,4,PROPOSED,9.0000,2.75,0.6100,6.0000,6.0000,1819,5000
1024,10,4,RDP,6.0000,2.75,0.4542,6.0000,6.0000,1819,5000
1024,10,5,PROPOSED,9.0000,2.74,0.6083,6.0000,6.0000,1827,5000
1024,10,5,RDP,6.0000,2.74,0.4523,6.0000,6.0000,1827,5000
1024,10,6,PROPOSED,9.0000,2.75,0.6027,6.0000,6.0000,1819,5000
1024,10,6,RDP,6.0000,2.75,0.4542,6.0000,6.0000,1819,5000
1024,10,7,PROPOSED,9.0000,2.75,0.6070,6.0000,6.0000,1820,5000
1024,10,7,RDP,6.0000,2.75,0.4536,6.0000,6.0000,1820,5000
1024,10,8,PROPOSED,9.0000,2.74,0.6064,6.0000,6.0000,1823,5000
1024,10,8,RDP,6.0000,2.74,0.4532,6.0000,6.0000,1823,5000
1024,10,9,PROPOSED,9.0000,2.75,0.6081,6.0000,6.0000,1821,5000
1024,10,9,RDP,6.0000,2.75,0.4537,6.0000,6.0000,1821,5000
1024,15,0,PROPOSED,11.0000,3.19,0.6297,6.0000,8.0000,1569,5000
1024,15,0,RDP,6.0000,3.19,0.4865,6.0000,6.0000,1569,5000
1024,15,1,PROPOSED,11.0000,3.19,0.6240,6.0000,8.0000,1566,5000
1024,15,1,RDP,6.0000,3.19,0.4871,6.0000,6.0000,1566,5000
1024,15,2,PROPOSED,11.0000,3.19,0.6272,6.0000,9.0000,1568,5000
1024,15,2,RDP,6.0000,3.19,0.4867,6.0000,6.0000,1568,5000
1024,15,3,PROPOSED,11.0000,3.19,0.6278,6.0000,8.0000,1568,5000
1024,15,3,RDP,6.0000,3.19,0.4867,6.0000,6.0000,1568,5000
1024,15,4,PROPOSED,11.0000,3.20,0.6230,6.0000,9.0000,1565,5000
1024,15,4,RDP,6.0000,3.20,0.4873,6.0000,6.0000,1565,5000
1024,15,5,PROPOSED,10.0000,3.19,0.6213,6.0000,8.0000,1567,5000
1024,15,5,RDP,6.0000,3.19,0.4869,6.0000,6.0000,1567,5000
1024,15,6,PROPOSED,11.0000,3.19,0.6279,6.0000,9.0000,1566,5000
1024,15,6,RDP,6.0000,3.19,0.4871,6.0000,6.0000,1566,5000
1024,15,7,PROPOSED,10.0000,3.19,0.6194,6.0000,9.0000,1570,5000
1024,15,7,RDP,6.0000,3.19,0.4862,6.0000,6.0000,1570,5000
1024,15,8,PROPOSED,11.0000,3.19,0.6303,6.0000,9.0000,1567,5000
1024,15,8,RDP,6.0000,3.19,0.4869,6.0000,6.0000,1567,5000
1024,15,9,PROPOSED,11.0000,3.19,0.6293,6.0000,9.0000,1570,5000
1024,15,9,RDP,6.0000,3.19,0.4862,6.0000,6.0000,1570,5000
1024,20,0,PROPOSED,13.0000,3.46,0.6190,6.0000,9.0000,1445,5000
1024,20,0,RDP,6.0000,3.46,0.5035,6.0000,6.0000,1445,5000
1024,20,1,PROPOSED,12.0000,3.47,0.6223,6.0000,10.0000,1442,5000
1024,20,1,RDP,6.0000,3.47,0.5036,6.0000,6.0000,1442,5000
1024,20,2,PROPOSED,13.0000,3.47,0.6273,7.0000,10.0000,1440,5000
1024,20,2,RDP,6.0000,3.47,0.5037,6.0000,6.0000,1440,5000
1024,20,3,PROPOSED,12.0000,3.48,0.6272,6.0000,10.0000,1439,5000
1024,20,3,RDP,6.0000,3.48,0.5038,6.0000,6.0000,1439,5000
1024,20,4,PROPOSED,12.0000,3.49,0.6170,7.0000,10.0000,1433,5000
1024,20,4,RDP,6.0000,3.49,0.5041,6.0000,6.0000,1433,5000
1024,20,5,PROPOSED,13.0000,3.48,0.6187,6.0000,10.0000,1437,5000
1024,20,5,RDP,6.0000,3.48,0.5039,6.0000,6.0000,1437,5000
1024,20,6,PROPOSED,11.0000,3.49,0.6206,7.0000,10.0000,1434,5000
1024,20,6,RDP,6.0000,3.49,0.5040,6.0000,6.0000,1434,5000
1024,20,7,PROPOSED,13.0000,3.47,0.6251,6.0000,10.0000,1440,5000
1024,20,7,RDP,6.0000,3.47,0.5037,6.0000,6.0000,1440,5000
1024,20,8,PROPOSED,13.0000,3.48,0.6233,7.0000,10.0000,1437,5000
1024,20,8,RDP,6.0000,3.48,0.5039,6.0000,6.0000,1437,5000
1024,20,9,PROPOSED,13.0000,3.46,0.6212,6.0000,10.0000,1445,5000
1024,20,9,RDP,6.0000,3.46,0.5035,6.0000,6.0000,1445,5000
