buf_size,overload,trial,method,snr_db,spec_corr_global,sc_q1,sc_q2,sc_q3,sc_q4,n_q1,n_q2,n_q3,n_q4,max_gap,n_surviving
64,3,0,PROPOSED,16.6681,0.9920,0.9998,0.9986,0.9948,0.9885,275,240,229,234,5.0000,978
64,3,0,RDP,20.2909,0.9969,0.9984,0.9979,0.9987,0.9987,107,190,304,377,18.0000,978
64,3,1,PROPOSED,16.4694,0.9916,0.9998,0.9984,0.9952,0.9873,272,236,227,231,5.0000,966
64,3,1,RDP,19.9293,0.9966,0.9980,0.9979,0.9986,0.9986,104,188,300,374,18.0000,966
64,3,2,PROPOSED,16.4400,0.9916,0.9998,0.9985,0.9949,0.9869,275,237,229,230,5.0000,971
64,3,2,RDP,20.1110,0.9967,0.9982,0.9979,0.9986,0.9986,106,189,301,375,18.0000,971
64,3,3,PROPOSED,16.5669,0.9917,0.9998,0.9985,0.9948,0.9881,277,241,231,231,5.0000,980
64,3,3,RDP,20.3437,0.9970,0.9984,0.9979,0.9987,0.9986,108,190,304,378,18.0000,980
64,3,4,PROPOSED,16.4239,0.9915,0.9998,0.9985,0.9950,0.9875,273,238,226,230,5.0000,967
64,3,4,RDP,19.9494,0.9966,0.9980,0.9979,0.9986,0.9986,104,188,301,374,18.0000,967
64,5,0,PROPOSED,8.5668,0.9233,0.9992,0.9951,0.9877,0.7970,201,153,145,150,9.0000,649
64,5,0,RDP,13.8638,0.9863,0.9923,0.9916,0.9924,0.9931,56,136,182,275,21.0000,649
64,5,1,PROPOSED,8.5455,0.9245,0.9993,0.9948,0.9873,0.7970,203,150,147,150,9.0000,650
64,5,1,RDP,13.8813,0.9863,0.9923,0.9916,0.9925,0.9931,56,136,183,275,21.0000,650
64,5,2,PROPOSED,8.2250,0.9227,0.9994,0.9944,0.9863,0.7719,202,149,148,149,10.0000,648
64,5,2,RDP,13.8631,0.9862,0.9923,0.9916,0.9924,0.9931,56,136,181,275,21.0000,648
64,5,3,PROPOSED,8.6098,0.9241,0.9993,0.9953,0.9874,0.8025,202,149,148,150,9.0000,649
64,5,3,RDP,13.8638,0.9863,0.9923,0.9916,0.9924,0.9931,56,136,182,275,21.0000,649
64,5,4,PROPOSED,8.3950,0.9233,0.9993,0.9932,0.9874,0.7859,204,151,149,150,9.0000,654
64,5,4,RDP,13.9621,0.9866,0.9923,0.9920,0.9927,0.9932,56,138,184,276,21.0000,654
64,8,0,PROPOSED,3.4309,0.7401,0.9981,0.9896,0.5631,0.3102,147,105,97,99,23.0000,448
64,8,0,RDP,10.0662,0.9678,0.9856,0.9778,0.9896,0.9799,43,95,132,178,21.0000,448
64,8,1,PROPOSED,3.5116,0.7494,0.9981,0.9888,0.5840,0.2739,148,103,96,99,19.0000,446
64,8,1,RDP,10.0336,0.9676,0.9856,0.9766,0.9896,0.9799,43,93,132,178,21.0000,446
64,8,2,PROPOSED,3.6767,0.7653,0.9979,0.9871,0.6406,0.3083,148,103,98,99,23.0000,448
64,8,2,RDP,10.0662,0.9678,0.9856,0.9778,0.9896,0.9799,43,95,132,178,21.0000,448
64,8,3,PROPOSED,3.4247,0.7482,0.9972,0.9876,0.6065,0.2929,145,106,98,98,21.0000,447
64,8,3,RDP,10.0306,0.9677,0.9856,0.9757,0.9896,0.9799,43,94,132,178,21.0000,447
64,8,4,PROPOSED,3.4185,0.7422,0.9978,0.9902,0.5947,0.3058,148,103,94,102,23.0000,447
64,8,4,RDP,10.0306,0.9677,0.9856,0.9757,0.9896,0.9799,43,94,132,178,21.0000,447
64,10,0,PROPOSED,2.1697,0.6721,0.9966,0.9637,0.3138,0.1476,128,90,75,83,23.0000,376
64,10,0,RDP,3.2637,0.7712,0.6627,0.5694,0.9896,0.8707,31,57,132,156,158.0000,376
64,10,1,PROPOSED,2.1911,0.6669,0.9969,0.9133,0.3534,0.1554,128,88,78,83,27.0000,377
64,10,1,RDP,3.4039,0.7850,0.6627,0.6167,0.9896,0.8707,31,58,132,156,158.0000,377
64,10,2,PROPOSED,2.2751,0.6697,0.9974,0.8872,0.3941,0.1223,130,86,79,82,25.0000,377
64,10,2,RDP,3.4039,0.7850,0.6627,0.6167,0.9896,0.8707,31,58,132,156,158.0000,377
64,10,3,PROPOSED,2.3055,0.6745,0.9966,0.9250,0.3906,0.1338,127,90,78,81,23.0000,376
64,10,3,RDP,3.2637,0.7712,0.6627,0.5694,0.9896,0.8707,31,57,132,156,158.0000,376
64,10,4,PROPOSED,2.2678,0.6735,0.9970,0.9278,0.3631,0.1411,126,91,76,83,24.0000,376
64,10,4,RDP,3.2637,0.7712,0.6627,0.5694,0.9896,0.8707,31,57,132,156,158.0000,376
64,15,0,PROPOSED,1.0088,0.5569,0.9912,0.6756,0.0925,0.0493,100,68,49,60,45.0000,277
64,15,0,RDP,0.9111,0.6386,0.5086,0.3496,0.9365,0.3343,26,34,124,93,272.0000,277
64,15,1,PROPOSED,0.7784,0.5515,0.9893,0.6932,0.0938,-0.0269,100,68,53,55,37.0000,276
64,15,1,RDP,0.9506,0.6359,0.5086,0.3496,0.9365,0.3513,26,34,124,92,272.0000,276
64,15,2,PROPOSED,1.1487,0.5809,0.9901,0.6964,0.1412,0.0173,97,68,51,59,39.0000,275
64,15,2,RDP,0.9115,0.6341,0.5086,0.3496,0.9365,0.3302,26,34,124,91,272.0000,275
64,15,3,PROPOSED,0.9900,0.5710,0.9897,0.6971,0.1416,-0.0210,99,69,51,58,39.0000,277
64,15,3,RDP,0.9111,0.6386,0.5086,0.3496,0.9365,0.3343,26,34,124,93,272.0000,277
64,15,4,PROPOSED,1.0159,0.5644,0.9883,0.6462,0.1322,0.0453,99,67,51,60,56.0000,277
64,15,4,RDP,0.9111,0.6386,0.5086,0.3496,0.9365,0.3343,26,34,124,93,272.0000,277
128,3,0,PROPOSED,17.0003,0.9925,0.9998,0.9987,0.9950,0.9887,317,245,229,241,5.0000,1032
128,3,0,RDP,21.3728,0.9976,0.9989,0.9981,0.9988,0.9990,115,212,316,389,18.0000,1032
128,3,1,PROPOSED,17.0229,0.9927,0.9998,0.9988,0.9950,0.9889,317,246,227,241,5.0000,1031
128,3,1,RDP,21.3689,0.9976,0.9989,0.9981,0.9988,0.9990,115,212,315,389,18.0000,1031
128,3,2,PROPOSED,16.9934,0.9926,0.9998,0.9987,0.9949,0.9889,314,244,228,241,5.0000,1027
128,3,2,RDP,21.2507,0.9975,0.9988,0.9981,0.9988,0.9990,114,209,315,389,18.0000,1027
128,3,3,PROPOSED,17.2223,0.9929,0.9998,0.9988,0.9952,0.9896,323,248,233,245,5.0000,1049
128,3,3,RDP,21.8135,0.9978,0.9988,0.9984,0.9990,0.9991,116,217,323,393,18.0000,1049
128,3,4,PROPOSED,17.4406,0.9932,0.9998,0.9988,0.9956,0.9896,329,254,240,246,5.0000,1069
128,3,4,RDP,22.2489,0.9980,0.9989,0.9987,0.9991,0.9991,117,228,329,395,18.0000,1069
128,5,0,PROPOSED,11.0087,0.9648,0.9996,0.9949,0.9884,0.9319,249,161,148,169,8.0000,727
128,5,0,RDP,15.2386,0.9903,0.9937,0.9954,0.9945,0.9948,61,159,212,295,20.0000,727
128,5,1,PROPOSED,9.6744,0.9438,0.9996,0.9958,0.9892,0.8603,243,164,148,161,8.0000,716
128,5,1,RDP,15.0565,0.9897,0.9936,0.9953,0.9940,0.9947,58,157,207,294,20.0000,716
128,5,2,PROPOSED,10.8761,0.9612,0.9996,0.9955,0.9885,0.9255,243,161,145,167,8.0000,716
128,5,2,RDP,15.0565,0.9897,0.9936,0.9953,0.9940,0.9947,58,157,207,294,20.0000,716
128,5,3,PROPOSED,9.9394,0.9485,0.9995,0.9952,0.9890,0.8803,241,163,148,163,9.0000,715
128,5,3,RDP,14.9786,0.9893,0.9928,0.9953,0.9940,0.9947,57,157,207,294,21.0000,715
128,5,4,PROPOSED,9.5063,0.9428,0.9997,0.9957,0.9869,0.8710,245,159,154,158,9.0000,716
128,5,4,RDP,15.0565,0.9897,0.9936,0.9953,0.9940,0.9947,58,157,207,294,20.0000,716
128,8,0,PROPOSED,4.7683,0.8161,0.9976,0.9836,0.8864,0.3525,178,115,118,102,23.0000,513
128,8,0,RDP,11.6107,0.9765,0.9879,0.9887,0.9896,0.9850,48,117,132,216,21.0000,513
128,8,1,PROPOSED,4.5064,0.7929,0.9981,0.9855,0.8431,0.3217,177,116,118,102,23.0000,513
128,8,1,RDP,11.6107,0.9765,0.9879,0.9887,0.9896,0.9850,48,117,132,216,21.0000,513
128,8,2,PROPOSED,4.8468,0.8000,0.9980,0.9889,0.9077,0.3051,176,113,120,102,23.0000,511
128,8,2,RDP,11.5780,0.9767,0.9879,0.9880,0.9896,0.9848,48,116,132,215,21.0000,511
128,8,3,PROPOSED,4.6091,0.8001,0.9983,0.9868,0.8805,0.2879,177,117,118,101,22.0000,513
128,8,3,RDP,11.6107,0.9765,0.9879,0.9887,0.9896,0.9850,48,117,132,216,21.0000,513
128,8,4,PROPOSED,4.7610,0.8085,0.9978,0.9868,0.9110,0.3270,177,117,122,98,22.0000,514
128,8,4,RDP,11.6308,0.9766,0.9879,0.9887,0.9896,0.9852,48,117,132,217,21.0000,514
128,10,0,PROPOSED,3.6776,0.7363,0.9972,0.9822,0.7811,0.1507,153,99,106,83,33.0000,441
128,10,0,RDP,9.8899,0.9657,0.9856,0.9717,0.9896,0.9799,43,88,132,178,21.0000,441
128,10,1,PROPOSED,3.7465,0.7446,0.9970,0.9825,0.7938,0.1890,151,102,106,83,26.0000,442
128,10,1,RDP,9.9271,0.9666,0.9856,0.9732,0.9896,0.9799,43,89,132,178,21.0000,442
128,10,2,PROPOSED,3.3492,0.7190,0.9958,0.9793,0.7112,0.1386,149,103,104,84,30.0000,440
128,10,2,RDP,8.9913,0.9621,0.9700,0.9717,0.9896,0.9799,42,88,132,178,36.0000,440
128,10,3,PROPOSED,3.8063,0.7510,0.9966,0.9848,0.7464,0.1943,151,103,104,83,24.0000,441
128,10,3,RDP,9.8899,0.9657,0.9856,0.9717,0.9896,0.9799,43,88,132,178,21.0000,441
128,10,4,PROPOSED,3.6380,0.7350,0.9968,0.9810,0.7366,0.1871,152,99,103,86,25.0000,440
128,10,4,RDP,8.9913,0.9621,0.9700,0.9717,0.9896,0.9799,42,88,132,178,36.0000,440
128,15,0,PROPOSED,2.5400,0.6803,0.9938,0.9806,0.5120,-0.0067,113,88,82,57,21.0000,340
128,15,0,RDP,2.2761,0.7377,0.6209,0.5013,0.9821,0.7006,29,46,130,135,158.0000,340
128,15,1,PROPOSED,2.4933,0.6717,0.9933,0.9831,0.5163,-0.0222,113,89,81,57,39.0000,340
128,15,1,RDP,2.2761,0.7377,0.6209,0.5013,0.9821,0.7006,29,46,130,135,158.0000,340
128,15,2,PROPOSED,2.4455,0.6849,0.9942,0.9822,0.5099,-0.0052,113,88,81,59,20.0000,341
128,15,2,RDP,2.3314,0.7391,0.6209,0.5013,0.9821,0.7241,29,46,130,136,158.0000,341
128,15,3,PROPOSED,2.5427,0.6642,0.9942,0.9836,0.4917,-0.0086,114,88,82,55,25.0000,339
128,15,3,RDP,2.2892,0.7376,0.6209,0.5013,0.9821,0.7072,29,46,130,134,158.0000,339
128,15,4,PROPOSED,2.3836,0.6653,0.9949,0.9856,0.4490,-0.0045,116,88,75,56,36.0000,335
128,15,4,RDP,2.2266,0.7337,0.6209,0.5013,0.9821,0.6857,29,46,130,130,158.0000,335
256,3,0,PROPOSED,18.4400,0.9948,0.9999,0.9989,0.9962,0.9921,394,259,246,268,5.0000,1167
256,3,0,RDP,24.6512,0.9988,0.9993,0.9991,0.9994,0.9995,131,262,359,415,16.0000,1167
256,3,1,PROPOSED,18.3458,0.9946,0.9999,0.9989,0.9964,0.9922,396,256,244,266,5.0000,1162
256,3,1,RDP,24.5595,0.9988,0.9993,0.9991,0.9994,0.9995,131,260,357,414,16.0000,1162
256,3,2,PROPOSED,18.3152,0.9946,0.9999,0.9990,0.9962,0.9922,395,258,243,266,5.0000,1162
256,3,2,RDP,24.5595,0.9988,0.9993,0.9991,0.9994,0.9995,131,260,357,414,16.0000,1162
256,3,3,PROPOSED,18.3198,0.9946,0.9999,0.9989,0.9962,0.9922,395,257,243,266,5.0000,1161
256,3,3,RDP,24.5356,0.9988,0.9993,0.9991,0.9994,0.9995,131,259,357,414,16.0000,1161
256,3,4,PROPOSED,18.2834,0.9946,0.9999,0.9989,0.9961,0.9922,397,256,241,266,5.0000,1160
256,3,4,RDP,24.4954,0.9987,0.9993,0.9991,0.9994,0.9995,130,259,357,414,16.0000,1160
256,5,0,PROPOSED,14.4802,0.9864,0.9998,0.9972,0.9894,0.9855,298,183,141,223,6.0000,845
256,5,0,RDP,17.5668,0.9941,0.9965,0.9977,0.9973,0.9968,80,175,258,332,18.0000,845
256,5,1,PROPOSED,14.3821,0.9861,0.9998,0.9972,0.9895,0.9854,297,183,139,221,6.0000,840
256,5,1,RDP,17.5107,0.9940,0.9965,0.9977,0.9972,0.9966,80,175,256,329,18.0000,840
256,5,2,PROPOSED,14.6595,0.9872,0.9998,0.9972,0.9890,0.9861,298,186,145,224,6.0000,853
256,5,2,RDP,17.7266,0.9942,0.9964,0.9977,0.9976,0.9969,81,175,263,334,18.0000,853
256,5,3,PROPOSED,14.4026,0.9861,0.9998,0.9972,0.9889,0.9855,297,183,139,222,6.0000,841
256,5,3,RDP,17.5288,0.9940,0.9965,0.9977,0.9972,0.9967,80,175,256,330,18.0000,841
256,5,4,PROPOSED,14.4016,0.9862,0.9998,0.9972,0.9895,0.9855,298,183,139,222,6.0000,842
256,5,4,RDP,17.5271,0.9940,0.9965,0.9977,0.9972,0.9967,80,175,257,330,18.0000,842
256,8,0,PROPOSED,7.9400,0.9083,0.9990,0.9909,0.9893,0.7129,225,142,132,141,19.0000,640
256,8,0,RDP,13.7592,0.9855,0.9921,0.9916,0.9921,0.9924,55,136,179,270,21.0000,640
256,8,1,PROPOSED,7.9599,0.9160,0.9990,0.9901,0.9893,0.7218,224,143,132,142,19.0000,641
256,8,1,RDP,13.7813,0.9857,0.9921,0.9916,0.9925,0.9924,55,136,180,270,21.0000,641
256,8,2,PROPOSED,8.1348,0.9188,0.9990,0.9895,0.9893,0.7279,225,143,132,142,13.0000,642
256,8,2,RDP,13.7819,0.9857,0.9921,0.9916,0.9925,0.9925,55,136,180,271,21.0000,642
256,8,3,PROPOSED,8.0714,0.9176,0.9989,0.9914,0.9893,0.7289,223,146,132,142,16.0000,643
256,8,3,RDP,13.7966,0.9858,0.9921,0.9916,0.9925,0.9927,55,136,180,272,21.0000,643
256,8,4,PROPOSED,7.8322,0.9079,0.9989,0.9898,0.9893,0.7142,224,143,132,142,19.0000,641
256,8,4,RDP,13.7813,0.9857,0.9921,0.9916,0.9925,0.9924,55,136,180,270,21.0000,641
256,10,0,PROPOSED,7.2279,0.8955,0.9980,0.9824,0.9891,0.6603,190,115,132,131,24.0000,568
256,10,0,RDP,12.6212,0.9811,0.9903,0.9905,0.9894,0.9888,52,129,143,244,21.0000,568
256,10,1,PROPOSED,7.3848,0.8932,0.9978,0.9833,0.9886,0.6859,190,117,132,131,24.0000,570
256,10,1,RDP,12.6350,0.9810,0.9903,0.9905,0.9901,0.9892,52,129,144,245,21.0000,570
256,10,2,PROPOSED,7.1390,0.8940,0.9981,0.9836,0.9889,0.6526,191,116,132,131,16.0000,570
256,10,2,RDP,12.6350,0.9810,0.9903,0.9905,0.9901,0.9892,52,129,144,245,21.0000,570
256,10,3,PROPOSED,6.9594,0.8845,0.9978,0.9837,0.9886,0.6172,189,116,132,130,24.0000,567
256,10,3,RDP,12.5958,0.9811,0.9903,0.9905,0.9894,0.9888,52,128,143,244,21.0000,567
256,10,4,PROPOSED,7.1949,0.8947,0.9980,0.9838,0.9884,0.6516,190,115,132,131,14.0000,568
256,10,4,RDP,12.6212,0.9811,0.9903,0.9905,0.9894,0.9888,52,129,143,244,21.0000,568
256,15,0,PROPOSED,5.8264,0.8428,0.9955,0.9820,0.9864,0.4231,146,93,132,99,20.0000,470
256,15,0,RDP,10.7063,0.9734,0.9875,0.9853,0.9896,0.9823,46,105,132,187,21.0000,470
256,15,1,PROPOSED,5.7338,0.8427,0.9956,0.9840,0.9881,0.3865,145,93,132,97,20.0000,467
256,15,1,RDP,10.6219,0.9726,0.9875,0.9844,0.9896,0.9819,46,103,132,186,21.0000,467
256,15,2,PROPOSED,5.7894,0.8442,0.9959,0.9827,0.9863,0.4042,147,93,132,97,20.0000,469
256,15,2,RDP,10.6577,0.9730,0.9875,0.9846,0.9896,0.9823,46,104,132,187,21.0000,469
256,15,3,PROPOSED,5.3322,0.8305,0.9959,0.9842,0.9876,0.3312,143,93,132,98,20.0000,466
256,15,3,RDP,10.6006,0.9729,0.9875,0.9846,0.9896,0.9819,46,102,132,186,21.0000,466
256,15,4,PROPOSED,5.5041,0.8324,0.9959,0.9852,0.9888,0.3659,144,94,132,97,21.0000,467
256,15,4,RDP,10.6219,0.9726,0.9875,0.9844,0.9896,0.9819,46,103,132,186,21.0000,467
512,3,0,PROPOSED,21.6741,0.9977,1.0000,0.9993,0.9981,0.9970,488,313,280,335,4.0000,1416
512,3,0,RDP,31.5569,0.9997,0.9998,0.9998,0.9999,0.9999,177,360,428,451,9.0000,1416
512,3,1,PROPOSED,21.6650,0.9977,1.0000,0.9993,0.9981,0.9970,488,312,280,335,4.0000,1415
512,3,1,RDP,31.5440,0.9997,0.9998,0.9998,0.9999,0.9999,177,359,428,451,9.0000,1415
512,3,2,PROPOSED,21.6744,0.9977,1.0000,0.9993,0.9981,0.9970,488,314,280,335,4.0000,1417
512,3,2,RDP,31.6064,0.9997,0.9998,0.9998,0.9999,0.9999,178,360,428,451,9.0000,1417
512,3,3,PROPOSED,21.6773,0.9977,1.0000,0.9993,0.9981,0.9971,488,312,278,336,4.0000,1414
512,3,3,RDP,31.5150,0.9997,0.9998,0.9998,0.9999,0.9999,177,359,427,451,9.0000,1414
512,3,4,PROPOSED,21.6733,0.9977,1.0000,0.9993,0.9981,0.9971,488,311,278,336,4.0000,1413
512,3,4,RDP,31.4858,0.9997,0.9998,0.9998,0.9999,0.9999,177,358,427,451,9.0000,1413
512,5,0,PROPOSED,18.4982,0.9949,0.9998,0.9983,0.9949,0.9951,370,204,223,304,5.0000,1101
512,5,0,RDP,23.1063,0.9983,0.9991,0.9988,0.9992,0.9993,121,238,340,402,16.0000,1101
512,5,1,PROPOSED,18.4840,0.9949,0.9998,0.9983,0.9949,0.9952,369,204,223,303,5.0000,1099
512,5,1,RDP,23.0807,0.9983,0.9991,0.9988,0.9992,0.9993,121,237,339,402,16.0000,1099
512,5,2,PROPOSED,18.4848,0.9949,0.9998,0.9983,0.9949,0.9952,370,204,223,303,5.0000,1100
512,5,2,RDP,23.1072,0.9983,0.9991,0.9988,0.9992,0.9993,121,238,339,402,16.0000,1100
512,5,3,PROPOSED,18.4840,0.9949,0.9998,0.9983,0.9949,0.9952,369,204,223,303,5.0000,1099
512,5,3,RDP,23.0807,0.9983,0.9991,0.9988,0.9992,0.9993,121,237,339,402,16.0000,1099
512,5,4,PROPOSED,18.5344,0.9949,0.9998,0.9983,0.9949,0.9951,369,204,224,304,5.0000,1101
512,5,4,RDP,23.1063,0.9983,0.9991,0.9988,0.9992,0.9993,121,238,340,402,16.0000,1101
512,8,0,PROPOSED,15.7431,0.9901,0.9994,0.9953,0.9921,0.9925,286,167,176,268,6.0000,897
512,8,0,RDP,18.5868,0.9954,0.9974,0.9978,0.9979,0.9977,89,178,276,354,18.0000,897
512,8,1,PROPOSED,15.7431,0.9901,0.9994,0.9953,0.9921,0.9925,286,167,176,268,6.0000,897
512,8,1,RDP,18.5868,0.9954,0.9974,0.9978,0.9979,0.9977,89,178,276,354,18.0000,897
512,8,2,PROPOSED,15.7431,0.9901,0.9994,0.9953,0.9921,0.9925,286,167,176,268,6.0000,897
512,8,2,RDP,18.5868,0.9954,0.9974,0.9978,0.9979,0.9977,89,178,276,354,18.0000,897
512,8,3,PROPOSED,15.6984,0.9900,0.9994,0.9948,0.9921,0.9925,286,166,176,268,6.0000,896
512,8,3,RDP,18.5418,0.9954,0.9974,0.9978,0.9979,0.9977,88,178,276,354,18.0000,896
512,8,4,PROPOSED,15.7595,0.9901,0.9994,0.9953,0.9921,0.9926,287,167,176,269,6.0000,899
512,8,4,RDP,18.6068,0.9954,0.9974,0.9978,0.9980,0.9977,89,178,278,354,18.0000,899
512,10,0,PROPOSED,15.0432,0.9889,0.9989,0.9934,0.9920,0.9920,251,148,166,262,7.0000,827
512,10,0,RDP,17.1714,0.9933,0.9959,0.9976,0.9967,0.9965,76,174,249,328,19.0000,827
512,10,1,PROPOSED,14.9920,0.9888,0.9989,0.9934,0.9920,0.9918,250,148,165,261,7.0000,824
512,10,1,RDP,17.1482,0.9933,0.9959,0.9976,0.9966,0.9965,76,174,246,328,19.0000,824
512,10,2,PROPOSED,15.0127,0.9888,0.9989,0.9934,0.9920,0.9920,250,148,165,262,7.0000,825
512,10,2,RDP,17.1668,0.9933,0.9959,0.9976,0.9966,0.9965,76,174,247,328,19.0000,825
512,10,3,PROPOSED,15.0127,0.9888,0.9989,0.9934,0.9920,0.9920,250,148,165,262,7.0000,825
512,10,3,RDP,17.1668,0.9933,0.9959,0.9976,0.9966,0.9965,76,174,247,328,19.0000,825
512,10,4,PROPOSED,15.0431,0.9889,0.9989,0.9934,0.9920,0.9920,250,148,166,262,7.0000,826
512,10,4,RDP,17.1733,0.9933,0.9959,0.9976,0.9966,0.9965,76,174,248,328,19.0000,826
512,15,0,PROPOSED,14.1078,0.9860,0.9964,0.9908,0.9907,0.9906,185,131,156,255,9.0000,727
512,15,0,RDP,15.2386,0.9903,0.9937,0.9954,0.9945,0.9948,61,159,212,295,20.0000,727
512,15,1,PROPOSED,14.0780,0.9858,0.9964,0.9908,0.9906,0.9903,185,131,155,254,9.0000,725
512,15,1,RDP,15.2143,0.9903,0.9937,0.9954,0.9942,0.9948,61,159,210,295,20.0000,725
512,15,2,PROPOSED,14.0961,0.9859,0.9964,0.9908,0.9906,0.9906,185,131,155,255,9.0000,726
512,15,2,RDP,15.2307,0.9903,0.9937,0.9954,0.9944,0.9948,61,159,211,295,20.0000,726
512,15,3,PROPOSED,14.0701,0.9857,0.9964,0.9908,0.9907,0.9903,185,131,154,254,9.0000,724
512,15,3,RDP,15.1989,0.9902,0.9937,0.9954,0.9941,0.9948,61,159,209,295,20.0000,724
512,15,4,PROPOSED,14.0719,0.9857,0.9965,0.9908,0.9906,0.9903,184,131,155,254,9.0000,724
512,15,4,RDP,15.1989,0.9902,0.9937,0.9954,0.9941,0.9948,61,159,209,295,20.0000,724
