alpha,overload,trial,method,snr_db,spec_corr_global,max_gap,n_surviving
0,5,0,PROPOSED,32.8455,0.9999,8.0000,842
0.0000,5,0,RDP,35.8084,0.9999,6.0000,842
0.0000,5,1,PROPOSED,32.8211,0.9999,9.0000,842
0.0000,5,1,RDP,35.8084,0.9999,6.0000,842
0.0000,5,2,PROPOSED,32.9052,0.9999,8.0000,841
0.0000,5,2,RDP,35.7843,0.9999,6.0000,841
0.0000,5,3,PROPOSED,32.8757,0.9999,8.0000,847
0.0000,5,3,RDP,35.9307,0.9999,6.0000,847
0.0000,5,4,PROPOSED,32.9526,0.9999,8.0000,845
0.0000,5,4,RDP,35.8813,0.9999,6.0000,845
0.0000,10,0,PROPOSED,25.5432,0.9995,13.0000,570
0.0000,10,0,RDP,30.0687,0.9998,8.0000,570
0.0000,10,1,PROPOSED,25.0300,0.9995,13.0000,568
0.0000,10,1,RDP,29.9981,0.9998,8.0000,568
0.0000,10,2,PROPOSED,25.3617,0.9995,13.0000,568
0.0000,10,2,RDP,29.9981,0.9998,8.0000,568
0.0000,10,3,PROPOSED,25.4862,0.9995,13.0000,568
0.0000,10,3,RDP,29.9981,0.9998,8.0000,568
0.0000,10,4,PROPOSED,25.3139,0.9995,13.0000,569
0.0000,10,4,RDP,30.0333,0.9998,8.0000,569
0.0000,15,0,PROPOSED,22.4926,0.9990,16.0000,468
0.0000,15,0,RDP,27.3745,0.9997,8.0000,468
0.0000,15,1,PROPOSED,22.1222,0.9988,17.0000,468
0.0000,15,1,RDP,27.3745,0.9997,8.0000,468
0.0000,15,2,PROPOSED,22.4997,0.9989,15.0000,469
0.0000,15,2,RDP,27.3947,0.9997,8.0000,469
0.0000,15,3,PROPOSED,22.1362,0.9988,15.0000,467
0.0000,15,3,RDP,27.3544,0.9997,8.0000,467
0.0000,15,4,PROPOSED,22.2464,0.9989,14.0000,467
0.0000,15,4,RDP,27.3544,0.9997,8.0000,467
0.1000,5,0,PROPOSED,30.3155,0.9999,9.0000,846
0.1000,5,0,RDP,34.3017,0.9999,8.0000,846
0.1000,5,1,PROPOSED,30.3190,0.9999,8.0000,843
0.1000,5,1,RDP,34.2363,0.9999,8.0000,843
0.1000,5,2,PROPOSED,30.5583,0.9999,9.0000,845
0.1000,5,2,RDP,34.2671,0.9999,8.0000,845
0.1000,5,3,PROPOSED,30.2539,0.9999,9.0000,842
0.1000,5,3,RDP,34.2397,0.9999,8.0000,842
0.1000,5,4,PROPOSED,30.1240,0.9999,9.0000,846
0.1000,5,4,RDP,34.3017,0.9999,8.0000,846
0.1000,10,0,PROPOSED,24.3404,0.9995,11.0000,569
0.1000,10,0,RDP,27.3975,0.9997,8.0000,569
0.1000,10,1,PROPOSED,24.9802,0.9995,10.0000,568
0.1000,10,1,RDP,27.3773,0.9997,8.0000,568
0.1000,10,2,PROPOSED,23.9230,0.9994,11.0000,574
0.1000,10,2,RDP,27.5002,0.9997,8.0000,574
0.1000,10,3,PROPOSED,24.6179,0.9995,11.0000,568
0.1000,10,3,RDP,27.3773,0.9997,8.0000,568
0.1000,10,4,PROPOSED,24.8779,0.9995,11.0000,569
0.1000,10,4,RDP,27.3975,0.9997,8.0000,569
0.1000,15,0,PROPOSED,20.6550,0.9985,12.0000,468
0.1000,15,0,RDP,25.5797,0.9995,10.0000,468
0.1000,15,1,PROPOSED,20.9525,0.9987,12.0000,468
0.1000,15,1,RDP,25.5797,0.9995,10.0000,468
0.1000,15,2,PROPOSED,20.5395,0.9985,14.0000,469
0.1000,15,2,RDP,25.6153,0.9995,10.0000,469
0.1000,15,3,PROPOSED,21.1581,0.9988,12.0000,474
0.1000,15,3,RDP,25.7979,0.9995,10.0000,474
0.1000,15,4,PROPOSED,20.9574,0.9987,12.0000,468
0.1000,15,4,RDP,25.5797,0.9995,10.0000,468
0.2000,5,0,PROPOSED,27.7802,0.9997,9.0000,840
0.2000,5,0,RDP,31.9003,0.9998,8.0000,840
0.2000,5,1,PROPOSED,27.8629,0.9997,9.0000,840
0.2000,5,1,RDP,31.9003,0.9998,8.0000,840
0.2000,5,2,PROPOSED,28.0360,0.9997,9.0000,841
0.2000,5,2,RDP,31.9104,0.9998,8.0000,841
0.2000,5,3,PROPOSED,27.8823,0.9997,10.0000,843
0.2000,5,3,RDP,31.9306,0.9998,8.0000,843
0.2000,5,4,PROPOSED,27.7497,0.9997,9.0000,842
0.2000,5,4,RDP,31.9205,0.9998,8.0000,842
0.2000,10,0,PROPOSED,22.0211,0.9990,12.0000,568
0.2000,10,0,RDP,25.6107,0.9994,10.0000,568
0.2000,10,1,PROPOSED,22.1923,0.9990,12.0000,578
0.2000,10,1,RDP,25.9836,0.9995,10.0000,578
0.2000,10,2,PROPOSED,21.7109,0.9989,11.0000,568
0.2000,10,2,RDP,25.6107,0.9994,10.0000,568
0.2000,10,3,PROPOSED,21.6241,0.9989,12.0000,569
0.2000,10,3,RDP,25.6466,0.9994,10.0000,569
0.2000,10,4,PROPOSED,21.6340,0.9989,12.0000,568
0.2000,10,4,RDP,25.6107,0.9994,10.0000,568
0.2000,15,0,PROPOSED,18.6174,0.9975,13.0000,470
0.2000,15,0,RDP,22.9373,0.9988,10.0000,470
0.2000,15,1,PROPOSED,18.9965,0.9978,12.0000,469
0.2000,15,1,RDP,22.8940,0.9987,10.0000,469
0.2000,15,2,PROPOSED,19.0714,0.9980,14.0000,466
0.2000,15,2,RDP,22.8090,0.9988,10.0000,466
0.2000,15,3,PROPOSED,19.1767,0.9981,13.0000,470
0.2000,15,3,RDP,22.9373,0.9988,10.0000,470
0.2000,15,4,PROPOSED,19.2894,0.9981,12.0000,467
0.2000,15,4,RDP,22.8371,0.9988,10.0000,467
0.3000,5,0,PROPOSED,25.4739,0.9995,9.0000,846
0.3000,5,0,RDP,30.4219,0.9997,8.0000,846
0.3000,5,1,PROPOSED,25.5942,0.9995,9.0000,844
0.3000,5,1,RDP,30.3921,0.9997,8.0000,844
0.3000,5,2,PROPOSED,25.5729,0.9995,9.0000,845
0.3000,5,2,RDP,30.4070,0.9997,8.0000,845
0.3000,5,3,PROPOSED,25.6787,0.9995,9.0000,847
0.3000,5,3,RDP,30.4368,0.9997,8.0000,847
0.3000,5,4,PROPOSED,25.8899,0.9995,9.0000,848
0.3000,5,4,RDP,30.4518,0.9997,8.0000,848
0.3000,10,0,PROPOSED,19.7144,0.9982,13.0000,575
0.3000,10,0,RDP,23.8607,0.9990,10.0000,575
0.3000,10,1,PROPOSED,19.5948,0.9981,14.0000,570
0.3000,10,1,RDP,23.7409,0.9990,10.0000,570
0.3000,10,2,PROPOSED,19.2184,0.9978,14.0000,569
0.3000,10,2,RDP,23.7173,0.9990,10.0000,569
0.3000,10,3,PROPOSED,19.3414,0.9979,13.0000,568
0.3000,10,3,RDP,23.6938,0.9990,10.0000,568
0.3000,10,4,PROPOSED,19.3303,0.9980,12.0000,569
0.3000,10,4,RDP,23.7173,0.9990,10.0000,569
0.3000,15,0,PROPOSED,16.2289,0.9951,14.0000,470
0.3000,15,0,RDP,19.3570,0.9979,10.0000,470
0.3000,15,1,PROPOSED,16.2298,0.9948,15.0000,468
0.3000,15,1,RDP,19.2477,0.9978,10.0000,468
0.3000,15,2,PROPOSED,16.6846,0.9960,15.0000,469
0.3000,15,2,RDP,19.3020,0.9979,10.0000,469
0.3000,15,3,PROPOSED,16.2474,0.9949,14.0000,469
0.3000,15,3,RDP,19.3020,0.9979,10.0000,469
0.3000,15,4,PROPOSED,16.9413,0.9959,15.0000,470
0.3000,15,4,RDP,19.3570,0.9979,10.0000,470
0.4000,5,0,PROPOSED,24.6160,0.9993,11.0000,843
0.4000,5,0,RDP,28.1621,0.9995,8.0000,843
0.4000,5,1,PROPOSED,24.7203,0.9994,11.0000,847
0.4000,5,1,RDP,28.2208,0.9996,8.0000,847
0.4000,5,2,PROPOSED,24.8776,0.9994,11.0000,839
0.4000,5,2,RDP,28.1036,0.9995,8.0000,839
0.4000,5,3,PROPOSED,24.8522,0.9993,11.0000,842
0.4000,5,3,RDP,28.1476,0.9995,8.0000,842
0.4000,5,4,PROPOSED,24.9250,0.9993,9.0000,850
0.4000,5,4,RDP,28.2653,0.9996,8.0000,850
0.4000,10,0,PROPOSED,19.0355,0.9979,13.0000,569
0.4000,10,0,RDP,23.4860,0.9990,10.0000,569
0.4000,10,1,PROPOSED,18.8886,0.9979,14.0000,571
0.4000,10,1,RDP,23.6298,0.9990,10.0000,571
0.4000,10,2,PROPOSED,19.0595,0.9979,13.0000,569
0.4000,10,2,RDP,23.4860,0.9990,10.0000,569
0.4000,10,3,PROPOSED,19.4255,0.9982,13.0000,569
0.4000,10,3,RDP,23.4860,0.9990,10.0000,569
0.4000,10,4,PROPOSED,18.7838,0.9979,15.0000,569
0.4000,10,4,RDP,23.4860,0.9990,10.0000,569
0.4000,15,0,PROPOSED,15.9159,0.9954,15.0000,471
0.4000,15,0,RDP,18.7802,0.9973,10.0000,471
0.4000,15,1,PROPOSED,16.2145,0.9958,16.0000,470
0.4000,15,1,RDP,18.7813,0.9973,10.0000,470
0.4000,15,2,PROPOSED,16.1806,0.9956,15.0000,470
0.4000,15,2,RDP,18.7813,0.9973,10.0000,470
0.4000,15,3,PROPOSED,16.1632,0.9954,16.0000,469
0.4000,15,3,RDP,18.7496,0.9973,10.0000,469
0.4000,15,4,PROPOSED,15.8433,0.9950,14.0000,467
0.4000,15,4,RDP,18.7193,0.9973,10.0000,467
0.5000,5,0,PROPOSED,23.8070,0.9991,11.0000,844
0.5000,5,0,RDP,26.9109,0.9994,10.0000,844
0.5000,5,1,PROPOSED,23.5811,0.9991,10.0000,843
0.5000,5,1,RDP,26.8630,0.9994,10.0000,843
0.5000,5,2,PROPOSED,23.5089,0.9991,11.0000,841
0.5000,5,2,RDP,26.7687,0.9993,10.0000,841
0.5000,5,3,PROPOSED,23.6480,0.9990,11.0000,847
0.5000,5,3,RDP,27.0580,0.9994,10.0000,847
0.5000,5,4,PROPOSED,23.3859,0.9991,11.0000,842
0.5000,5,4,RDP,26.8156,0.9993,10.0000,842
0.5000,10,0,PROPOSED,17.3565,0.9961,15.0000,569
0.5000,10,0,RDP,22.4736,0.9985,10.0000,569
0.5000,10,1,PROPOSED,18.1945,0.9971,14.0000,570
0.5000,10,1,RDP,22.4747,0.9985,10.0000,570
0.5000,10,2,PROPOSED,18.0464,0.9970,14.0000,570
0.5000,10,2,RDP,22.4747,0.9985,10.0000,570
0.5000,10,3,PROPOSED,17.8837,0.9967,13.0000,569
0.5000,10,3,RDP,22.4736,0.9985,10.0000,569
0.5000,10,4,PROPOSED,17.6808,0.9967,14.0000,569
0.5000,10,4,RDP,22.4736,0.9985,10.0000,569
0.5000,15,0,PROPOSED,15.4143,0.9948,17.0000,468
0.5000,15,0,RDP,19.6144,0.9974,10.0000,468
0.5000,15,1,PROPOSED,15.2404,0.9948,18.0000,468
0.5000,15,1,RDP,19.6144,0.9974,10.0000,468
0.5000,15,2,PROPOSED,15.1882,0.9948,17.0000,469
0.5000,15,2,RDP,19.6735,0.9974,10.0000,469
0.5000,15,3,PROPOSED,15.3817,0.9950,17.0000,468
0.5000,15,3,RDP,19.6144,0.9974,10.0000,468
0.5000,15,4,PROPOSED,15.3620,0.9949,16.0000,468
0.5000,15,4,RDP,19.6144,0.9974,10.0000,468
0.6000,5,0,PROPOSED,22.3042,0.9989,11.0000,840
0.6000,5,0,RDP,25.8955,0.9991,10.0000,840
0.6000,5,1,PROPOSED,22.2788,0.9988,11.0000,844
0.6000,5,1,RDP,25.9284,0.9991,10.0000,844
0.6000,5,2,PROPOSED,22.3169,0.9988,10.0000,843
0.6000,5,2,RDP,25.9268,0.9991,10.0000,843
0.6000,5,3,PROPOSED,22.3328,0.9988,11.0000,843
0.6000,5,3,RDP,25.9268,0.9991,10.0000,843
0.6000,5,4,PROPOSED,22.4107,0.9989,11.0000,844
0.6000,5,4,RDP,25.9284,0.9991,10.0000,844
0.6000,10,0,PROPOSED,16.6952,0.9954,15.0000,568
0.6000,10,0,RDP,21.7790,0.9984,10.0000,568
0.6000,10,1,PROPOSED,16.5116,0.9948,16.0000,569
0.6000,10,1,RDP,21.8057,0.9984,10.0000,569
0.6000,10,2,PROPOSED,16.6476,0.9955,15.0000,568
0.6000,10,2,RDP,21.7790,0.9984,10.0000,568
0.6000,10,3,PROPOSED,16.9850,0.9959,15.0000,569
0.6000,10,3,RDP,21.8057,0.9984,10.0000,569
0.6000,10,4,PROPOSED,16.9555,0.9957,16.0000,570
0.6000,10,4,RDP,21.8066,0.9984,10.0000,570
0.6000,15,0,PROPOSED,14.1419,0.9924,17.0000,469
0.6000,15,0,RDP,17.4461,0.9963,14.0000,469
0.6000,15,1,PROPOSED,14.2235,0.9927,18.0000,468
0.6000,15,1,RDP,17.3673,0.9962,14.0000,468
0.6000,15,2,PROPOSED,14.4501,0.9934,17.0000,468
0.6000,15,2,RDP,17.3673,0.9962,14.0000,468
0.6000,15,3,PROPOSED,14.3406,0.9933,18.0000,465
0.6000,15,3,RDP,17.1393,0.9960,14.0000,465
0.6000,15,4,PROPOSED,14.2458,0.9930,18.0000,468
0.6000,15,4,RDP,17.3673,0.9962,14.0000,468
0.7000,5,0,PROPOSED,21.1480,0.9982,11.0000,852
0.7000,5,0,RDP,25.6752,0.9991,10.0000,852
0.7000,5,1,PROPOSED,21.2152,0.9984,11.0000,846
0.7000,5,1,RDP,25.5588,0.9990,10.0000,846
0.7000,5,2,PROPOSED,21.1166,0.9984,11.0000,846
0.7000,5,2,RDP,25.5588,0.9990,10.0000,846
0.7000,5,3,PROPOSED,21.0844,0.9985,11.0000,846
0.7000,5,3,RDP,25.5588,0.9990,10.0000,846
0.7000,5,4,PROPOSED,21.1359,0.9984,11.0000,846
0.7000,5,4,RDP,25.5588,0.9990,10.0000,846
0.7000,10,0,PROPOSED,15.4285,0.9937,15.0000,575
0.7000,10,0,RDP,20.8884,0.9978,10.0000,575
0.7000,10,1,PROPOSED,15.5700,0.9943,16.0000,570
0.7000,10,1,RDP,20.8157,0.9977,10.0000,570
0.7000,10,2,PROPOSED,15.7359,0.9946,15.0000,571
0.7000,10,2,RDP,20.8302,0.9977,10.0000,571
0.7000,10,3,PROPOSED,15.2601,0.9937,15.0000,569
0.7000,10,3,RDP,20.8014,0.9977,10.0000,569
0.7000,10,4,PROPOSED,15.4720,0.9942,15.0000,571
0.7000,10,4,RDP,20.8302,0.9977,10.0000,571
0.7000,15,0,PROPOSED,13.4707,0.9916,17.0000,470
0.7000,15,0,RDP,15.4468,0.9928,17.0000,470
0.7000,15,1,PROPOSED,13.7402,0.9918,20.0000,471
0.7000,15,1,RDP,15.4909,0.9928,17.0000,471
0.7000,15,2,PROPOSED,13.3831,0.9913,17.0000,470
0.7000,15,2,RDP,15.4468,0.9928,17.0000,470
0.7000,15,3,PROPOSED,13.5249,0.9916,19.0000,471
0.7000,15,3,RDP,15.4909,0.9928,17.0000,471
0.7000,15,4,PROPOSED,13.4904,0.9917,18.0000,468
0.7000,15,4,RDP,15.3600,0.9925,17.0000,468
0.8000,5,0,PROPOSED,19.9325,0.9976,11.0000,848
0.8000,5,0,RDP,25.3794,0.9990,10.0000,848
0.8000,5,1,PROPOSED,19.6692,0.9974,10.0000,842
0.8000,5,1,RDP,25.2479,0.9989,10.0000,842
0.8000,5,2,PROPOSED,19.8005,0.9975,10.0000,842
0.8000,5,2,RDP,25.2479,0.9989,10.0000,842
0.8000,5,3,PROPOSED,19.8193,0.9975,11.0000,842
0.8000,5,3,RDP,25.2479,0.9989,10.0000,842
0.8000,5,4,PROPOSED,19.8245,0.9975,11.0000,847
0.8000,5,4,RDP,25.3572,0.9990,10.0000,847
0.8000,10,0,PROPOSED,14.7439,0.9927,18.0000,570
0.8000,10,0,RDP,19.0526,0.9968,10.0000,570
0.8000,10,1,PROPOSED,14.6262,0.9924,17.0000,571
0.8000,10,1,RDP,19.1045,0.9968,10.0000,571
0.8000,10,2,PROPOSED,14.7631,0.9927,17.0000,570
0.8000,10,2,RDP,19.0526,0.9968,10.0000,570
0.8000,10,3,PROPOSED,14.6197,0.9925,17.0000,569
0.8000,10,3,RDP,19.0013,0.9967,10.0000,569
0.8000,10,4,PROPOSED,14.5137,0.9928,18.0000,569
0.8000,10,4,RDP,19.0013,0.9967,10.0000,569
0.8000,15,0,PROPOSED,13.2427,0.9912,17.0000,467
0.8000,15,0,RDP,14.4082,0.9902,17.0000,467
0.8000,15,1,PROPOSED,13.3224,0.9909,17.0000,470
0.8000,15,1,RDP,14.4815,0.9904,17.0000,470
0.8000,15,2,PROPOSED,13.3664,0.9911,17.0000,470
0.8000,15,2,RDP,14.4815,0.9904,17.0000,470
0.8000,15,3,PROPOSED,13.5007,0.9916,17.0000,471
0.8000,15,3,RDP,14.5076,0.9904,17.0000,471
0.8000,15,4,PROPOSED,13.3906,0.9914,18.0000,472
0.8000,15,4,RDP,14.5340,0.9904,17.0000,472
0.9000,5,0,PROPOSED,18.5608,0.9964,11.0000,841
0.9000,5,0,RDP,24.9824,0.9989,10.0000,841
0.9000,5,1,PROPOSED,18.6103,0.9964,11.0000,841
0.9000,5,1,RDP,24.9824,0.9989,10.0000,841
0.9000,5,2,PROPOSED,18.5380,0.9964,11.0000,843
0.9000,5,2,RDP,25.0294,0.9989,10.0000,843
0.9000,5,3,PROPOSED,18.5447,0.9965,11.0000,842
0.9000,5,3,RDP,25.0059,0.9989,10.0000,842
0.9000,5,4,PROPOSED,18.7512,0.9964,10.0000,848
0.9000,5,4,RDP,25.1439,0.9989,10.0000,848
0.9000,10,0,PROPOSED,14.8601,0.9922,16.0000,571
0.9000,10,0,RDP,16.9266,0.9946,14.0000,571
0.9000,10,1,PROPOSED,14.8354,0.9921,17.0000,572
0.9000,10,1,RDP,16.9977,0.9947,14.0000,572
0.9000,10,2,PROPOSED,14.7505,0.9923,16.0000,571
0.9000,10,2,RDP,16.9266,0.9946,14.0000,571
0.9000,10,3,PROPOSED,14.7604,0.9920,17.0000,569
0.9000,10,3,RDP,16.7879,0.9945,14.0000,569
0.9000,10,4,PROPOSED,14.8430,0.9921,16.0000,569
0.9000,10,4,RDP,16.7879,0.9945,14.0000,569
0.9000,15,0,PROPOSED,13.6006,0.9899,18.0000,470
0.9000,15,0,RDP,14.3611,0.9894,17.0000,470
0.9000,15,1,PROPOSED,13.7234,0.9899,18.0000,471
0.9000,15,1,RDP,14.3654,0.9895,17.0000,471
0.9000,15,2,PROPOSED,13.5745,0.9894,17.0000,469
0.9000,15,2,RDP,14.3426,0.9894,17.0000,469
0.9000,15,3,PROPOSED,13.9599,0.9906,17.0000,480
0.9000,15,3,RDP,14.4580,0.9896,17.0000,480
0.9000,15,4,PROPOSED,13.6583,0.9895,18.0000,469
0.9000,15,4,RDP,14.3426,0.9894,17.0000,469
1.0000,5,0,PROPOSED,18.1545,0.9953,10.0000,845
1.0000,5,0,RDP,24.6440,0.9989,10.0000,845
1.0000,5,1,PROPOSED,18.1282,0.9954,12.0000,846
1.0000,5,1,RDP,24.6594,0.9989,10.0000,846
1.0000,5,2,PROPOSED,18.0783,0.9953,12.0000,845
1.0000,5,2,RDP,24.6440,0.9989,10.0000,845
1.0000,5,3,PROPOSED,18.2622,0.9955,11.0000,848
1.0000,5,3,RDP,24.6904,0.9989,10.0000,848
1.0000,5,4,PROPOSED,18.1204,0.9952,11.0000,843
1.0000,5,4,RDP,24.6134,0.9988,10.0000,843
1.0000,10,0,PROPOSED,14.1053,0.9896,17.0000,568
1.0000,10,0,RDP,15.3095,0.9908,17.0000,568
1.0000,10,1,PROPOSED,14.2869,0.9899,17.0000,573
1.0000,10,1,RDP,15.3509,0.9908,17.0000,573
1.0000,10,2,PROPOSED,14.1690,0.9891,17.0000,579
1.0000,10,2,RDP,15.4010,0.9907,17.0000,579
1.0000,10,3,PROPOSED,14.2185,0.9898,17.0000,572
1.0000,10,3,RDP,15.3426,0.9908,17.0000,572
1.0000,10,4,PROPOSED,14.3714,0.9902,16.0000,580
1.0000,10,4,RDP,15.4094,0.9907,17.0000,580
1.0000,15,0,PROPOSED,12.8258,0.9874,18.0000,470
1.0000,15,0,RDP,14.1958,0.9890,17.0000,470
1.0000,15,1,PROPOSED,12.9021,0.9879,20.0000,473
1.0000,15,1,RDP,14.2500,0.9891,17.0000,473
1.0000,15,2,PROPOSED,13.0024,0.9878,18.0000,470
1.0000,15,2,RDP,14.1958,0.9890,17.0000,470
1.0000,15,3,PROPOSED,12.8419,0.9874,18.0000,470
1.0000,15,3,RDP,14.1958,0.9890,17.0000,470
1.0000,15,4,PROPOSED,12.8300,0.9876,19.0000,470
1.0000,15,4,RDP,14.1958,0.9890,17.0000,470
