signal,overload,trial,method,snr_db,spec_corr_global,max_gap,n_surviving,is_stationary
stationary_f03,3,0,PROPOSED,39.8003,1.0000,5.0000,1173,1
stationary_f03,3,0,RDP,41.2913,1.0000,4.0000,1173,1
stationary_f03,3,1,PROPOSED,39.6271,1.0000,5.0000,1161,1
stationary_f03,3,1,RDP,41.1353,1.0000,4.0000,1161,1
stationary_f03,3,2,PROPOSED,39.6067,1.0000,5.0000,1160,1
stationary_f03,3,2,RDP,41.1193,1.0000,4.0000,1160,1
stationary_f03,3,3,PROPOSED,39.5252,1.0000,5.0000,1157,1
stationary_f03,3,3,RDP,41.0717,1.0000,4.0000,1157,1
stationary_f03,3,4,PROPOSED,39.6604,1.0000,5.0000,1163,1
stationary_f03,3,4,RDP,41.1625,1.0000,4.0000,1163,1
stationary_f03,5,0,PROPOSED,32.9604,0.9999,9.0000,844,1
stationary_f03,5,0,RDP,35.8569,0.9999,6.0000,844,1
stationary_f03,5,1,PROPOSED,32.9300,0.9999,8.0000,843,1
stationary_f03,5,1,RDP,35.8326,0.9999,6.0000,843,1
stationary_f03,5,2,PROPOSED,33.1538,0.9999,8.0000,843,1
stationary_f03,5,2,RDP,35.8326,0.9999,6.0000,843,1
stationary_f03,5,3,PROPOSED,32.9263,0.9999,9.0000,847,1
stationary_f03,5,3,RDP,35.9307,0.9999,6.0000,847,1
stationary_f03,5,4,PROPOSED,32.9105,0.9999,9.0000,840,1
stationary_f03,5,4,RDP,35.7604,0.9999,6.0000,840,1
stationary_f03,8,0,PROPOSED,26.9029,0.9996,11.0000,641,1
stationary_f03,8,0,RDP,31.9764,0.9998,8.0000,641,1
stationary_f03,8,1,PROPOSED,26.8369,0.9996,11.0000,639,1
stationary_f03,8,1,RDP,31.9440,0.9998,8.0000,639,1
stationary_f03,8,2,PROPOSED,26.8188,0.9997,11.0000,641,1
stationary_f03,8,2,RDP,31.9764,0.9998,8.0000,641,1
stationary_f03,8,3,PROPOSED,27.0429,0.9997,11.0000,641,1
stationary_f03,8,3,RDP,31.9764,0.9998,8.0000,641,1
stationary_f03,8,4,PROPOSED,26.8850,0.9997,11.0000,642,1
stationary_f03,8,4,RDP,31.9927,0.9998,8.0000,642,1
stationary_f03,10,0,PROPOSED,25.2625,0.9995,13.0000,569,1
stationary_f03,10,0,RDP,30.0333,0.9998,8.0000,569,1
stationary_f03,10,1,PROPOSED,25.2518,0.9995,12.0000,570,1
stationary_f03,10,1,RDP,30.0687,0.9998,8.0000,570,1
stationary_f03,10,2,PROPOSED,25.2986,0.9995,13.0000,568,1
stationary_f03,10,2,RDP,29.9981,0.9998,8.0000,568,1
stationary_f03,10,3,PROPOSED,25.4275,0.9995,13.0000,569,1
stationary_f03,10,3,RDP,30.0333,0.9998,8.0000,569,1
stationary_f03,10,4,PROPOSED,25.2167,0.9995,13.0000,570,1
stationary_f03,10,4,RDP,30.0687,0.9998,8.0000,570,1
stationary_f03,15,0,PROPOSED,22.4983,0.9990,15.0000,467,1
stationary_f03,15,0,RDP,27.3544,0.9997,8.0000,467,1
stationary_f03,15,1,PROPOSED,22.8204,0.9991,14.0000,468,1
stationary_f03,15,1,RDP,27.3745,0.9997,8.0000,468,1
stationary_f03,15,2,PROPOSED,22.1513,0.9989,14.0000,463,1
stationary_f03,15,2,RDP,27.2747,0.9997,8.0000,463,1
stationary_f03,15,3,PROPOSED,22.7634,0.9989,14.0000,468,1
stationary_f03,15,3,RDP,27.3745,0.9997,8.0000,468,1
stationary_f03,15,4,PROPOSED,22.7466,0.9990,15.0000,470,1
stationary_f03,15,4,RDP,27.4151,0.9997,8.0000,470,1
stationary_f12,3,0,PROPOSED,18.9901,0.9959,4.0000,1158,1
stationary_f12,3,0,RDP,20.8079,0.9966,3.0000,1158,1
stationary_f12,3,1,PROPOSED,18.9788,0.9960,4.0000,1159,1
stationary_f12,3,1,RDP,20.8281,0.9966,3.0000,1159,1
stationary_f12,3,2,PROPOSED,19.2108,0.9960,4.0000,1163,1
stationary_f12,3,2,RDP,20.9100,0.9967,3.0000,1163,1
stationary_f12,3,3,PROPOSED,19.2505,0.9960,4.0000,1163,1
stationary_f12,3,3,RDP,20.9100,0.9967,3.0000,1163,1
stationary_f12,3,4,PROPOSED,19.1413,0.9959,4.0000,1159,1
stationary_f12,3,4,RDP,20.8281,0.9966,3.0000,1159,1
stationary_f12,5,0,PROPOSED,13.6536,0.9883,5.0000,845,1
stationary_f12,5,0,RDP,16.6287,0.9916,4.0000,845,1
stationary_f12,5,1,PROPOSED,13.6993,0.9877,5.0000,842,1
stationary_f12,5,1,RDP,16.5954,0.9915,4.0000,842,1
stationary_f12,5,2,PROPOSED,13.6839,0.9882,5.0000,843,1
stationary_f12,5,2,RDP,16.6065,0.9915,4.0000,843,1
stationary_f12,5,3,PROPOSED,13.6163,0.9875,5.0000,840,1
stationary_f12,5,3,RDP,16.5733,0.9914,4.0000,840,1
stationary_f12,5,4,PROPOSED,13.5684,0.9875,5.0000,840,1
stationary_f12,5,4,RDP,16.5733,0.9914,4.0000,840,1
stationary_f12,8,0,PROPOSED,11.3260,0.9812,5.0000,641,1
stationary_f12,8,0,RDP,13.0486,0.9792,4.0000,641,1
stationary_f12,8,1,PROPOSED,11.3513,0.9807,5.0000,641,1
stationary_f12,8,1,RDP,13.0486,0.9792,4.0000,641,1
stationary_f12,8,2,PROPOSED,11.3299,0.9810,5.0000,641,1
stationary_f12,8,2,RDP,13.0486,0.9792,4.0000,641,1
stationary_f12,8,3,PROPOSED,11.3727,0.9814,5.0000,648,1
stationary_f12,8,3,RDP,13.1580,0.9801,4.0000,648,1
stationary_f12,8,4,PROPOSED,11.2667,0.9807,5.0000,638,1
stationary_f12,8,4,RDP,13.0254,0.9792,5.0000,638,1
stationary_f12,10,0,PROPOSED,6.8148,0.9230,20.0000,568,1
stationary_f12,10,0,RDP,12.2512,0.9777,5.0000,568,1
stationary_f12,10,1,PROPOSED,6.9198,0.9232,13.0000,569,1
stationary_f12,10,1,RDP,12.2503,0.9778,5.0000,569,1
stationary_f12,10,2,PROPOSED,6.8282,0.9251,20.0000,568,1
stationary_f12,10,2,RDP,12.2512,0.9777,5.0000,568,1
stationary_f12,10,3,PROPOSED,7.4401,0.9367,20.0000,569,1
stationary_f12,10,3,RDP,12.2503,0.9778,5.0000,569,1
stationary_f12,10,4,PROPOSED,6.9743,0.9268,20.0000,569,1
stationary_f12,10,4,RDP,12.2503,0.9778,5.0000,569,1
stationary_f12,15,0,PROPOSED,2.9431,0.7589,30.0000,458,1
stationary_f12,15,0,RDP,7.9774,0.9368,69.0000,458,1
stationary_f12,15,1,PROPOSED,3.3014,0.7862,26.0000,467,1
stationary_f12,15,1,RDP,9.2126,0.9539,44.0000,467,1
stationary_f12,15,2,PROPOSED,3.4885,0.7929,23.0000,468,1
stationary_f12,15,2,RDP,9.0284,0.9505,44.0000,468,1
stationary_f12,15,3,PROPOSED,3.0682,0.7698,22.0000,471,1
stationary_f12,15,3,RDP,9.7303,0.9603,35.0000,471,1
stationary_f12,15,4,PROPOSED,3.2379,0.7800,21.0000,471,1
stationary_f12,15,4,RDP,9.7303,0.9603,35.0000,471,1
stationary_transient,3,0,PROPOSED,25.4669,0.9992,5.0000,1174,1
stationary_transient,3,0,RDP,28.0757,0.9995,4.0000,1174,1
stationary_transient,3,1,PROPOSED,25.4017,0.9992,5.0000,1172,1
stationary_transient,3,1,RDP,28.0319,0.9995,4.0000,1172,1
stationary_transient,3,2,PROPOSED,25.3765,0.9992,5.0000,1170,1
stationary_transient,3,2,RDP,27.9886,0.9995,4.0000,1170,1
stationary_transient,3,3,PROPOSED,25.3676,0.9992,5.0000,1174,1
stationary_transient,3,3,RDP,28.0757,0.9995,4.0000,1174,1
stationary_transient,3,4,PROPOSED,25.2825,0.9992,5.0000,1166,1
stationary_transient,3,4,RDP,27.9032,0.9995,4.0000,1166,1
stationary_transient,5,0,PROPOSED,20.7769,0.9985,6.0000,850,1
stationary_transient,5,0,RDP,23.2992,0.9986,4.0000,850,1
stationary_transient,5,1,PROPOSED,20.8251,0.9983,6.0000,856,1
stationary_transient,5,1,RDP,23.3584,0.9986,4.0000,856,1
stationary_transient,5,2,PROPOSED,21.5416,0.9987,6.0000,873,1
stationary_transient,5,2,RDP,23.5307,0.9987,4.0000,873,1
stationary_transient,5,3,PROPOSED,21.0802,0.9986,6.0000,850,1
stationary_transient,5,3,RDP,23.2992,0.9986,4.0000,850,1
stationary_transient,5,4,PROPOSED,20.8376,0.9985,6.0000,848,1
stationary_transient,5,4,RDP,23.2796,0.9986,4.0000,848,1
stationary_transient,8,0,PROPOSED,15.8236,0.9944,7.0000,645,1
stationary_transient,8,0,RDP,20.3018,0.9971,5.0000,645,1
stationary_transient,8,1,PROPOSED,15.8084,0.9942,7.0000,641,1
stationary_transient,8,1,RDP,20.1511,0.9969,5.0000,641,1
stationary_transient,8,2,PROPOSED,15.6947,0.9940,8.0000,641,1
stationary_transient,8,2,RDP,20.1511,0.9969,5.0000,641,1
stationary_transient,8,3,PROPOSED,15.7955,0.9939,7.0000,642,1
stationary_transient,8,3,RDP,20.2061,0.9970,5.0000,642,1
stationary_transient,8,4,PROPOSED,15.8888,0.9942,7.0000,640,1
stationary_transient,8,4,RDP,20.0901,0.9968,5.0000,640,1
stationary_transient,10,0,PROPOSED,14.9684,0.9923,8.0000,571,1
stationary_transient,10,0,RDP,17.9541,0.9954,7.0000,571,1
stationary_transient,10,1,PROPOSED,14.7881,0.9923,8.0000,569,1
stationary_transient,10,1,RDP,17.9059,0.9953,7.0000,569,1
stationary_transient,10,2,PROPOSED,14.8377,0.9921,7.0000,568,1
stationary_transient,10,2,RDP,17.8515,0.9953,7.0000,568,1
stationary_transient,10,3,PROPOSED,14.6924,0.9916,8.0000,568,1
stationary_transient,10,3,RDP,17.8515,0.9953,7.0000,568,1
stationary_transient,10,4,PROPOSED,14.8084,0.9918,7.0000,568,1
stationary_transient,10,4,RDP,17.8515,0.9953,7.0000,568,1
stationary_transient,15,0,PROPOSED,12.8664,0.9865,17.0000,472,1
stationary_transient,15,0,RDP,15.7159,0.9922,8.0000,472,1
stationary_transient,15,1,PROPOSED,12.5148,0.9853,18.0000,468,1
stationary_transient,15,1,RDP,15.5823,0.9921,8.0000,468,1
stationary_transient,15,2,PROPOSED,12.2288,0.9838,17.0000,464,1
stationary_transient,15,2,RDP,15.4528,0.9920,8.0000,464,1
stationary_transient,15,3,PROPOSED,12.3492,0.9858,12.0000,467,1
stationary_transient,15,3,RDP,15.5094,0.9920,8.0000,467,1
stationary_transient,15,4,PROPOSED,12.8495,0.9875,12.0000,471,1
stationary_transient,15,4,RDP,15.6407,0.9921,8.0000,471,1
piecewise_f03_f12,3,0,PROPOSED,22.8574,0.9982,9.0000,1170,0
piecewise_f03_f12,3,0,RDP,32.5750,0.9998,8.0000,1170,0
piecewise_f03_f12,3,1,PROPOSED,22.6917,0.9982,9.0000,1168,0
piecewise_f03_f12,3,1,RDP,32.4502,0.9998,8.0000,1168,0
piecewise_f03_f12,3,2,PROPOSED,22.8373,0.9982,10.0000,1169,0
piecewise_f03_f12,3,2,RDP,32.5122,0.9998,8.0000,1169,0
piecewise_f03_f12,3,3,PROPOSED,22.8142,0.9982,9.0000,1165,0
piecewise_f03_f12,3,3,RDP,32.2695,0.9998,8.0000,1165,0
piecewise_f03_f12,3,4,PROPOSED,22.7058,0.9981,11.0000,1167,0
piecewise_f03_f12,3,4,RDP,32.3891,0.9998,8.0000,1167,0
piecewise_f03_f12,5,0,PROPOSED,18.1578,0.9953,11.0000,844,0
piecewise_f03_f12,5,0,RDP,24.6287,0.9988,10.0000,844,0
piecewise_f03_f12,5,1,PROPOSED,18.1961,0.9953,11.0000,852,0
piecewise_f03_f12,5,1,RDP,24.7530,0.9989,10.0000,852,0
piecewise_f03_f12,5,2,PROPOSED,18.1774,0.9954,12.0000,844,0
piecewise_f03_f12,5,2,RDP,24.6287,0.9988,10.0000,844,0
piecewise_f03_f12,5,3,PROPOSED,18.1339,0.9953,15.0000,845,0
piecewise_f03_f12,5,3,RDP,24.6440,0.9989,10.0000,845,0
piecewise_f03_f12,5,4,PROPOSED,18.1379,0.9953,15.0000,845,0
piecewise_f03_f12,5,4,RDP,24.6440,0.9989,10.0000,845,0
piecewise_f03_f12,8,0,PROPOSED,15.0001,0.9914,17.0000,643,0
piecewise_f03_f12,8,0,RDP,18.3224,0.9954,10.0000,643,0
piecewise_f03_f12,8,1,PROPOSED,14.8561,0.9908,16.0000,640,0
piecewise_f03_f12,8,1,RDP,18.2797,0.9954,10.0000,640,0
piecewise_f03_f12,8,2,PROPOSED,14.9840,0.9908,16.0000,640,0
piecewise_f03_f12,8,2,RDP,18.2797,0.9954,10.0000,640,0
piecewise_f03_f12,8,3,PROPOSED,14.9403,0.9910,16.0000,641,0
piecewise_f03_f12,8,3,RDP,18.3021,0.9954,10.0000,641,0
piecewise_f03_f12,8,4,PROPOSED,15.0056,0.9911,17.0000,640,0
piecewise_f03_f12,8,4,RDP,18.2797,0.9954,10.0000,640,0
piecewise_f03_f12,10,0,PROPOSED,14.1000,0.9897,17.0000,569,0
piecewise_f03_f12,10,0,RDP,15.3178,0.9908,17.0000,569,0
piecewise_f03_f12,10,1,PROPOSED,14.0502,0.9897,17.0000,569,0
piecewise_f03_f12,10,1,RDP,15.3178,0.9908,17.0000,569,0
piecewise_f03_f12,10,2,PROPOSED,14.1765,0.9900,18.0000,568,0
piecewise_f03_f12,10,2,RDP,15.3095,0.9908,17.0000,568,0
piecewise_f03_f12,10,3,PROPOSED,14.1407,0.9897,17.0000,569,0
piecewise_f03_f12,10,3,RDP,15.3178,0.9908,17.0000,569,0
piecewise_f03_f12,10,4,PROPOSED,14.1408,0.9900,16.0000,569,0
piecewise_f03_f12,10,4,RDP,15.3178,0.9908,17.0000,569,0
piecewise_f03_f12,15,0,PROPOSED,12.7929,0.9874,19.0000,471,0
piecewise_f03_f12,15,0,RDP,14.2138,0.9890,17.0000,471,0
piecewise_f03_f12,15,1,PROPOSED,12.9378,0.9878,20.0000,470,0
piecewise_f03_f12,15,1,RDP,14.1958,0.9890,17.0000,470,0
piecewise_f03_f12,15,2,PROPOSED,12.7700,0.9871,19.0000,470,0
piecewise_f03_f12,15,2,RDP,14.1958,0.9890,17.0000,470,0
piecewise_f03_f12,15,3,PROPOSED,12.9668,0.9883,18.0000,470,0
piecewise_f03_f12,15,3,RDP,14.1958,0.9890,17.0000,470,0
piecewise_f03_f12,15,4,PROPOSED,13.0843,0.9882,19.0000,470,0
piecewise_f03_f12,15,4,RDP,14.1958,0.9890,17.0000,470,0
piecewise_transient,3,0,PROPOSED,24.4409,0.9988,9.0000,1171,0
piecewise_transient,3,0,RDP,33.7334,0.9999,8.0000,1171,0
piecewise_transient,3,1,PROPOSED,24.3774,0.9988,11.0000,1173,0
piecewise_transient,3,1,RDP,33.8495,0.9999,8.0000,1173,0
piecewise_transient,3,2,PROPOSED,24.3971,0.9988,11.0000,1170,0
piecewise_transient,3,2,RDP,33.6765,0.9999,8.0000,1170,0
piecewise_transient,3,3,PROPOSED,24.3606,0.9987,10.0000,1172,0
piecewise_transient,3,3,RDP,33.7911,0.9999,8.0000,1172,0
piecewise_transient,3,4,PROPOSED,24.5553,0.9988,9.0000,1173,0
piecewise_transient,3,4,RDP,33.8495,0.9999,8.0000,1173,0
piecewise_transient,5,0,PROPOSED,19.6114,0.9964,13.0000,847,0
piecewise_transient,5,0,RDP,26.1723,0.9992,10.0000,847,0
piecewise_transient,5,1,PROPOSED,19.6034,0.9964,15.0000,848,0
piecewise_transient,5,1,RDP,26.1875,0.9992,10.0000,848,0
piecewise_transient,5,2,PROPOSED,19.8600,0.9967,13.0000,852,0
piecewise_transient,5,2,RDP,26.2487,0.9992,10.0000,852,0
piecewise_transient,5,3,PROPOSED,19.5238,0.9964,14.0000,845,0
piecewise_transient,5,3,RDP,26.1421,0.9992,10.0000,845,0
piecewise_transient,5,4,PROPOSED,19.6569,0.9965,14.0000,844,0
piecewise_transient,5,4,RDP,26.1271,0.9992,10.0000,844,0
piecewise_transient,8,0,PROPOSED,16.4817,0.9930,17.0000,644,0
piecewise_transient,8,0,RDP,19.8453,0.9966,12.0000,644,0
piecewise_transient,8,1,PROPOSED,16.5343,0.9930,17.0000,643,0
piecewise_transient,8,1,RDP,19.8231,0.9966,12.0000,643,0
piecewise_transient,8,2,PROPOSED,16.5613,0.9931,17.0000,638,0
piecewise_transient,8,2,RDP,19.7857,0.9965,12.0000,638,0
piecewise_transient,8,3,PROPOSED,16.5693,0.9933,16.0000,640,0
piecewise_transient,8,3,RDP,19.8055,0.9966,12.0000,640,0
piecewise_transient,8,4,PROPOSED,16.4804,0.9932,16.0000,641,0
piecewise_transient,8,4,RDP,19.8033,0.9966,12.0000,641,0
piecewise_transient,10,0,PROPOSED,15.7519,0.9918,18.0000,570,0
piecewise_transient,10,0,RDP,16.9566,0.9938,17.0000,570,0
piecewise_transient,10,1,PROPOSED,15.6906,0.9919,18.0000,569,0
piecewise_transient,10,1,RDP,16.9483,0.9938,17.0000,569,0
piecewise_transient,10,2,PROPOSED,15.7161,0.9915,17.0000,570,0
piecewise_transient,10,2,RDP,16.9566,0.9938,17.0000,570,0
piecewise_transient,10,3,PROPOSED,15.7200,0.9914,17.0000,570,0
piecewise_transient,10,3,RDP,16.9566,0.9938,17.0000,570,0
piecewise_transient,10,4,PROPOSED,15.6233,0.9917,17.0000,570,0
piecewise_transient,10,4,RDP,16.9566,0.9938,17.0000,570,0
piecewise_transient,15,0,PROPOSED,14.5048,0.9892,19.0000,471,0
piecewise_transient,15,0,RDP,15.7777,0.9923,17.0000,471,0
piecewise_transient,15,1,PROPOSED,14.5073,0.9898,19.0000,470,0
piecewise_transient,15,1,RDP,15.7599,0.9922,17.0000,470,0
piecewise_transient,15,2,PROPOSED,14.6151,0.9900,18.0000,465,0
piecewise_transient,15,2,RDP,15.6717,0.9918,17.0000,465,0
piecewise_transient,15,3,PROPOSED,14.3987,0.9893,19.0000,471,0
piecewise_transient,15,3,RDP,15.7777,0.9923,17.0000,471,0
piecewise_transient,15,4,PROPOSED,14.3995,0.9889,18.0000,471,0
piecewise_transient,15,4,RDP,15.7777,0.9923,17.0000,471,0
