method,overload,trial,accuracy,n_correct,n_total,avg_snr,avg_spec_corr,acc_normal,acc_inner_race,acc_ball_fault
UNCOMPRESSED,1,0,1,57,57,inf,1.0000,1.0000,1.0000,1.0000
PROPOSED,10,0,1.0000,57,57,21.83,0.9954,1.0000,1.0000,1.0000
PROPOSED,10,1,1.0000,57,57,21.79,0.9953,1.0000,1.0000,1.0000
PROPOSED,10,2,1.0000,57,57,21.75,0.9952,1.0000,1.0000,1.0000
PROPOSED,10,3,1.0000,57,57,21.93,0.9954,1.0000,1.0000,1.0000
PROPOSED,10,4,1.0000,57,57,21.92,0.9954,1.0000,1.0000,1.0000
PROPOSED,20,0,1.0000,57,57,18.38,0.9898,1.0000,1.0000,1.0000
PROPOSED,20,1,1.0000,57,57,18.35,0.9898,1.0000,1.0000,1.0000
PROPOSED,20,2,1.0000,57,57,18.36,0.9898,1.0000,1.0000,1.0000
PROPOSED,20,3,1.0000,57,57,18.32,0.9897,1.0000,1.0000,1.0000
PROPOSED,20,4,1.0000,57,57,18.34,0.9898,1.0000,1.0000,1.0000
PROPOSED,30,0,1.0000,57,57,17.24,0.9868,1.0000,1.0000,1.0000
PROPOSED,30,1,1.0000,57,57,17.26,0.9867,1.0000,1.0000,1.0000
PROPOSED,30,2,1.0000,57,57,17.24,0.9867,1.0000,1.0000,1.0000
PROPOSED,30,3,1.0000,57,57,17.26,0.9869,1.0000,1.0000,1.0000
PROPOSED,30,4,1.0000,57,57,17.24,0.9867,1.0000,1.0000,1.0000
PROPOSED,50,0,1.0000,57,57,16.38,0.9837,1.0000,1.0000,1.0000
PROPOSED,50,1,1.0000,57,57,16.37,0.9836,1.0000,1.0000,1.0000
PROPOSED,50,2,1.0000,57,57,16.41,0.9838,1.0000,1.0000,1.0000
PROPOSED,50,3,1.0000,57,57,16.42,0.9840,1.0000,1.0000,1.0000
PROPOSED,50,4,1.0000,57,57,16.41,0.9837,1.0000,1.0000,1.0000
PROPOSED,80,0,1.0000,57,57,15.91,0.9818,1.0000,1.0000,1.0000
PROPOSED,80,1,1.0000,57,57,15.91,0.9817,1.0000,1.0000,1.0000
PROPOSED,80,2,1.0000,57,57,15.90,0.9818,1.0000,1.0000,1.0000
PROPOSED,80,3,1.0000,57,57,15.93,0.9818,1.0000,1.0000,1.0000
PROPOSED,80,4,1.0000,57,57,15.90,0.9814,1.0000,1.0000,1.0000
PROPOSED,100,0,1.0000,57,57,15.75,0.9813,1.0000,1.0000,1.0000
PROPOSED,100,1,1.0000,57,57,15.72,0.9809,1.0000,1.0000,1.0000
PROPOSED,100,2,1.0000,57,57,15.79,0.9813,1.0000,1.0000,1.0000
PROPOSED,100,3,1.0000,57,57,15.75,0.9810,1.0000,1.0000,1.0000
PROPOSED,100,4,1.0000,57,57,15.79,0.9812,1.0000,1.0000,1.0000
PROPOSED_SPEC,10,0,1.0000,57,57,22.17,0.9957,1.0000,1.0000,1.0000
PROPOSED_SPEC,10,1,1.0000,57,57,22.11,0.9957,1.0000,1.0000,1.0000
PROPOSED_SPEC,10,2,1.0000,57,57,22.12,0.9957,1.0000,1.0000,1.0000
PROPOSED_SPEC,10,3,1.0000,57,57,22.04,0.9955,1.0000,1.0000,1.0000
PROPOSED_SPEC,10,4,1.0000,57,57,22.05,0.9955,1.0000,1.0000,1.0000
PROPOSED_SPEC,20,0,1.0000,57,57,18.41,0.9898,1.0000,1.0000,1.0000
PROPOSED_SPEC,20,1,1.0000,57,57,18.47,0.9899,1.0000,1.0000,1.0000
PROPOSED_SPEC,20,2,1.0000,57,57,18.39,0.9897,1.0000,1.0000,1.0000
PROPOSED_SPEC,20,3,1.0000,57,57,18.39,0.9897,1.0000,1.0000,1.0000
PROPOSED_SPEC,20,4,1.0000,57,57,18.39,0.9897,1.0000,1.0000,1.0000
PROPOSED_SPEC,30,0,1.0000,57,57,17.30,0.9870,1.0000,1.0000,1.0000
PROPOSED_SPEC,30,1,1.0000,57,57,17.28,0.9870,1.0000,1.0000,1.0000
PROPOSED_SPEC,30,2,1.0000,57,57,17.33,0.9871,1.0000,1.0000,1.0000
PROPOSED_SPEC,30,3,1.0000,57,57,17.29,0.9869,1.0000,1.0000,1.0000
PROPOSED_SPEC,30,4,1.0000,57,57,17.29,0.9869,1.0000,1.0000,1.0000
PROPOSED_SPEC,50,0,1.0000,57,57,16.37,0.9835,1.0000,1.0000,1.0000
PROPOSED_SPEC,50,1,1.0000,57,57,16.41,0.9837,1.0000,1.0000,1.0000
PROPOSED_SPEC,50,2,1.0000,57,57,16.42,0.9838,1.0000,1.0000,1.0000
PROPOSED_SPEC,50,3,1.0000,57,57,16.42,0.9839,1.0000,1.0000,1.0000
PROPOSED_SPEC,50,4,1.0000,57,57,16.43,0.9839,1.0000,1.0000,1.0000
PROPOSED_SPEC,80,0,1.0000,57,57,15.91,0.9818,1.0000,1.0000,1.0000
PROPOSED_SPEC,80,1,1.0000,57,57,15.88,0.9815,1.0000,1.0000,1.0000
PROPOSED_SPEC,80,2,1.0000,57,57,15.93,0.9819,1.0000,1.0000,1.0000
PROPOSED_SPEC,80,3,1.0000,57,57,15.90,0.9817,1.0000,1.0000,1.0000
PROPOSED_SPEC,80,4,1.0000,57,57,15.92,0.9816,1.0000,1.0000,1.0000
PROPOSED_SPEC,100,0,1.0000,57,57,15.76,0.9814,1.0000,1.0000,1.0000
PROPOSED_SPEC,100,1,1.0000,57,57,15.75,0.9812,1.0000,1.0000,1.0000
PROPOSED_SPEC,100,2,1.0000,57,57,15.75,0.9810,1.0000,1.0000,1.0000
PROPOSED_SPEC,100,3,1.0000,57,57,15.74,0.9811,1.0000,1.0000,1.0000
PROPOSED_SPEC,100,4,1.0000,57,57,15.73,0.9809,1.0000,1.0000,1.0000
RDP,10,0,1.0000,57,57,23.69,0.9969,1.0000,1.0000,1.0000
RDP,20,0,1.0000,57,57,19.48,0.9923,1.0000,1.0000,1.0000
RDP,30,0,1.0000,57,57,18.10,0.9893,1.0000,1.0000,1.0000
RDP,50,0,1.0000,57,57,16.98,0.9859,1.0000,1.0000,1.0000
RDP,80,0,1.0000,57,57,16.37,0.9838,1.0000,1.0000,1.0000
RDP,100,0,1.0000,57,57,16.19,0.9831,1.0000,1.0000,1.0000
LTTB,10,0,1.0000,57,57,14.33,0.9714,1.0000,1.0000,1.0000
LTTB,20,0,1.0000,57,57,12.61,0.9582,1.0000,1.0000,1.0000
LTTB,30,0,1.0000,57,57,11.95,0.9491,1.0000,1.0000,1.0000
LTTB,50,0,1.0000,57,57,11.13,0.9318,1.0000,1.0000,1.0000
LTTB,80,0,1.0000,57,57,10.74,0.9209,1.0000,1.0000,1.0000
LTTB,100,0,1.0000,57,57,10.66,0.9195,1.0000,1.0000,1.0000
DROP,10,0,0.6491,37,57,-1.46,0.0000,1.0000,0.5789,0.3684
DROP,10,1,0.6491,37,57,-1.46,0.0000,1.0000,0.5789,0.3684
DROP,10,2,0.6491,37,57,-1.46,0.0000,1.0000,0.5789,0.3684
DROP,10,3,0.6491,37,57,-1.46,0.0000,1.0000,0.5789,0.3684
DROP,10,4,0.6491,37,57,-1.46,0.0000,1.0000,0.5789,0.3684
DROP,20,0,0.5088,29,57,-1.67,0.0000,1.0000,0.1053,0.4211
DROP,20,1,0.5088,29,57,-1.67,0.0000,1.0000,0.1053,0.4211
DROP,20,2,0.5088,29,57,-1.67,0.0000,1.0000,0.1053,0.4211
DROP,20,3,0.5088,29,57,-1.67,0.0000,1.0000,0.1053,0.4211
DROP,20,4,0.5088,29,57,-1.67,0.0000,1.0000,0.1053,0.4211
DROP,30,0,0.4561,26,57,-1.99,0.0000,1.0000,0.0526,0.3158
DROP,30,1,0.4561,26,57,-1.99,0.0000,1.0000,0.0526,0.3158
DROP,30,2,0.4561,26,57,-1.99,0.0000,1.0000,0.0526,0.3158
DROP,30,3,0.4561,26,57,-1.99,0.0000,1.0000,0.0526,0.3158
DROP,30,4,0.4561,26,57,-1.99,0.0000,1.0000,0.0526,0.3158
DROP,50,0,0.4386,25,57,-2.23,0.0000,1.0000,0.0526,0.2632
DROP,50,1,0.4386,25,57,-2.23,0.0000,1.0000,0.0526,0.2632
DROP,50,2,0.4386,25,57,-2.23,0.0000,1.0000,0.0526,0.2632
DROP,50,3,0.4386,25,57,-2.23,0.0000,1.0000,0.0526,0.2632
DROP,50,4,0.4386,25,57,-2.23,0.0000,1.0000,0.0526,0.2632
DROP,80,0,0.3860,22,57,-2.24,0.0000,1.0000,0.1053,0.0526
DROP,80,1,0.3860,22,57,-2.24,0.0000,1.0000,0.1053,0.0526
DROP,80,2,0.3860,22,57,-2.24,0.0000,1.0000,0.1053,0.0526
DROP,80,3,0.3860,22,57,-2.24,0.0000,1.0000,0.1053,0.0526
DROP,80,4,0.3860,22,57,-2.24,0.0000,1.0000,0.1053,0.0526
DROP,100,0,0.3860,22,57,-1.90,0.0000,1.0000,0.1579,0.0000
DROP,100,1,0.3860,22,57,-1.90,0.0000,1.0000,0.1579,0.0000
DROP,100,2,0.3860,22,57,-1.90,0.0000,1.0000,0.1579,0.0000
DROP,100,3,0.3860,22,57,-1.90,0.0000,1.0000,0.1579,0.0000
DROP,100,4,0.3860,22,57,-1.90,0.0000,1.0000,0.1579,0.0000
