signal,method,trial,n_surviving,n_dropped,mean_gap,std_gap,cv,median_gap,min_gap,max_gap,snr_db,spectral_corr
vib_normal_0hp,IMP_INTERP_ERROR,0,843,1157,2.3741,1.5144,0.6379,2.0000,1.0000,9.0000,19.5852,0.9995
vib_normal_0hp,RDP_OFFLINE,0,843,1157,2.3741,1.3290,0.5598,2.0000,1.0000,9.0000,21.7670,0.9984
vib_normal_0hp,LTTB_OFFLINE,0,843,1157,2.3741,0.8046,0.3389,2.0000,1.0000,4.0000,18.0543,0.9961
vib_normal_0hp,IMP_INTERP_COMPOSITE,0,847,1157,2.3629,1.5087,0.6385,2.0000,1.0000,9.0000,19.8066,0.9995
vib_normal_0hp,IMP_INTERP_ERROR,1,857,1143,2.3353,1.5073,0.6454,2.0000,1.0000,9.0000,19.8384,0.9995
vib_normal_0hp,RDP_OFFLINE,1,857,1143,2.3353,1.3081,0.5602,2.0000,1.0000,9.0000,22.0272,0.9984
vib_normal_0hp,LTTB_OFFLINE,1,857,1143,2.3353,0.8094,0.3466,2.0000,1.0000,4.0000,18.4872,0.9962
vib_normal_0hp,IMP_INTERP_COMPOSITE,1,845,1143,2.3685,1.5131,0.6389,2.0000,1.0000,9.0000,19.7374,0.9995
vib_normal_0hp,IMP_INTERP_ERROR,2,848,1152,2.3601,1.5068,0.6385,2.0000,1.0000,9.0000,19.7453,0.9995
vib_normal_0hp,RDP_OFFLINE,2,848,1152,2.3601,1.3277,0.5626,2.0000,1.0000,9.0000,21.8780,0.9984
vib_normal_0hp,LTTB_OFFLINE,2,848,1152,2.3601,0.8154,0.3455,2.0000,1.0000,4.0000,18.2149,0.9964
vib_normal_0hp,IMP_INTERP_COMPOSITE,2,849,1152,2.3573,1.5011,0.6368,2.0000,1.0000,9.0000,19.8949,0.9995
vib_normal_0hp,IMP_INTERP_ERROR,3,846,1154,2.3657,1.5011,0.6345,2.0000,1.0000,9.0000,19.8242,0.9995
vib_normal_0hp,RDP_OFFLINE,3,846,1154,2.3657,1.3297,0.5621,2.0000,1.0000,9.0000,21.8260,0.9984
vib_normal_0hp,LTTB_OFFLINE,3,846,1154,2.3657,0.8213,0.3472,2.0000,1.0000,4.0000,18.5346,0.9962
vib_normal_0hp,IMP_INTERP_COMPOSITE,3,843,1154,2.3741,1.5089,0.6356,2.0000,1.0000,9.0000,19.7298,0.9994
vib_normal_0hp,IMP_INTERP_ERROR,4,844,1156,2.3713,1.5429,0.6507,2.0000,1.0000,9.0000,19.7431,0.9995
vib_normal_0hp,RDP_OFFLINE,4,844,1156,2.3713,1.3298,0.5608,2.0000,1.0000,9.0000,21.7833,0.9984
vib_normal_0hp,LTTB_OFFLINE,4,844,1156,2.3713,0.7935,0.3346,2.0000,1.0000,4.0000,18.3090,0.9966
vib_normal_0hp,IMP_INTERP_COMPOSITE,4,852,1156,2.3490,1.4940,0.6360,2.0000,1.0000,9.0000,20.0709,0.9995
vib_inner_race_007,IMP_INTERP_ERROR,0,844,1156,2.3713,3.1383,1.3235,2.0000,1.0000,44.0000,8.7607,0.9822
vib_inner_race_007,RDP_OFFLINE,0,844,1156,2.3713,2.1834,0.9208,2.0000,1.0000,19.0000,10.1456,0.9550
vib_inner_race_007,LTTB_OFFLINE,0,844,1156,2.3713,0.8039,0.3390,2.0000,1.0000,4.0000,3.0128,0.7270
vib_inner_race_007,IMP_INTERP_COMPOSITE,0,845,1156,2.3685,3.2052,1.3533,2.0000,1.0000,44.0000,8.6416,0.9838
vib_inner_race_007,IMP_INTERP_ERROR,1,857,1143,2.3353,2.8737,1.2305,2.0000,1.0000,34.0000,8.4687,0.9842
vib_inner_race_007,RDP_OFFLINE,1,857,1143,2.3353,2.1232,0.9092,2.0000,1.0000,19.0000,10.3579,0.9556
vib_inner_race_007,LTTB_OFFLINE,1,857,1143,2.3353,0.7770,0.3327,2.0000,1.0000,4.0000,3.4839,0.7108
vib_inner_race_007,IMP_INTERP_COMPOSITE,1,845,1143,2.3685,3.2948,1.3911,2.0000,1.0000,44.0000,8.4609,0.9832
vib_inner_race_007,IMP_INTERP_ERROR,2,848,1152,2.3601,3.0577,1.2956,2.0000,1.0000,44.0000,8.5007,0.9829
vib_inner_race_007,RDP_OFFLINE,2,848,1152,2.3601,2.1609,0.9156,2.0000,1.0000,19.0000,10.2199,0.9556
vib_inner_race_007,LTTB_OFFLINE,2,848,1152,2.3601,0.8125,0.3443,2.0000,1.0000,4.0000,2.8552,0.6400
vib_inner_race_007,IMP_INTERP_COMPOSITE,2,845,1152,2.3685,3.2125,1.3564,2.0000,1.0000,44.0000,8.3116,0.9827
vib_inner_race_007,IMP_INTERP_ERROR,3,844,1156,2.3713,3.1549,1.3305,2.0000,1.0000,44.0000,8.5330,0.9829
vib_inner_race_007,RDP_OFFLINE,3,844,1156,2.3713,2.1834,0.9208,2.0000,1.0000,19.0000,10.1456,0.9550
vib_inner_race_007,LTTB_OFFLINE,3,844,1156,2.3713,0.8039,0.3390,2.0000,1.0000,4.0000,3.0128,0.7270
vib_inner_race_007,IMP_INTERP_COMPOSITE,3,851,1156,2.3518,3.1667,1.3465,2.0000,1.0000,35.0000,8.5433,0.9845
vib_inner_race_007,IMP_INTERP_ERROR,4,849,1151,2.3573,3.0869,1.3095,2.0000,1.0000,44.0000,8.4069,0.9829
vib_inner_race_007,RDP_OFFLINE,4,849,1151,2.3573,2.1590,0.9159,2.0000,1.0000,19.0000,10.2427,0.9556
vib_inner_race_007,LTTB_OFFLINE,4,849,1151,2.3573,0.7715,0.3273,2.0000,1.0000,4.0000,3.2978,0.7368
vib_inner_race_007,IMP_INTERP_COMPOSITE,4,852,1151,2.3490,3.1308,1.3328,2.0000,1.0000,34.0000,8.6126,0.9837
vib_ball_fault_007,IMP_INTERP_ERROR,0,843,1157,2.3741,3.2253,1.3585,2.0000,1.0000,40.0000,5.2797,0.9729
vib_ball_fault_007,RDP_OFFLINE,0,843,1157,2.3741,2.5365,1.0684,2.0000,1.0000,32.0000,6.5528,0.9128
vib_ball_fault_007,LTTB_OFFLINE,0,843,1157,2.3741,0.8222,0.3463,2.0000,1.0000,4.0000,0.7412,0.5053
vib_ball_fault_007,IMP_INTERP_COMPOSITE,0,843,1157,2.3741,3.1171,1.3130,2.0000,1.0000,35.0000,5.4356,0.9724
vib_ball_fault_007,IMP_INTERP_ERROR,1,847,1153,2.3629,3.1102,1.3163,2.0000,1.0000,35.0000,5.3880,0.9731
vib_ball_fault_007,RDP_OFFLINE,1,847,1153,2.3629,2.5118,1.0630,2.0000,1.0000,32.0000,6.6964,0.9128
vib_ball_fault_007,LTTB_OFFLINE,1,847,1153,2.3629,0.8234,0.3485,2.0000,1.0000,4.0000,0.9321,0.5055
vib_ball_fault_007,IMP_INTERP_COMPOSITE,1,846,1153,2.3657,3.1352,1.3253,2.0000,1.0000,35.0000,5.3859,0.9724
vib_ball_fault_007,IMP_INTERP_ERROR,2,843,1157,2.3741,3.0965,1.3043,2.0000,1.0000,35.0000,5.3113,0.9724
vib_ball_fault_007,RDP_OFFLINE,2,843,1157,2.3741,2.5365,1.0684,2.0000,1.0000,32.0000,6.5528,0.9128
vib_ball_fault_007,LTTB_OFFLINE,2,843,1157,2.3741,0.8222,0.3463,2.0000,1.0000,4.0000,0.7412,0.5053
vib_ball_fault_007,IMP_INTERP_COMPOSITE,2,846,1157,2.3657,3.0553,1.2915,2.0000,1.0000,36.0000,5.4636,0.9724
vib_ball_fault_007,IMP_INTERP_ERROR,3,845,1155,2.3685,3.1549,1.3320,2.0000,1.0000,40.0000,5.3405,0.9719
vib_ball_fault_007,RDP_OFFLINE,3,845,1155,2.3685,2.5253,1.0662,2.0000,1.0000,32.0000,6.6855,0.9128
vib_ball_fault_007,LTTB_OFFLINE,3,845,1155,2.3685,0.8264,0.3489,2.0000,1.0000,4.0000,0.6741,0.5365
vib_ball_fault_007,IMP_INTERP_COMPOSITE,3,847,1155,2.3629,3.1144,1.3180,2.0000,1.0000,35.0000,5.4569,0.9724
vib_ball_fault_007,IMP_INTERP_ERROR,4,844,1156,2.3713,3.0726,1.2958,2.0000,1.0000,35.0000,5.3568,0.9719
vib_ball_fault_007,RDP_OFFLINE,4,844,1156,2.3713,2.5260,1.0652,2.0000,1.0000,32.0000,6.6681,0.9128
vib_ball_fault_007,LTTB_OFFLINE,4,844,1156,2.3713,0.8526,0.3595,2.0000,1.0000,4.0000,0.6811,0.4965
vib_ball_fault_007,IMP_INTERP_COMPOSITE,4,845,1156,2.3685,3.1582,1.3334,2.0000,1.0000,36.0000,5.2108,0.9724
