signal,domain,mode,buffer_size,overload,trial,snr_db,mse,max_wait_ms,deriv_ratio,drops,rpeak_f1,rpeak_precision,rpeak_recall,rpeak_timing_ms,spectral_correlation
ecg_100,ecg,DROP,128,3,0,29.6522,1.403868e-04,0.0019,0.8623,966,0.9333,1.0000,0.8750,2.3810,-1.0000
ecg_100,ecg,RANDOM_DROP,128,3,0,18.7940,1.710625e-03,0.0024,0.7863,972,0.9333,1.0000,0.8750,2.3810,-1.0000
ecg_100,ecg,DROP_MIDDLE,128,3,0,30.8869,1.056483e-04,0.0076,0.8776,965,0.9333,1.0000,0.8750,1.5873,-1.0000
ecg_100,ecg,DROP_LOW_VARIANCE,128,3,0,34.9214,4.172608e-05,0.0030,0.8601,969,0.9333,1.0000,0.8750,0.7937,-1.0000
ecg_100,ecg,ADAPTIVE,128,3,0,32.2321,7.750625e-05,0.4027,0.9082,782,0.9333,1.0000,0.8750,0.7937,-1.0000
ecg_100,ecg,LEGACY_IMPORTANCE,128,3,0,34.9763,4.120253e-05,0.0086,0.9168,963,0.9333,1.0000,0.8750,0.7937,-1.0000
ecg_100,ecg,IMP_FIRST_ORDER,128,3,0,34.9910,4.106268e-05,0.0086,0.9162,965,0.9333,1.0000,0.8750,0.7937,-1.0000
ecg_100,ecg,IMP_WINDOWED_ENERGY,128,3,0,34.7339,4.356684e-05,0.0274,0.8682,956,0.9333,1.0000,0.8750,0.7937,-1.0000
ecg_100,ecg,IMP_COMPOSITE,128,3,0,35.3480,3.782232e-05,0.0485,0.8829,956,0.9333,1.0000,0.8750,0.7937,-1.0000
ecg_100,ecg,IMP_ADAPTIVE,128,3,0,35.1270,3.979740e-05,0.0111,0.8695,958,0.9333,1.0000,0.8750,0.7937,-1.0000
ecg_100,ecg,DROP,128,3,1,29.0126,1.626635e-04,0.0081,0.8886,964,0.9333,1.0000,0.8750,1.9841,-1.0000
ecg_100,ecg,RANDOM_DROP,128,3,1,21.4640,9.250159e-04,0.0197,0.8236,969,0.9333,1.0000,0.8750,1.9841,-1.0000
ecg_100,ecg,DROP_MIDDLE,128,3,1,29.6568,1.402406e-04,0.0080,0.8789,966,0.9333,1.0000,0.8750,2.3810,-1.0000
ecg_100,ecg,DROP_LOW_VARIANCE,128,3,1,35.0871,4.016438e-05,0.0025,0.8628,959,0.9333,1.0000,0.8750,0.7937,-1.0000
ecg_100,ecg,ADAPTIVE,128,3,1,32.3999,7.456875e-05,0.2312,0.9052,781,0.9333,1.0000,0.8750,1.9841,-1.0000
ecg_100,ecg,LEGACY_IMPORTANCE,128,3,1,35.0583,4.043131e-05,0.0088,0.9181,950,0.9333,1.0000,0.8750,0.7937,-1.0000
ecg_100,ecg,IMP_FIRST_ORDER,128,3,1,35.0239,4.075334e-05,0.0016,0.9168,958,0.9333,1.0000,0.8750,0.7937,-1.0000
ecg_100,ecg,IMP_WINDOWED_ENERGY,128,3,1,34.5948,4.498486e-05,0.0219,0.8660,940,0.9333,1.0000,0.8750,0.7937,-1.0000
ecg_100,ecg,IMP_COMPOSITE,128,3,1,35.1994,3.913901e-05,0.0107,0.8875,957,0.9333,1.0000,0.8750,0.7937,-1.0000
ecg_100,ecg,IMP_ADAPTIVE,128,3,1,35.5337,3.623920e-05,0.0236,0.8805,952,0.9333,1.0000,0.8750,0.7937,-1.0000
ecg_100,ecg,DROP,128,6,0,21.1213,1.000972e-03,0.0023,0.7320,1368,0.9333,1.0000,0.8750,3.1746,-1.0000
ecg_100,ecg,RANDOM_DROP,128,6,0,13.8321,5.362200e-03,0.0027,0.6442,1373,0.8571,1.0000,0.7500,3.7037,-1.0000
ecg_100,ecg,DROP_MIDDLE,128,6,0,20.6701,1.110564e-03,0.0013,0.7326,1375,0.9333,1.0000,0.8750,3.1746,-1.0000
ecg_100,ecg,DROP_LOW_VARIANCE,128,6,0,30.1817,1.242727e-04,0.0044,0.7608,1364,0.9333,1.0000,0.8750,0.7937,-1.0000
ecg_100,ecg,ADAPTIVE,128,6,0,25.1970,3.916106e-04,0.2006,0.8365,1218,0.9333,1.0000,0.8750,1.9841,-1.0000
ecg_100,ecg,LEGACY_IMPORTANCE,128,6,0,30.4982,1.155402e-04,0.0021,0.8209,1373,0.9333,1.0000,0.8750,0.7937,-1.0000
ecg_100,ecg,IMP_FIRST_ORDER,128,6,0,30.6680,1.111091e-04,0.0024,0.8241,1367,0.9333,1.0000,0.8750,0.7937,-1.0000
ecg_100,ecg,IMP_WINDOWED_ENERGY,128,6,0,29.8115,1.353306e-04,0.0230,0.7686,1367,0.9333,1.0000,0.8750,0.7937,-1.0000
ecg_100,ecg,IMP_COMPOSITE,128,6,0,31.5776,9.011363e-05,0.0171,0.7863,1364,0.9333,1.0000,0.8750,0.7937,-1.0000
ecg_100,ecg,IMP_ADAPTIVE,128,6,0,31.5563,9.055621e-05,0.0206,0.7782,1366,0.9333,1.0000,0.8750,0.7937,-1.0000
ecg_100,ecg,DROP,128,6,1,21.4539,9.271824e-04,0.0024,0.7337,1369,0.9333,1.0000,0.8750,3.1746,-1.0000
ecg_100,ecg,RANDOM_DROP,128,6,1,11.5435,9.082393e-03,0.0024,0.6268,1374,0.8571,1.0000,0.7500,2.7778,-1.0000
ecg_100,ecg,DROP_MIDDLE,128,6,1,21.8039,8.553866e-04,0.0071,0.7409,1371,0.9333,1.0000,0.8750,1.9841,-1.0000
ecg_100,ecg,DROP_LOW_VARIANCE,128,6,1,30.2117,1.234179e-04,0.0027,0.7586,1371,0.9333,1.0000,0.8750,0.7937,-1.0000
ecg_100,ecg,ADAPTIVE,128,6,1,25.5430,3.616201e-04,0.1845,0.8298,1219,0.9333,1.0000,0.8750,2.3810,-1.0000
ecg_100,ecg,LEGACY_IMPORTANCE,128,6,1,30.7035,1.102056e-04,0.0178,0.8220,1375,0.9333,1.0000,0.8750,0.7937,-1.0000
ecg_100,ecg,IMP_FIRST_ORDER,128,6,1,30.4799,1.160276e-04,0.0235,0.8228,1373,0.9333,1.0000,0.8750,0.7937,-1.0000
ecg_100,ecg,IMP_WINDOWED_ENERGY,128,6,1,30.0572,1.278895e-04,0.0138,0.7742,1365,0.9333,1.0000,0.8750,0.7937,-1.0000
ecg_100,ecg,IMP_COMPOSITE,128,6,1,31.4929,9.188785e-05,0.0256,0.7874,1365,0.9333,1.0000,0.8750,0.7937,-1.0000
ecg_100,ecg,IMP_ADAPTIVE,128,6,1,31.5710,9.025055e-05,0.0580,0.7833,1367,0.9333,1.0000,0.8750,0.7937,-1.0000
ecg_100,ecg,DROP,256,3,0,29.7379,1.376458e-04,0.0017,0.8966,842,0.9333,1.0000,0.8750,0.3968,-1.0000
ecg_100,ecg,RANDOM_DROP,256,3,0,22.9495,6.570582e-04,0.0035,0.8518,832,0.9333,1.0000,0.8750,1.5873,-1.0000
ecg_100,ecg,DROP_MIDDLE,256,3,0,29.3058,1.520451e-04,0.0025,0.8915,830,0.9333,1.0000,0.8750,1.9841,-1.0000
ecg_100,ecg,DROP_LOW_VARIANCE,256,3,0,35.8767,3.348707e-05,0.0354,0.8848,833,0.9333,1.0000,0.8750,0.7937,-1.0000
ecg_100,ecg,ADAPTIVE,256,3,0,33.0616,6.403125e-05,0.2094,0.9224,687,0.9333,1.0000,0.8750,1.1905,-1.0000
ecg_100,ecg,LEGACY_IMPORTANCE,256,3,0,35.8884,3.339742e-05,0.0097,0.9369,827,0.9333,1.0000,0.8750,0.7937,-1.0000
ecg_100,ecg,IMP_FIRST_ORDER,256,3,0,35.8627,3.359533e-05,0.0245,0.9366,830,0.9333,1.0000,0.8750,0.7937,-1.0000
ecg_100,ecg,IMP_WINDOWED_ENERGY,256,3,0,36.0095,3.247879e-05,0.0298,0.8926,812,0.9333,1.0000,0.8750,0.7937,-1.0000
ecg_100,ecg,IMP_COMPOSITE,256,3,0,36.0889,3.189015e-05,0.0267,0.9017,827,0.9333,1.0000,0.8750,0.7937,-1.0000
ecg_100,ecg,IMP_ADAPTIVE,256,3,0,36.1869,3.117914e-05,0.0169,0.8977,817,0.9333,1.0000,0.8750,0.7937,-1.0000
ecg_100,ecg,DROP,256,3,1,31.0810,1.010302e-04,0.0246,0.8837,831,0.9333,1.0000,0.8750,0.7937,-1.0000
ecg_100,ecg,RANDOM_DROP,256,3,1,21.4140,9.357401e-04,0.0012,0.8480,843,0.9333,1.0000,0.8750,1.5873,-1.0000
ecg_100,ecg,DROP_MIDDLE,256,3,1,29.2136,1.553073e-04,0.0080,0.8907,838,0.9333,1.0000,0.8750,1.9841,-1.0000
ecg_100,ecg,DROP_LOW_VARIANCE,256,3,1,35.8670,3.356229e-05,0.0183,0.8856,832,0.9333,1.0000,0.8750,0.7937,-1.0000
ecg_100,ecg,ADAPTIVE,256,3,1,33.1042,6.340625e-05,0.2147,0.9232,686,0.9333,1.0000,0.8750,0.7937,-1.0000
ecg_100,ecg,LEGACY_IMPORTANCE,256,3,1,35.8190,3.393481e-05,0.0020,0.9345,841,0.9333,1.0000,0.8750,0.7937,-1.0000
ecg_100,ecg,IMP_FIRST_ORDER,256,3,1,35.7495,3.448238e-05,0.0046,0.9342,840,0.9333,1.0000,0.8750,0.7937,-1.0000
ecg_100,ecg,IMP_WINDOWED_ENERGY,256,3,1,35.5221,3.633620e-05,0.0386,0.8888,832,0.9333,1.0000,0.8750,0.7937,-1.0000
ecg_100,ecg,IMP_COMPOSITE,256,3,1,35.8689,3.354746e-05,0.0546,0.8988,829,0.9333,1.0000,0.8750,0.7937,-1.0000
ecg_100,ecg,IMP_ADAPTIVE,256,3,1,36.2217,3.093036e-05,0.0524,0.9036,828,0.9333,1.0000,0.8750,0.7937,-1.0000
ecg_100,ecg,DROP,256,6,0,23.3201,6.033089e-04,0.0242,0.7664,1240,0.9333,1.0000,0.8750,1.9841,-1.0000
ecg_100,ecg,RANDOM_DROP,256,6,0,19.3736,1.496881e-03,0.0019,0.7635,1242,0.9333,1.0000,0.8750,1.5873,-1.0000
ecg_100,ecg,DROP_MIDDLE,256,6,0,21.6594,8.843309e-04,0.0082,0.7804,1242,0.9333,1.0000,0.8750,1.5873,-1.0000
ecg_100,ecg,DROP_LOW_VARIANCE,256,6,0,31.4359,9.310170e-05,0.0097,0.7959,1240,0.9333,1.0000,0.8750,0.7937,-1.0000
ecg_100,ecg,ADAPTIVE,256,6,0,26.8737,2.661835e-04,0.2019,0.8590,1106,0.9333,1.0000,0.8750,1.1905,-1.0000
ecg_100,ecg,LEGACY_IMPORTANCE,256,6,0,32.2384,7.739537e-05,0.0017,0.8564,1244,0.9333,1.0000,0.8750,0.7937,-1.0000
ecg_100,ecg,IMP_FIRST_ORDER,256,6,0,32.2004,7.807438e-05,0.0033,0.8558,1244,0.9333,1.0000,0.8750,0.7937,-1.0000
ecg_100,ecg,IMP_WINDOWED_ENERGY,256,6,0,31.3720,9.448253e-05,0.0498,0.7994,1238,0.9333,1.0000,0.8750,0.7937,-1.0000
ecg_100,ecg,IMP_COMPOSITE,256,6,0,32.3083,7.615949e-05,0.0246,0.8241,1234,0.9333,1.0000,0.8750,0.7937,-1.0000
ecg_100,ecg,IMP_ADAPTIVE,256,6,0,32.4810,7.319004e-05,0.0254,0.8010,1231,0.9333,1.0000,0.8750,0.7937,-1.0000
ecg_100,ecg,DROP,256,6,1,22.3879,7.477541e-04,0.0032,0.7788,1246,0.9333,1.0000,0.8750,2.3810,-1.0000
ecg_100,ecg,RANDOM_DROP,256,6,1,13.1442,6.282503e-03,0.0088,0.6880,1247,0.8571,1.0000,0.7500,1.8519,-1.0000
ecg_100,ecg,DROP_MIDDLE,256,6,1,21.2080,9.811729e-04,0.0012,0.7618,1246,0.9333,1.0000,0.8750,2.3810,-1.0000
ecg_100,ecg,DROP_LOW_VARIANCE,256,6,1,31.3761,9.439326e-05,0.0022,0.7943,1245,0.9333,1.0000,0.8750,0.7937,-1.0000
ecg_100,ecg,ADAPTIVE,256,6,1,26.3063,3.033340e-04,0.2006,0.8585,1106,0.9333,1.0000,0.8750,1.5873,-1.0000
ecg_100,ecg,LEGACY_IMPORTANCE,256,6,1,32.1465,7.905051e-05,0.0022,0.8539,1243,0.9333,1.0000,0.8750,0.7937,-1.0000
ecg_100,ecg,IMP_FIRST_ORDER,256,6,1,32.1655,7.870384e-05,0.0040,0.8547,1243,0.9333,1.0000,0.8750,0.7937,-1.0000
ecg_100,ecg,IMP_WINDOWED_ENERGY,256,6,1,31.3504,9.495355e-05,0.0482,0.7997,1237,0.9333,1.0000,0.8750,0.7937,-1.0000
ecg_100,ecg,IMP_COMPOSITE,256,6,1,32.3124,7.608716e-05,0.0264,0.8182,1233,0.9333,1.0000,0.8750,0.7937,-1.0000
ecg_100,ecg,IMP_ADAPTIVE,256,6,1,32.4382,7.391430e-05,0.0143,0.7973,1232,0.9333,1.0000,0.8750,0.7937,-1.0000
ecg_105,ecg,DROP,128,3,0,33.2051,7.099861e-05,0.0013,0.9033,968,0.9333,1.0000,0.8750,2.3810,-1.0000
ecg_105,ecg,RANDOM_DROP,128,3,0,29.3187,1.737348e-04,0.0020,0.8783,969,0.9333,1.0000,0.8750,2.7778,-1.0000
ecg_105,ecg,DROP_MIDDLE,128,3,0,33.8664,6.097083e-05,0.0011,0.9089,970,0.9333,1.0000,0.8750,2.3810,-1.0000
ecg_105,ecg,DROP_LOW_VARIANCE,128,3,0,33.1674,7.161724e-05,0.0022,0.8473,967,0.9333,1.0000,0.8750,1.5873,-1.0000
ecg_105,ecg,ADAPTIVE,128,3,0,36.1075,3.639236e-05,0.2070,0.9300,799,0.9333,1.0000,0.8750,1.5873,-1.0000
ecg_105,ecg,LEGACY_IMPORTANCE,128,3,0,33.6983,6.337710e-05,0.0010,0.9098,971,0.9333,1.0000,0.8750,1.9841,-1.0000
ecg_105,ecg,IMP_FIRST_ORDER,128,3,0,33.7189,6.307750e-05,0.0083,0.9098,968,0.9333,1.0000,0.8750,1.9841,-1.0000
ecg_105,ecg,IMP_WINDOWED_ENERGY,128,3,0,32.6380,8.090279e-05,0.0050,0.8552,966,0.9333,1.0000,0.8750,1.5873,-1.0000
ecg_105,ecg,IMP_COMPOSITE,128,3,0,34.4620,5.315700e-05,0.0233,0.8858,965,0.9333,1.0000,0.8750,1.5873,-1.0000
ecg_105,ecg,IMP_ADAPTIVE,128,3,0,34.6538,5.086028e-05,0.0213,0.8862,962,0.9333,1.0000,0.8750,1.5873,-1.0000
ecg_105,ecg,DROP,128,3,1,33.5088,6.620347e-05,0.0013,0.9033,962,0.9333,1.0000,0.8750,1.9841,-1.0000
ecg_105,ecg,RANDOM_DROP,128,3,1,25.3804,4.302518e-04,0.0023,0.8689,964,0.9333,1.0000,0.8750,3.5714,-1.0000
ecg_105,ecg,DROP_MIDDLE,128,3,1,33.4533,6.705451e-05,0.0010,0.9091,954,0.9333,1.0000,0.8750,1.9841,-1.0000
ecg_105,ecg,DROP_LOW_VARIANCE,128,3,1,33.1819,7.137912e-05,0.0198,0.8458,972,0.9333,1.0000,0.8750,1.5873,-1.0000
ecg_105,ecg,ADAPTIVE,128,3,1,35.7820,3.922500e-05,0.2310,0.9218,798,0.9333,1.0000,0.8750,1.9841,-1.0000
ecg_105,ecg,LEGACY_IMPORTANCE,128,3,1,33.6756,6.370853e-05,0.0021,0.9115,970,0.9333,1.0000,0.8750,1.9841,-1.0000
ecg_105,ecg,IMP_FIRST_ORDER,128,3,1,33.6886,6.351802e-05,0.0018,0.9120,968,0.9333,1.0000,0.8750,1.9841,-1.0000
ecg_105,ecg,IMP_WINDOWED_ENERGY,128,3,1,32.9160,7.588671e-05,0.0035,0.8576,963,0.9333,1.0000,0.8750,1.5873,-1.0000
ecg_105,ecg,IMP_COMPOSITE,128,3,1,34.4395,5.343384e-05,0.0517,0.8843,961,0.9333,1.0000,0.8750,1.5873,-1.0000
ecg_105,ecg,IMP_ADAPTIVE,128,3,1,35.0348,4.658872e-05,0.0227,0.8896,957,0.9333,1.0000,0.8750,1.5873,-1.0000
ecg_105,ecg,DROP,128,6,0,27.0659,2.918577e-04,0.0021,0.8184,1374,0.9333,1.0000,0.8750,1.9841,-1.0000
ecg_105,ecg,RANDOM_DROP,128,6,0,16.3188,3.466411e-03,0.0021,0.7715,1370,0.9333,1.0000,0.8750,5.9524,-1.0000
ecg_105,ecg,DROP_MIDDLE,128,6,0,26.4083,3.395737e-04,0.0207,0.8081,1369,0.9333,1.0000,0.8750,2.7778,-1.0000
ecg_105,ecg,DROP_LOW_VARIANCE,128,6,0,23.8661,6.097551e-04,0.0026,0.7335,1371,0.9333,1.0000,0.8750,1.5873,-1.0000
ecg_105,ecg,ADAPTIVE,128,6,0,30.5499,1.308503e-04,0.3851,0.8759,1217,0.9333,1.0000,0.8750,3.9683,-1.0000
ecg_105,ecg,LEGACY_IMPORTANCE,128,6,0,28.4935,2.100936e-04,0.0023,0.8134,1369,0.9333,1.0000,0.8750,1.9841,-1.0000
ecg_105,ecg,IMP_FIRST_ORDER,128,6,0,28.5085,2.093700e-04,0.0091,0.8098,1368,0.9333,1.0000,0.8750,1.9841,-1.0000
ecg_105,ecg,IMP_WINDOWED_ENERGY,128,6,0,27.0661,2.918434e-04,0.0240,0.7631,1369,0.9333,1.0000,0.8750,1.5873,-1.0000
ecg_105,ecg,IMP_COMPOSITE,128,6,0,29.6414,1.612968e-04,0.0269,0.7980,1367,0.9333,1.0000,0.8750,1.5873,-1.0000
ecg_105,ecg,IMP_ADAPTIVE,128,6,0,29.9733,1.494286e-04,0.0285,0.7872,1369,0.9333,1.0000,0.8750,1.5873,-1.0000
ecg_105,ecg,DROP,128,6,1,26.6686,3.198157e-04,0.0025,0.8083,1371,0.9333,1.0000,0.8750,4.3651,-1.0000
ecg_105,ecg,RANDOM_DROP,128,6,1,18.9319,1.899191e-03,0.0084,0.7917,1372,0.9333,1.0000,0.8750,4.7619,-1.0000
ecg_105,ecg,DROP_MIDDLE,128,6,1,27.2134,2.821115e-04,0.0014,0.8223,1372,0.9333,1.0000,0.8750,2.7778,-1.0000
ecg_105,ecg,DROP_LOW_VARIANCE,128,6,1,23.8949,6.057138e-04,0.0034,0.7340,1368,0.9333,1.0000,0.8750,1.5873,-1.0000
ecg_105,ecg,ADAPTIVE,128,6,1,30.7147,1.259780e-04,0.2037,0.8865,1219,0.9333,1.0000,0.8750,3.1746,-1.0000
ecg_105,ecg,LEGACY_IMPORTANCE,128,6,1,28.5617,2.068215e-04,0.0250,0.8146,1370,0.9333,1.0000,0.8750,1.9841,-1.0000
ecg_105,ecg,IMP_FIRST_ORDER,128,6,1,28.5523,2.072665e-04,0.0172,0.8127,1363,0.9333,1.0000,0.8750,1.9841,-1.0000
ecg_105,ecg,IMP_WINDOWED_ENERGY,128,6,1,25.5721,4.116737e-04,0.0368,0.7672,1369,0.9333,1.0000,0.8750,1.5873,-1.0000
ecg_105,ecg,IMP_COMPOSITE,128,6,1,29.5294,1.655102e-04,0.0220,0.8038,1368,0.9333,1.0000,0.8750,1.5873,-1.0000
ecg_105,ecg,IMP_ADAPTIVE,128,6,1,30.3208,1.379369e-04,0.0318,0.7917,1369,0.9333,1.0000,0.8750,1.5873,-1.0000
ecg_105,ecg,DROP,256,3,0,33.7631,6.243854e-05,0.0017,0.9093,841,0.9333,1.0000,0.8750,3.1746,-1.0000
ecg_105,ecg,RANDOM_DROP,256,3,0,26.8921,3.037738e-04,0.0035,0.8954,840,0.9333,1.0000,0.8750,2.7778,-1.0000
ecg_105,ecg,DROP_MIDDLE,256,3,0,34.5298,5.233403e-05,0.0015,0.9252,839,0.9333,1.0000,0.8750,1.1905,-1.0000
ecg_105,ecg,DROP_LOW_VARIANCE,256,3,0,34.7881,4.931183e-05,0.0035,0.8716,841,0.9333,1.0000,0.8750,1.5873,-1.0000
ecg_105,ecg,ADAPTIVE,256,3,0,36.5440,3.291250e-05,0.2158,0.9339,692,0.9333,1.0000,0.8750,2.3810,-1.0000
ecg_105,ecg,LEGACY_IMPORTANCE,256,3,0,34.3220,5.489881e-05,0.0025,0.9298,842,0.9333,1.0000,0.8750,1.9841,-1.0000
ecg_105,ecg,IMP_FIRST_ORDER,256,3,0,34.3616,5.440082e-05,0.0492,0.9307,834,0.9333,1.0000,0.8750,1.9841,-1.0000
ecg_105,ecg,IMP_WINDOWED_ENERGY,256,3,0,34.3721,5.426864e-05,0.0344,0.8846,823,0.9333,1.0000,0.8750,1.5873,-1.0000
ecg_105,ecg,IMP_COMPOSITE,256,3,0,35.3865,4.296514e-05,0.0404,0.9110,820,0.9333,1.0000,0.8750,1.5873,-1.0000
ecg_105,ecg,IMP_ADAPTIVE,256,3,0,35.9614,3.763746e-05,0.0565,0.9127,829,0.9333,1.0000,0.8750,1.5873,-1.0000
ecg_105,ecg,DROP,256,3,1,33.6440,6.417431e-05,0.0025,0.9173,841,0.9333,1.0000,0.8750,2.7778,-1.0000
ecg_105,ecg,RANDOM_DROP,256,3,1,22.0355,9.294217e-04,0.0178,0.8778,843,0.9333,1.0000,0.8750,2.7778,-1.0000
ecg_105,ecg,DROP_MIDDLE,256,3,1,34.2617,5.566562e-05,0.0080,0.9250,842,0.9333,1.0000,0.8750,1.9841,-1.0000
ecg_105,ecg,DROP_LOW_VARIANCE,256,3,1,34.9048,4.800483e-05,0.0028,0.8725,838,0.9333,1.0000,0.8750,1.5873,-1.0000
ecg_105,ecg,ADAPTIVE,256,3,1,36.2843,3.494062e-05,0.2226,0.9367,691,0.9333,1.0000,0.8750,1.5873,-1.0000
ecg_105,ecg,LEGACY_IMPORTANCE,256,3,1,34.4434,5.338573e-05,0.0217,0.9307,828,0.9333,1.0000,0.8750,1.9841,-1.0000
ecg_105,ecg,IMP_FIRST_ORDER,256,3,1,34.3913,5.402910e-05,0.0558,0.9315,831,0.9333,1.0000,0.8750,1.9841,-1.0000
ecg_105,ecg,IMP_WINDOWED_ENERGY,256,3,1,34.5552,5.202871e-05,0.0221,0.8860,823,0.9333,1.0000,0.8750,1.5873,-1.0000
ecg_105,ecg,IMP_COMPOSITE,256,3,1,35.4878,4.197375e-05,0.0295,0.9098,813,0.9333,1.0000,0.8750,1.5873,-1.0000
ecg_105,ecg,IMP_ADAPTIVE,256,3,1,35.5822,4.107147e-05,0.0358,0.9139,831,0.9333,1.0000,0.8750,1.5873,-1.0000
ecg_105,ecg,DROP,256,6,0,26.8580,3.061659e-04,0.0012,0.8405,1245,0.9333,1.0000,0.8750,1.9841,-1.0000
ecg_105,ecg,RANDOM_DROP,256,6,0,18.3278,2.182658e-03,0.0020,0.8160,1246,0.9333,1.0000,0.8750,3.5714,-1.0000
ecg_105,ecg,DROP_MIDDLE,256,6,0,26.8648,3.056889e-04,0.0010,0.8199,1246,0.9333,1.0000,0.8750,4.7619,-1.0000
ecg_105,ecg,DROP_LOW_VARIANCE,256,6,0,27.7535,2.491197e-04,0.0217,0.7691,1244,0.9333,1.0000,0.8750,1.5873,-1.0000
ecg_105,ecg,ADAPTIVE,256,6,0,30.6305,1.284434e-04,0.2252,0.8706,1107,0.9333,1.0000,0.8750,1.9841,-1.0000
ecg_105,ecg,LEGACY_IMPORTANCE,256,6,0,30.1223,1.443872e-04,0.0025,0.8420,1245,0.9333,1.0000,0.8750,1.9841,-1.0000
ecg_105,ecg,IMP_FIRST_ORDER,256,6,0,30.1554,1.432929e-04,0.0237,0.8432,1244,0.9333,1.0000,0.8750,1.9841,-1.0000
ecg_105,ecg,IMP_WINDOWED_ENERGY,256,6,0,28.2147,2.240227e-04,0.0240,0.8023,1238,0.9333,1.0000,0.8750,1.5873,-1.0000
ecg_105,ecg,IMP_COMPOSITE,256,6,0,31.2634,1.110251e-04,0.0301,0.8297,1235,0.9333,1.0000,0.8750,1.5873,-1.0000
ecg_105,ecg,IMP_ADAPTIVE,256,6,0,30.9181,1.202139e-04,0.0158,0.8201,1233,0.9333,1.0000,0.8750,1.5873,-1.0000
ecg_105,ecg,DROP,256,6,1,26.9169,3.020430e-04,0.0022,0.8261,1246,0.9333,1.0000,0.8750,3.1746,-1.0000
ecg_105,ecg,RANDOM_DROP,256,6,1,15.2023,4.482593e-03,0.0020,0.7831,1246,0.9333,1.0000,0.8750,4.7619,-1.0000
ecg_105,ecg,DROP_MIDDLE,256,6,1,27.3098,2.759198e-04,0.0214,0.8276,1247,0.9333,1.0000,0.8750,2.7778,-1.0000
ecg_105,ecg,DROP_LOW_VARIANCE,256,6,1,27.7163,2.512666e-04,0.0039,0.7703,1244,0.9333,1.0000,0.8750,1.5873,-1.0000
ecg_105,ecg,ADAPTIVE,256,6,1,30.6445,1.280309e-04,0.2209,0.8651,1107,0.9333,1.0000,0.8750,1.9841,-1.0000
ecg_105,ecg,LEGACY_IMPORTANCE,256,6,1,30.0542,1.466715e-04,0.0195,0.8410,1245,0.9333,1.0000,0.8750,1.9841,-1.0000
ecg_105,ecg,IMP_FIRST_ORDER,256,6,1,30.0593,1.464991e-04,0.0028,0.8410,1246,0.9333,1.0000,0.8750,1.9841,-1.0000
ecg_105,ecg,IMP_WINDOWED_ENERGY,256,6,1,29.1776,1.794727e-04,0.0491,0.8004,1238,0.9333,1.0000,0.8750,1.5873,-1.0000
ecg_105,ecg,IMP_COMPOSITE,256,6,1,30.9071,1.205193e-04,0.0300,0.8235,1234,0.9333,1.0000,0.8750,1.5873,-1.0000
ecg_105,ecg,IMP_ADAPTIVE,256,6,1,31.2322,1.118256e-04,0.0241,0.8170,1230,0.9333,1.0000,0.8750,1.5873,-1.0000
ecg_108,ecg,DROP,128,3,0,32.1580,6.520833e-05,0.0015,0.8408,971,0.1053,0.0833,0.1429,27.7778,-1.0000
ecg_108,ecg,RANDOM_DROP,128,3,0,26.9808,2.147948e-04,0.0078,0.7770,963,0.1053,0.0833,0.1429,27.7778,-1.0000
ecg_108,ecg,DROP_MIDDLE,128,3,0,32.1346,6.556076e-05,0.0077,0.8418,967,0.1053,0.0833,0.1429,27.7778,-1.0000
ecg_108,ecg,DROP_LOW_VARIANCE,128,3,0,30.7991,8.916489e-05,0.0085,0.7638,964,0.1053,0.0833,0.1429,27.7778,-1.0000
ecg_108,ecg,ADAPTIVE,128,3,0,34.6777,3.650312e-05,0.1907,0.8931,785,0.1053,0.0833,0.1429,27.7778,-1.0000
ecg_108,ecg,LEGACY_IMPORTANCE,128,3,0,30.2575,1.010066e-04,0.0084,0.8537,966,0.1053,0.0833,0.1429,27.7778,-1.0000
ecg_108,ecg,IMP_FIRST_ORDER,128,3,0,30.1046,1.046265e-04,0.0020,0.8502,971,0.1053,0.0833,0.1429,27.7778,-1.0000
ecg_108,ecg,IMP_WINDOWED_ENERGY,128,3,0,30.2429,1.013471e-04,0.0049,0.7943,964,0.1053,0.0833,0.1429,27.7778,-1.0000
ecg_108,ecg,IMP_COMPOSITE,128,3,0,31.4629,7.652605e-05,0.0053,0.8161,965,0.1053,0.0833,0.1429,27.7778,-1.0000
ecg_108,ecg,IMP_ADAPTIVE,128,3,0,32.2260,6.419514e-05,0.0246,0.8235,961,0.1053,0.0833,0.1429,27.7778,-1.0000
ecg_108,ecg,DROP,128,3,1,32.1589,6.519549e-05,0.0013,0.8492,963,0.1053,0.0833,0.1429,27.7778,-1.0000
ecg_108,ecg,RANDOM_DROP,128,3,1,27.6333,1.848284e-04,0.0077,0.7693,961,0.1053,0.0833,0.1429,27.7778,-1.0000
ecg_108,ecg,DROP_MIDDLE,128,3,1,32.4682,6.071285e-05,0.0013,0.8521,970,0.1053,0.0833,0.1429,27.7778,-1.0000
ecg_108,ecg,DROP_LOW_VARIANCE,128,3,1,30.8288,8.855706e-05,0.0083,0.7645,959,0.1053,0.0833,0.1429,27.7778,-1.0000
ecg_108,ecg,ADAPTIVE,128,3,1,34.5586,3.751875e-05,0.2412,0.8922,798,0.1053,0.0833,0.1429,27.7778,-1.0000
ecg_108,ecg,LEGACY_IMPORTANCE,128,3,1,30.1593,1.033179e-04,0.0082,0.8530,961,0.1053,0.0833,0.1429,27.7778,-1.0000
ecg_108,ecg,IMP_FIRST_ORDER,128,3,1,30.1592,1.033202e-04,0.0022,0.8514,962,0.1053,0.0833,0.1429,27.7778,-1.0000
ecg_108,ecg,IMP_WINDOWED_ENERGY,128,3,1,30.3424,9.905127e-05,0.0103,0.7953,965,0.1053,0.0833,0.1429,27.7778,-1.0000
ecg_108,ecg,IMP_COMPOSITE,128,3,1,31.4416,7.690242e-05,0.0059,0.8142,962,0.1053,0.0833,0.1429,27.7778,-1.0000
ecg_108,ecg,IMP_ADAPTIVE,128,3,1,32.1312,6.561270e-05,0.0053,0.8287,949,0.1053,0.0833,0.1429,27.7778,-1.0000
ecg_108,ecg,DROP,128,6,0,26.0161,2.682241e-04,0.0021,0.6605,1370,0.1053,0.0833,0.1429,27.7778,-1.0000
ecg_108,ecg,RANDOM_DROP,128,6,0,21.8577,6.987711e-04,0.0029,0.6092,1375,0.1053,0.0833,0.1429,27.7778,-1.0000
ecg_108,ecg,DROP_MIDDLE,128,6,0,26.0178,2.681150e-04,0.0236,0.6339,1375,0.1053,0.0833,0.1429,27.7778,-1.0000
ecg_108,ecg,DROP_LOW_VARIANCE,128,6,0,25.5546,2.982938e-04,0.0026,0.5793,1374,0.1053,0.0833,0.1429,27.7778,-1.0000
ecg_108,ecg,ADAPTIVE,128,6,0,29.6024,1.174533e-04,0.1846,0.8030,1220,0.1053,0.0833,0.1429,27.7778,-1.0000
ecg_108,ecg,LEGACY_IMPORTANCE,128,6,0,25.9933,2.696345e-04,0.0031,0.6981,1374,0.1053,0.0833,0.1429,27.7778,-1.0000
ecg_108,ecg,IMP_FIRST_ORDER,128,6,0,26.1654,2.591599e-04,0.0194,0.6987,1374,0.1053,0.0833,0.1429,27.7778,-1.0000
ecg_108,ecg,IMP_WINDOWED_ENERGY,128,6,0,24.7510,3.589262e-04,0.0045,0.6313,1369,0.1053,0.0833,0.1429,27.7778,-1.0000
ecg_108,ecg,IMP_COMPOSITE,128,6,0,27.0368,2.120428e-04,0.0057,0.6717,1368,0.1000,0.0769,0.1429,27.7778,-1.0000
ecg_108,ecg,IMP_ADAPTIVE,128,6,0,27.0977,2.090895e-04,0.0519,0.6547,1367,0.1053,0.0833,0.1429,27.7778,-1.0000
ecg_108,ecg,DROP,128,6,1,26.6803,2.301824e-04,0.0320,0.6785,1373,0.1053,0.0833,0.1429,27.7778,-1.0000
ecg_108,ecg,RANDOM_DROP,128,6,1,23.5668,4.714331e-04,0.0021,0.6368,1371,0.1053,0.0833,0.1429,27.7778,-1.0000
ecg_108,ecg,DROP_MIDDLE,128,6,1,26.4927,2.403449e-04,0.0020,0.6689,1371,0.1053,0.0833,0.1429,27.7778,-1.0000
ecg_108,ecg,DROP_LOW_VARIANCE,128,6,1,25.9564,2.719356e-04,0.0084,0.5813,1370,0.1053,0.0833,0.1429,27.7778,-1.0000
ecg_108,ecg,ADAPTIVE,128,6,1,29.2086,1.286016e-04,0.2956,0.7388,1220,0.1053,0.0833,0.1429,27.7778,-1.0000
ecg_108,ecg,LEGACY_IMPORTANCE,128,6,1,26.0443,2.664866e-04,0.0024,0.7035,1370,0.1053,0.0833,0.1429,27.7778,-1.0000
ecg_108,ecg,IMP_FIRST_ORDER,128,6,1,25.8994,2.755268e-04,0.0021,0.6981,1374,0.1053,0.0833,0.1429,27.7778,-1.0000
ecg_108,ecg,IMP_WINDOWED_ENERGY,128,6,1,24.4358,3.859461e-04,0.0040,0.6345,1371,0.1053,0.0833,0.1429,27.7778,-1.0000
ecg_108,ecg,IMP_COMPOSITE,128,6,1,27.2615,2.013486e-04,0.0046,0.6849,1369,0.1053,0.0833,0.1429,27.7778,-1.0000
ecg_108,ecg,IMP_ADAPTIVE,128,6,1,27.6018,1.861776e-04,0.0251,0.6551,1368,0.1053,0.0833,0.1429,27.7778,-1.0000
ecg_108,ecg,DROP,256,3,0,32.7126,5.739132e-05,0.0132,0.8774,837,0.1053,0.0833,0.1429,27.7778,-1.0000
ecg_108,ecg,RANDOM_DROP,256,3,0,28.2994,1.585490e-04,0.0087,0.8142,837,0.1053,0.0833,0.1429,27.7778,-1.0000
ecg_108,ecg,DROP_MIDDLE,256,3,0,32.7810,5.649410e-05,0.0007,0.8761,838,0.1053,0.0833,0.1429,27.7778,-1.0000
ecg_108,ecg,DROP_LOW_VARIANCE,256,3,0,31.9938,6.772025e-05,0.0031,0.8081,841,0.1053,0.0833,0.1429,27.7778,-1.0000
ecg_108,ecg,ADAPTIVE,256,3,0,35.4781,3.035937e-05,0.2213,0.9102,695,0.1053,0.0833,0.1429,27.7778,-1.0000
ecg_108,ecg,LEGACY_IMPORTANCE,256,3,0,31.4335,7.704677e-05,0.0197,0.8787,840,0.1053,0.0833,0.1429,27.7778,-1.0000
ecg_108,ecg,IMP_FIRST_ORDER,256,3,0,31.6545,7.322348e-05,0.0048,0.8826,839,0.1053,0.0833,0.1429,27.7778,-1.0000
ecg_108,ecg,IMP_WINDOWED_ENERGY,256,3,0,29.9124,1.093604e-04,0.0169,0.8290,816,0.1053,0.0833,0.1429,27.7778,-1.0000
ecg_108,ecg,IMP_COMPOSITE,256,3,0,32.0575,6.673427e-05,0.0520,0.8450,828,0.1053,0.0833,0.1429,27.7778,-1.0000
ecg_108,ecg,IMP_ADAPTIVE,256,3,0,32.9119,5.481678e-05,0.0265,0.8627,817,0.1053,0.0833,0.1429,27.7778,-1.0000
ecg_108,ecg,DROP,256,3,1,33.3300,4.978576e-05,0.0012,0.8813,827,0.1053,0.0833,0.1429,27.7778,-1.0000
ecg_108,ecg,RANDOM_DROP,256,3,1,28.9804,1.355392e-04,0.0083,0.8245,833,0.1053,0.0833,0.1429,27.7778,-1.0000
ecg_108,ecg,DROP_MIDDLE,256,3,1,32.9009,5.495521e-05,0.0008,0.8691,841,0.1053,0.0833,0.1429,27.7778,-1.0000
ecg_108,ecg,DROP_LOW_VARIANCE,256,3,1,31.9457,6.847569e-05,0.0030,0.8091,838,0.1053,0.0833,0.1429,27.7778,-1.0000
ecg_108,ecg,ADAPTIVE,256,3,1,35.7066,2.880312e-05,0.2454,0.9166,679,0.1053,0.0833,0.1429,27.7778,-1.0000
ecg_108,ecg,LEGACY_IMPORTANCE,256,3,1,31.4686,7.642562e-05,0.0018,0.8803,841,0.1053,0.0833,0.1429,27.7778,-1.0000
ecg_108,ecg,IMP_FIRST_ORDER,256,3,1,31.5339,7.528671e-05,0.0024,0.8806,840,0.1053,0.0833,0.1429,27.7778,-1.0000
ecg_108,ecg,IMP_WINDOWED_ENERGY,256,3,1,30.3407,9.909106e-05,0.0364,0.8242,834,0.1053,0.0833,0.1429,27.7778,-1.0000
ecg_108,ecg,IMP_COMPOSITE,256,3,1,32.2897,6.326123e-05,0.0253,0.8476,826,0.1053,0.0833,0.1429,27.7778,-1.0000
ecg_108,ecg,IMP_ADAPTIVE,256,3,1,33.0109,5.358163e-05,0.0308,0.8604,820,0.1053,0.0833,0.1429,27.7778,-1.0000
ecg_108,ecg,DROP,256,6,0,26.9965,2.140194e-04,0.0022,0.6897,1245,0.1053,0.0833,0.1429,27.7778,-1.0000
ecg_108,ecg,RANDOM_DROP,256,6,0,23.5697,4.711205e-04,0.0108,0.6952,1247,0.1053,0.0833,0.1429,27.7778,-1.0000
ecg_108,ecg,DROP_MIDDLE,256,6,0,26.2864,2.520370e-04,0.0024,0.6762,1246,0.1053,0.0833,0.1429,27.7778,-1.0000
ecg_108,ecg,DROP_LOW_VARIANCE,256,6,0,27.6282,1.850494e-04,0.0346,0.6467,1245,0.1053,0.0833,0.1429,27.7778,-1.0000
ecg_108,ecg,ADAPTIVE,256,6,0,29.7419,1.137406e-04,0.2360,0.7648,1106,0.1053,0.0833,0.1429,27.7778,-1.0000
ecg_108,ecg,LEGACY_IMPORTANCE,256,6,0,26.9980,2.139442e-04,0.0216,0.7549,1246,0.1053,0.0833,0.1429,27.7778,-1.0000
ecg_108,ecg,IMP_FIRST_ORDER,256,6,0,26.9454,2.165541e-04,0.0034,0.7507,1245,0.1053,0.0833,0.1429,27.7778,-1.0000
ecg_108,ecg,IMP_WINDOWED_ENERGY,256,6,0,26.1808,2.582381e-04,0.0289,0.6948,1239,0.1053,0.0833,0.1429,27.7778,-1.0000
ecg_108,ecg,IMP_COMPOSITE,256,6,0,27.5357,1.890310e-04,0.0253,0.7192,1234,0.1000,0.0769,0.1429,27.7778,-1.0000
ecg_108,ecg,IMP_ADAPTIVE,256,6,0,28.4274,1.539431e-04,0.0305,0.7147,1229,0.1053,0.0833,0.1429,27.7778,-1.0000
ecg_108,ecg,DROP,256,6,1,27.1225,2.079002e-04,0.0031,0.7019,1244,0.1053,0.0833,0.1429,27.7778,-1.0000
ecg_108,ecg,RANDOM_DROP,256,6,1,23.3512,4.954285e-04,0.0024,0.6509,1247,0.1053,0.0833,0.1429,27.7778,-1.0000
ecg_108,ecg,DROP_MIDDLE,256,6,1,26.8916,2.192532e-04,0.0015,0.6984,1246,0.1053,0.0833,0.1429,27.7778,-1.0000
ecg_108,ecg,DROP_LOW_VARIANCE,256,6,1,27.7363,1.804992e-04,0.0200,0.6467,1243,0.1053,0.0833,0.1429,27.7778,-1.0000
ecg_108,ecg,ADAPTIVE,256,6,1,29.6785,1.154118e-04,0.1456,0.7500,1105,0.1053,0.0833,0.1429,27.7778,-1.0000
ecg_108,ecg,LEGACY_IMPORTANCE,256,6,1,27.3083,1.991907e-04,0.0113,0.7571,1241,0.1053,0.0833,0.1429,27.7778,-1.0000
ecg_108,ecg,IMP_FIRST_ORDER,256,6,1,26.8438,2.216777e-04,0.0044,0.7549,1239,0.1053,0.0833,0.1429,27.7778,-1.0000
ecg_108,ecg,IMP_WINDOWED_ENERGY,256,6,1,25.7826,2.830346e-04,0.0462,0.6875,1237,0.1053,0.0833,0.1429,27.7778,-1.0000
ecg_108,ecg,IMP_COMPOSITE,256,6,1,28.0743,1.669828e-04,0.0288,0.7318,1231,0.1000,0.0769,0.1429,27.7778,-1.0000
ecg_108,ecg,IMP_ADAPTIVE,256,6,1,28.5419,1.499375e-04,0.0282,0.7208,1232,0.1053,0.0833,0.1429,27.7778,-1.0000
ecg_201,ecg,DROP,128,3,0,31.7942,4.659618e-05,0.0023,0.8997,969,0.9412,1.0000,0.8889,2.7778,-1.0000
ecg_201,ecg,RANDOM_DROP,128,3,0,25.7559,1.871473e-04,0.0029,0.8535,968,0.9412,1.0000,0.8889,1.7361,-1.0000
ecg_201,ecg,DROP_MIDDLE,128,3,0,30.7112,5.979340e-05,0.0225,0.8959,968,0.9412,1.0000,0.8889,1.7361,-1.0000
ecg_201,ecg,DROP_LOW_VARIANCE,128,3,0,31.2357,5.299101e-05,0.0015,0.8462,970,0.9412,1.0000,0.8889,2.4306,-1.0000
ecg_201,ecg,ADAPTIVE,128,3,0,33.7237,2.988125e-05,0.2300,0.9206,786,0.9412,1.0000,0.8889,1.0417,-1.0000
ecg_201,ecg,LEGACY_IMPORTANCE,128,3,0,31.7784,4.676605e-05,0.0079,0.9076,965,0.9412,1.0000,0.8889,2.4306,-1.0000
ecg_201,ecg,IMP_FIRST_ORDER,128,3,0,31.7215,4.738306e-05,0.0023,0.9050,970,0.9412,1.0000,0.8889,2.4306,-1.0000
ecg_201,ecg,IMP_WINDOWED_ENERGY,128,3,0,30.8892,5.739261e-05,0.0241,0.8565,966,0.9412,1.0000,0.8889,2.4306,-1.0000
ecg_201,ecg,IMP_COMPOSITE,128,3,0,32.5409,3.923562e-05,0.0509,0.8779,960,0.9412,1.0000,0.8889,2.4306,-1.0000
ecg_201,ecg,IMP_ADAPTIVE,128,3,0,33.0364,3.500508e-05,0.0351,0.8821,951,0.9412,1.0000,0.8889,2.4306,-1.0000
ecg_201,ecg,DROP,128,3,1,30.6256,6.098333e-05,0.0016,0.8985,965,0.9412,1.0000,0.8889,1.7361,-1.0000
ecg_201,ecg,RANDOM_DROP,128,3,1,26.6417,1.526171e-04,0.0085,0.8571,959,0.9412,1.0000,0.8889,1.7361,-1.0000
ecg_201,ecg,DROP_MIDDLE,128,3,1,31.6434,4.824306e-05,0.0008,0.8903,963,0.9412,1.0000,0.8889,2.4306,-1.0000
ecg_201,ecg,DROP_LOW_VARIANCE,128,3,1,31.3882,5.116210e-05,0.0122,0.8482,962,0.9412,1.0000,0.8889,2.4306,-1.0000
ecg_201,ecg,ADAPTIVE,128,3,1,33.7767,2.951875e-05,0.2184,0.9256,784,0.9412,1.0000,0.8889,2.4306,-1.0000
ecg_201,ecg,LEGACY_IMPORTANCE,128,3,1,31.8227,4.629169e-05,0.0083,0.9071,965,0.9412,1.0000,0.8889,2.4306,-1.0000
ecg_201,ecg,IMP_FIRST_ORDER,128,3,1,31.7954,4.658323e-05,0.0021,0.9062,962,0.9412,1.0000,0.8889,2.4306,-1.0000
ecg_201,ecg,IMP_WINDOWED_ENERGY,128,3,1,31.5351,4.946077e-05,0.0195,0.8738,959,0.9412,1.0000,0.8889,2.4306,-1.0000
ecg_201,ecg,IMP_COMPOSITE,128,3,1,32.6054,3.865775e-05,0.0226,0.8741,959,0.9412,1.0000,0.8889,2.4306,-1.0000
ecg_201,ecg,IMP_ADAPTIVE,128,3,1,33.1441,3.414765e-05,0.0066,0.8800,954,0.9412,1.0000,0.8889,2.4306,-1.0000
ecg_201,ecg,DROP,128,6,0,23.8604,2.895526e-04,0.0019,0.7832,1370,0.9412,1.0000,0.8889,1.7361,-1.0000
ecg_201,ecg,RANDOM_DROP,128,6,0,13.9879,2.811795e-03,0.0025,0.7238,1369,0.9412,1.0000,0.8889,4.1667,-1.0000
ecg_201,ecg,DROP_MIDDLE,128,6,0,24.2411,2.652510e-04,0.0024,0.7832,1372,0.9412,1.0000,0.8889,3.8194,-1.0000
ecg_201,ecg,DROP_LOW_VARIANCE,128,6,0,21.3790,5.127155e-04,0.0041,0.7300,1370,0.9412,1.0000,0.8889,2.4306,-1.0000
ecg_201,ecg,ADAPTIVE,128,6,0,28.0025,1.115634e-04,0.2169,0.8597,1220,0.9412,1.0000,0.8889,2.4306,-1.0000
ecg_201,ecg,LEGACY_IMPORTANCE,128,6,0,27.3550,1.295011e-04,0.0030,0.8124,1372,0.9412,1.0000,0.8889,1.7361,-1.0000
ecg_201,ecg,IMP_FIRST_ORDER,128,6,0,26.9965,1.406445e-04,0.0030,0.8132,1370,0.9412,1.0000,0.8889,1.7361,-1.0000
ecg_201,ecg,IMP_WINDOWED_ENERGY,128,6,0,25.6238,1.929282e-04,0.0260,0.7750,1368,0.9412,1.0000,0.8889,2.4306,-1.0000
ecg_201,ecg,IMP_COMPOSITE,128,6,0,27.8973,1.142983e-04,0.0199,0.8003,1368,0.9412,1.0000,0.8889,2.4306,-1.0000
ecg_201,ecg,IMP_ADAPTIVE,128,6,0,28.3850,1.021582e-04,0.0243,0.7924,1366,0.9412,1.0000,0.8889,2.4306,-1.0000
ecg_201,ecg,DROP,128,6,1,23.8950,2.872550e-04,0.0022,0.7879,1370,0.9412,1.0000,0.8889,2.0833,-1.0000
ecg_201,ecg,RANDOM_DROP,128,6,1,12.0704,4.372572e-03,0.0030,0.7247,1370,0.9412,1.0000,0.8889,4.5139,-1.0000
ecg_201,ecg,DROP_MIDDLE,128,6,1,24.1012,2.739387e-04,0.0020,0.8024,1370,0.9412,1.0000,0.8889,2.0833,-1.0000
ecg_201,ecg,DROP_LOW_VARIANCE,128,6,1,21.2910,5.232077e-04,0.0238,0.7303,1369,0.9412,1.0000,0.8889,2.4306,-1.0000
ecg_201,ecg,ADAPTIVE,128,6,1,28.1096,1.088469e-04,0.1736,0.8541,1221,0.9412,1.0000,0.8889,2.4306,-1.0000
ecg_201,ecg,LEGACY_IMPORTANCE,128,6,1,27.4084,1.279167e-04,0.0020,0.8126,1370,0.9412,1.0000,0.8889,1.7361,-1.0000
ecg_201,ecg,IMP_FIRST_ORDER,128,6,1,27.2398,1.329808e-04,0.0251,0.8162,1366,0.9412,1.0000,0.8889,1.7361,-1.0000
ecg_201,ecg,IMP_WINDOWED_ENERGY,128,6,1,25.5414,1.966214e-04,0.0227,0.7732,1370,0.9412,1.0000,0.8889,2.4306,-1.0000
ecg_201,ecg,IMP_COMPOSITE,128,6,1,27.6592,1.207392e-04,0.0269,0.7932,1366,0.9412,1.0000,0.8889,2.4306,-1.0000
ecg_201,ecg,IMP_ADAPTIVE,128,6,1,28.1100,1.088349e-04,0.0197,0.7868,1370,0.9412,1.0000,0.8889,2.4306,-1.0000
ecg_201,ecg,DROP,256,3,0,32.1482,4.294931e-05,0.0012,0.9141,838,0.9412,1.0000,0.8889,2.0833,-1.0000
ecg_201,ecg,RANDOM_DROP,256,3,0,26.7220,1.498197e-04,0.0010,0.8856,839,0.9412,1.0000,0.8889,2.4306,-1.0000
ecg_201,ecg,DROP_MIDDLE,256,3,0,31.6667,4.798472e-05,0.0010,0.9156,837,0.9412,1.0000,0.8889,2.0833,-1.0000
ecg_201,ecg,DROP_LOW_VARIANCE,256,3,0,33.6305,3.052978e-05,0.0203,0.8768,835,0.9412,1.0000,0.8889,2.4306,-1.0000
ecg_201,ecg,ADAPTIVE,256,3,0,34.2823,2.627500e-05,0.2066,0.9312,691,0.9412,1.0000,0.8889,2.0833,-1.0000
ecg_201,ecg,LEGACY_IMPORTANCE,256,3,0,33.0810,3.464717e-05,0.0025,0.9288,842,0.9412,1.0000,0.8889,2.4306,-1.0000
ecg_201,ecg,IMP_FIRST_ORDER,256,3,0,33.2026,3.369118e-05,0.0027,0.9285,838,0.9412,1.0000,0.8889,2.4306,-1.0000
ecg_201,ecg,IMP_WINDOWED_ENERGY,256,3,0,32.4583,3.998907e-05,0.0184,0.8882,824,0.9412,1.0000,0.8889,2.4306,-1.0000
ecg_201,ecg,IMP_COMPOSITE,256,3,0,34.0268,2.786737e-05,0.0306,0.9044,817,0.9412,1.0000,0.8889,2.4306,-1.0000
ecg_201,ecg,IMP_ADAPTIVE,256,3,0,34.2595,2.641351e-05,0.0254,0.9091,815,0.9412,1.0000,0.8889,2.4306,-1.0000
ecg_201,ecg,DROP,256,3,1,31.8808,4.567604e-05,0.0159,0.9121,842,0.9412,1.0000,0.8889,2.7778,-1.0000
ecg_201,ecg,RANDOM_DROP,256,3,1,25.4592,2.003792e-04,0.0012,0.8950,829,0.9412,1.0000,0.8889,2.4306,-1.0000
ecg_201,ecg,DROP_MIDDLE,256,3,1,32.5911,3.878507e-05,0.0014,0.9085,843,0.9412,1.0000,0.8889,1.7361,-1.0000
ecg_201,ecg,DROP_LOW_VARIANCE,256,3,1,33.1837,3.383746e-05,0.0029,0.8747,840,0.9412,1.0000,0.8889,2.4306,-1.0000
ecg_201,ecg,ADAPTIVE,256,3,1,34.3842,2.566562e-05,0.2550,0.9421,693,0.9412,1.0000,0.8889,2.7778,-1.0000
ecg_201,ecg,LEGACY_IMPORTANCE,256,3,1,33.1829,3.384385e-05,0.0026,0.9291,840,0.9412,1.0000,0.8889,2.4306,-1.0000
ecg_201,ecg,IMP_FIRST_ORDER,256,3,1,33.1942,3.375594e-05,0.0228,0.9285,838,0.9412,1.0000,0.8889,2.4306,-1.0000
ecg_201,ecg,IMP_WINDOWED_ENERGY,256,3,1,32.4176,4.036583e-05,0.0148,0.8906,832,0.9412,1.0000,0.8889,2.4306,-1.0000
ecg_201,ecg,IMP_COMPOSITE,256,3,1,33.9175,2.857747e-05,0.0321,0.9029,821,0.9412,1.0000,0.8889,2.4306,-1.0000
ecg_201,ecg,IMP_ADAPTIVE,256,3,1,34.1292,2.721751e-05,0.0157,0.9071,815,0.9412,1.0000,0.8889,2.4306,-1.0000
ecg_201,ecg,DROP,256,6,0,23.9046,2.866261e-04,0.0028,0.8103,1242,0.9412,1.0000,0.8889,2.0833,-1.0000
ecg_201,ecg,RANDOM_DROP,256,6,0,19.3177,8.241377e-04,0.0018,0.7815,1242,0.9412,1.0000,0.8889,2.4306,-1.0000
ecg_201,ecg,DROP_MIDDLE,256,6,0,24.4911,2.504147e-04,0.0086,0.8100,1241,0.9412,1.0000,0.8889,3.1250,-1.0000
ecg_201,ecg,DROP_LOW_VARIANCE,256,6,0,24.3733,2.573032e-04,0.0035,0.7706,1242,0.9412,1.0000,0.8889,2.4306,-1.0000
ecg_201,ecg,ADAPTIVE,256,6,0,28.1127,1.087693e-04,0.2682,0.8729,1105,0.9412,1.0000,0.8889,3.1250,-1.0000
ecg_201,ecg,LEGACY_IMPORTANCE,256,6,0,28.7433,9.406826e-05,0.0238,0.8415,1244,0.9412,1.0000,0.8889,1.7361,-1.0000
ecg_201,ecg,IMP_FIRST_ORDER,256,6,0,28.7617,9.366936e-05,0.0254,0.8453,1240,0.9412,1.0000,0.8889,1.7361,-1.0000
ecg_201,ecg,IMP_WINDOWED_ENERGY,256,6,0,27.0185,1.399330e-04,0.0222,0.8118,1238,0.9412,1.0000,0.8889,2.4306,-1.0000
ecg_201,ecg,IMP_COMPOSITE,256,6,0,28.3888,1.020689e-04,0.0146,0.8224,1234,0.9412,1.0000,0.8889,2.4306,-1.0000
ecg_201,ecg,IMP_ADAPTIVE,256,6,0,28.8231,9.235535e-05,0.0096,0.8097,1236,0.9412,1.0000,0.8889,2.4306,-1.0000
ecg_201,ecg,DROP,256,6,1,23.9352,2.846105e-04,0.0027,0.8165,1242,0.9412,1.0000,0.8889,2.7778,-1.0000
ecg_201,ecg,RANDOM_DROP,256,6,1,20.9077,5.714808e-04,0.0029,0.7732,1246,0.9412,1.0000,0.8889,4.5139,-1.0000
ecg_201,ecg,DROP_MIDDLE,256,6,1,24.5744,2.456614e-04,0.0148,0.8021,1245,0.9412,1.0000,0.8889,2.7778,-1.0000
ecg_201,ecg,DROP_LOW_VARIANCE,256,6,1,23.8729,2.887209e-04,0.0038,0.7700,1242,0.9412,1.0000,0.8889,2.4306,-1.0000
ecg_201,ecg,ADAPTIVE,256,6,1,28.5627,9.806146e-05,0.1868,0.8847,1105,0.9412,1.0000,0.8889,2.7778,-1.0000
ecg_201,ecg,LEGACY_IMPORTANCE,256,6,1,28.7987,9.287543e-05,0.0287,0.8424,1246,0.9412,1.0000,0.8889,1.7361,-1.0000
ecg_201,ecg,IMP_FIRST_ORDER,256,6,1,28.5146,9.915470e-05,0.0049,0.8432,1245,0.9412,1.0000,0.8889,1.7361,-1.0000
ecg_201,ecg,IMP_WINDOWED_ENERGY,256,6,1,26.2924,1.653999e-04,0.0368,0.8071,1239,0.9412,1.0000,0.8889,2.4306,-1.0000
ecg_201,ecg,IMP_COMPOSITE,256,6,1,28.8733,9.129304e-05,0.0325,0.8256,1232,0.9412,1.0000,0.8889,2.4306,-1.0000
ecg_201,ecg,IMP_ADAPTIVE,256,6,1,29.4240,8.042200e-05,0.0351,0.8135,1234,0.9412,1.0000,0.8889,2.4306,-1.0000
ecg_228,ecg,DROP,128,3,0,29.7026,1.030882e-04,0.0081,0.8813,962,0.8750,0.8750,0.8750,1.5873,-1.0000
ecg_228,ecg,RANDOM_DROP,128,3,0,25.0798,2.988749e-04,0.0019,0.8186,969,0.8750,0.8750,0.8750,1.9841,-1.0000
ecg_228,ecg,DROP_MIDDLE,128,3,0,30.2207,9.149653e-05,0.0018,0.8790,961,0.8235,0.7778,0.8750,2.3810,-1.0000
ecg_228,ecg,DROP_LOW_VARIANCE,128,3,0,28.3534,1.406459e-04,0.0025,0.7794,966,0.8750,0.8750,0.8750,1.9841,-1.0000
ecg_228,ecg,ADAPTIVE,128,3,0,32.4514,5.474375e-05,0.1843,0.8982,797,0.8750,0.8750,0.8750,1.1905,-1.0000
ecg_228,ecg,LEGACY_IMPORTANCE,128,3,0,28.7144,1.294288e-04,0.0080,0.8709,965,0.8235,0.7778,0.8750,1.9841,-1.0000
ecg_228,ecg,IMP_FIRST_ORDER,128,3,0,28.7128,1.294767e-04,0.0084,0.8714,965,0.8235,0.7778,0.8750,1.9841,-1.0000
ecg_228,ecg,IMP_WINDOWED_ENERGY,128,3,0,28.0868,1.495501e-04,0.0046,0.8330,963,0.8235,0.7778,0.8750,1.9841,-1.0000
ecg_228,ecg,IMP_COMPOSITE,128,3,0,29.4696,1.087695e-04,0.0450,0.8360,957,0.8750,0.8750,0.8750,1.9841,-1.0000
ecg_228,ecg,IMP_ADAPTIVE,128,3,0,30.0706,9.471269e-05,0.0209,0.8519,955,0.8750,0.8750,0.8750,1.9841,-1.0000
ecg_228,ecg,DROP,128,3,1,30.0779,9.455417e-05,0.0008,0.8805,972,0.8750,0.8750,0.8750,1.1905,-1.0000
ecg_228,ecg,RANDOM_DROP,128,3,1,22.1212,5.906722e-04,0.0022,0.8118,968,0.8750,0.8750,0.8750,2.3810,-1.0000
ecg_228,ecg,DROP_MIDDLE,128,3,1,30.2438,9.100972e-05,0.0005,0.8676,967,0.8750,0.8750,0.8750,2.3810,-1.0000
ecg_228,ecg,DROP_LOW_VARIANCE,128,3,1,28.2158,1.451753e-04,0.0024,0.7799,965,0.8750,0.8750,0.8750,1.9841,-1.0000
ecg_228,ecg,ADAPTIVE,128,3,1,32.2343,5.755000e-05,0.1643,0.9113,787,0.8235,0.7778,0.8750,1.9841,-1.0000
ecg_228,ecg,LEGACY_IMPORTANCE,128,3,1,28.7150,1.294117e-04,0.0079,0.8709,963,0.8235,0.7778,0.8750,1.9841,-1.0000
ecg_228,ecg,IMP_FIRST_ORDER,128,3,1,28.7768,1.275833e-04,0.0025,0.8737,957,0.8235,0.7778,0.8750,1.9841,-1.0000
ecg_228,ecg,IMP_WINDOWED_ENERGY,128,3,1,27.9818,1.532126e-04,0.0126,0.8360,951,0.8750,0.8750,0.8750,1.9841,-1.0000
ecg_228,ecg,IMP_COMPOSITE,128,3,1,29.3631,1.114705e-04,0.0051,0.8345,963,0.8750,0.8750,0.8750,1.9841,-1.0000
ecg_228,ecg,IMP_ADAPTIVE,128,3,1,29.8962,9.859505e-05,0.0231,0.8474,964,0.9333,1.0000,0.8750,1.9841,-1.0000
ecg_228,ecg,DROP,128,6,0,22.5121,5.398352e-04,0.0008,0.7294,1374,0.8750,0.8750,0.8750,1.5873,-1.0000
ecg_228,ecg,RANDOM_DROP,128,6,0,16.1005,2.362789e-03,0.0203,0.6448,1376,0.8000,0.8571,0.7500,2.7778,-1.0000
ecg_228,ecg,DROP_MIDDLE,128,6,0,23.3558,4.445233e-04,0.0010,0.7463,1376,0.8750,0.8750,0.8750,1.9841,-1.0000
ecg_228,ecg,DROP_LOW_VARIANCE,128,6,0,20.8128,7.983369e-04,0.0039,0.6137,1371,0.8750,0.8750,0.8750,1.9841,-1.0000
ecg_228,ecg,ADAPTIVE,128,6,0,26.3920,2.209405e-04,0.2424,0.8012,1219,0.8750,0.8750,0.8750,1.1905,-1.0000
ecg_228,ecg,LEGACY_IMPORTANCE,128,6,0,23.5997,4.202391e-04,0.0014,0.7393,1372,0.9333,1.0000,0.8750,1.9841,-1.0000
ecg_228,ecg,IMP_FIRST_ORDER,128,6,0,23.2979,4.504882e-04,0.0029,0.7398,1372,0.9333,1.0000,0.8750,1.9841,-1.0000
ecg_228,ecg,IMP_WINDOWED_ENERGY,128,6,0,22.7144,5.152607e-04,0.0329,0.7044,1368,0.8750,0.8750,0.8750,1.9841,-1.0000
ecg_228,ecg,IMP_COMPOSITE,128,6,0,24.7239,3.244021e-04,0.0321,0.7198,1367,0.9333,1.0000,0.8750,1.9841,-1.0000
ecg_228,ecg,IMP_ADAPTIVE,128,6,0,24.8011,3.186854e-04,0.0216,0.7087,1369,0.8750,0.8750,0.8750,1.9841,-1.0000
ecg_228,ecg,DROP,128,6,1,23.2083,4.598737e-04,0.0178,0.7446,1370,0.8750,0.8750,0.8750,1.5873,-1.0000
ecg_228,ecg,RANDOM_DROP,128,6,1,17.9626,1.538914e-03,0.0033,0.6771,1373,0.8750,0.8750,0.8750,3.1746,-1.0000
ecg_228,ecg,DROP_MIDDLE,128,6,1,24.0737,3.767914e-04,0.0013,0.7357,1371,0.8235,0.7778,0.8750,2.3810,-1.0000
ecg_228,ecg,DROP_LOW_VARIANCE,128,6,1,20.7493,8.101137e-04,0.0022,0.6137,1372,0.8750,0.8750,0.8750,1.9841,-1.0000
ecg_228,ecg,ADAPTIVE,128,6,1,27.4172,1.744839e-04,0.2793,0.8287,1219,0.8750,0.8750,0.8750,2.3810,-1.0000
ecg_228,ecg,LEGACY_IMPORTANCE,128,6,1,23.6026,4.199614e-04,0.0188,0.7413,1372,0.9333,1.0000,0.8750,1.9841,-1.0000
ecg_228,ecg,IMP_FIRST_ORDER,128,6,1,23.3608,4.440054e-04,0.0039,0.7461,1370,0.9333,1.0000,0.8750,1.9841,-1.0000
ecg_228,ecg,IMP_WINDOWED_ENERGY,128,6,1,21.7565,6.424181e-04,0.0424,0.6973,1367,0.8235,0.7778,0.8750,1.9841,-1.0000
ecg_228,ecg,IMP_COMPOSITE,128,6,1,24.9655,3.068463e-04,0.0369,0.7206,1366,0.8750,0.8750,0.8750,1.9841,-1.0000
ecg_228,ecg,IMP_ADAPTIVE,128,6,1,24.8059,3.183358e-04,0.0118,0.7271,1366,0.8750,0.8750,0.8750,1.9841,-1.0000
ecg_228,ecg,DROP,256,3,0,30.9405,7.752049e-05,0.0082,0.8949,834,0.8235,0.7778,0.8750,2.3810,-1.0000
ecg_228,ecg,RANDOM_DROP,256,3,0,25.5140,2.704390e-04,0.0084,0.8540,832,0.8750,0.8750,0.8750,1.1905,-1.0000
ecg_228,ecg,DROP_MIDDLE,256,3,0,30.8318,7.948646e-05,0.0015,0.8962,841,0.8750,0.8750,0.8750,2.3810,-1.0000
ecg_228,ecg,DROP_LOW_VARIANCE,256,3,0,27.9976,1.526542e-04,0.0044,0.8216,842,0.8235,0.7778,0.8750,1.9841,-1.0000
ecg_228,ecg,ADAPTIVE,256,3,0,33.1155,4.698125e-05,0.2373,0.9179,681,0.8235,0.7778,0.8750,2.3810,-1.0000
ecg_228,ecg,LEGACY_IMPORTANCE,256,3,0,29.6635,1.040217e-04,0.0163,0.8951,837,0.8235,0.7778,0.8750,1.9841,-1.0000
ecg_228,ecg,IMP_FIRST_ORDER,256,3,0,29.6889,1.034147e-04,0.0460,0.8962,834,0.8235,0.7778,0.8750,1.9841,-1.0000
ecg_228,ecg,IMP_WINDOWED_ENERGY,256,3,0,29.7214,1.026429e-04,0.0259,0.8671,834,0.8750,0.8750,0.8750,1.9841,-1.0000
ecg_228,ecg,IMP_COMPOSITE,256,3,0,30.9537,7.728606e-05,0.0088,0.8691,821,0.8750,0.8750,0.8750,1.9841,-1.0000
ecg_228,ecg,IMP_ADAPTIVE,256,3,0,32.0381,6.020928e-05,0.0387,0.8787,825,0.8235,0.7778,0.8750,1.9841,-1.0000
ecg_228,ecg,DROP,256,3,1,31.4672,6.866701e-05,0.0085,0.9002,834,0.8750,0.8750,0.8750,1.5873,-1.0000
ecg_228,ecg,RANDOM_DROP,256,3,1,23.6823,4.123310e-04,0.0025,0.8418,838,0.8235,0.7778,0.8750,2.3810,-1.0000
ecg_228,ecg,DROP_MIDDLE,256,3,1,31.0058,7.636424e-05,0.0344,0.8951,838,0.8750,0.8750,0.8750,2.7778,-1.0000
ecg_228,ecg,DROP_LOW_VARIANCE,256,3,1,28.0045,1.524128e-04,0.0026,0.8219,842,0.8235,0.7778,0.8750,1.9841,-1.0000
ecg_228,ecg,ADAPTIVE,256,3,1,33.3383,4.463125e-05,0.2226,0.9217,689,0.8750,0.8750,0.8750,1.5873,-1.0000
ecg_228,ecg,LEGACY_IMPORTANCE,256,3,1,29.6596,1.041137e-04,0.0018,0.8949,840,0.8235,0.7778,0.8750,1.9841,-1.0000
ecg_228,ecg,IMP_FIRST_ORDER,256,3,1,29.6743,1.037635e-04,0.0034,0.8949,834,0.8235,0.7778,0.8750,1.9841,-1.0000
ecg_228,ecg,IMP_WINDOWED_ENERGY,256,3,1,28.9577,1.223761e-04,0.0473,0.8628,822,0.8750,0.8750,0.8750,1.9841,-1.0000
ecg_228,ecg,IMP_COMPOSITE,256,3,1,30.7222,8.151828e-05,0.0351,0.8681,830,0.8750,0.8750,0.8750,1.9841,-1.0000
ecg_228,ecg,IMP_ADAPTIVE,256,3,1,31.6509,6.582366e-05,0.0685,0.8661,830,0.8750,0.8750,0.8750,1.9841,-1.0000
ecg_228,ecg,DROP,256,6,0,23.1339,4.678215e-04,0.0204,0.7463,1246,0.8750,0.8750,0.8750,3.1746,-1.0000
ecg_228,ecg,RANDOM_DROP,256,6,0,17.9615,1.539284e-03,0.0016,0.7140,1246,0.7500,0.7500,0.7500,1.8519,-1.0000
ecg_228,ecg,DROP_MIDDLE,256,6,0,23.7708,4.040105e-04,0.0099,0.7595,1244,0.8235,0.7778,0.8750,1.9841,-1.0000
ecg_228,ecg,DROP_LOW_VARIANCE,256,6,0,20.3504,8.880363e-04,0.0329,0.6665,1243,0.8750,0.8750,0.8750,1.9841,-1.0000
ecg_228,ecg,ADAPTIVE,256,6,0,27.1761,1.844422e-04,0.2106,0.8108,1106,0.8750,0.8750,0.8750,3.1746,-1.0000
ecg_228,ecg,LEGACY_IMPORTANCE,256,6,0,25.1855,2.916898e-04,0.0024,0.7868,1242,0.9333,1.0000,0.8750,1.9841,-1.0000
ecg_228,ecg,IMP_FIRST_ORDER,256,6,0,24.7701,3.209702e-04,0.0047,0.7850,1244,0.9333,1.0000,0.8750,1.9841,-1.0000
ecg_228,ecg,IMP_WINDOWED_ENERGY,256,6,0,21.7757,6.395944e-04,0.0267,0.7388,1238,0.9333,1.0000,0.8750,1.9841,-1.0000
ecg_228,ecg,IMP_COMPOSITE,256,6,0,26.1890,2.315086e-04,0.0273,0.7663,1233,0.8750,0.8750,0.8750,1.9841,-1.0000
ecg_228,ecg,IMP_ADAPTIVE,256,6,0,26.2075,2.305242e-04,0.0352,0.7617,1229,0.8750,0.8750,0.8750,1.9841,-1.0000
ecg_228,ecg,DROP,256,6,1,22.8587,4.984289e-04,0.0025,0.7335,1244,0.8750,0.8750,0.8750,1.9841,-1.0000
ecg_228,ecg,RANDOM_DROP,256,6,1,20.7508,8.098212e-04,0.0029,0.7014,1244,0.8750,0.8750,0.8750,2.3810,-1.0000
ecg_228,ecg,DROP_MIDDLE,256,6,1,23.5628,4.238314e-04,0.0020,0.7562,1243,0.8750,0.8750,0.8750,1.9841,-1.0000
ecg_228,ecg,DROP_LOW_VARIANCE,256,6,1,20.4515,8.675957e-04,0.0187,0.6657,1245,0.8750,0.8750,0.8750,1.9841,-1.0000
ecg_228,ecg,ADAPTIVE,256,6,1,26.9476,1.944059e-04,0.2306,0.8120,1107,0.8750,0.8750,0.8750,2.3810,-1.0000
ecg_228,ecg,LEGACY_IMPORTANCE,256,6,1,24.8460,3.154063e-04,0.0200,0.7880,1242,0.9333,1.0000,0.8750,1.9841,-1.0000
ecg_228,ecg,IMP_FIRST_ORDER,256,6,1,24.9823,3.056625e-04,0.0054,0.7865,1241,0.9333,1.0000,0.8750,1.9841,-1.0000
ecg_228,ecg,IMP_WINDOWED_ENERGY,256,6,1,23.2020,4.605457e-04,0.0345,0.7415,1236,0.8750,0.8750,0.8750,1.9841,-1.0000
ecg_228,ecg,IMP_COMPOSITE,256,6,1,25.9977,2.419347e-04,0.0179,0.7681,1233,0.8750,0.8750,0.8750,1.9841,-1.0000
ecg_228,ecg,IMP_ADAPTIVE,256,6,1,26.3070,2.253038e-04,0.0290,0.7537,1234,0.8750,0.8750,0.8750,1.9841,-1.0000
vib_normal_0hp,vibration,DROP,128,3,0,15.5271,1.529941e-04,0.0023,0.9159,968,-1.0000,-1.0000,-1.0000,-1.0000,0.9929
vib_normal_0hp,vibration,RANDOM_DROP,128,3,0,8.3284,8.026793e-04,0.0007,0.8261,964,-1.0000,-1.0000,-1.0000,-1.0000,0.9805
vib_normal_0hp,vibration,DROP_MIDDLE,128,3,0,15.6469,1.488313e-04,0.0077,0.9094,965,-1.0000,-1.0000,-1.0000,-1.0000,0.9951
vib_normal_0hp,vibration,DROP_LOW_VARIANCE,128,3,0,10.2503,5.156515e-04,0.0438,0.7216,961,-1.0000,-1.0000,-1.0000,-1.0000,0.9883
vib_normal_0hp,vibration,ADAPTIVE,128,3,0,19.1759,6.603866e-05,0.3052,0.9529,785,-1.0000,-1.0000,-1.0000,-1.0000,0.9968
vib_normal_0hp,vibration,LEGACY_IMPORTANCE,128,3,0,10.3686,5.017895e-04,0.0016,0.8414,972,-1.0000,-1.0000,-1.0000,-1.0000,0.9890
vib_normal_0hp,vibration,IMP_FIRST_ORDER,128,3,0,10.4261,4.951971e-04,0.0031,0.8439,973,-1.0000,-1.0000,-1.0000,-1.0000,0.9888
vib_normal_0hp,vibration,IMP_WINDOWED_ENERGY,128,3,0,9.3994,6.272573e-04,0.0204,0.8689,957,-1.0000,-1.0000,-1.0000,-1.0000,0.9910
vib_normal_0hp,vibration,IMP_COMPOSITE,128,3,0,12.3894,3.150944e-04,0.0388,0.8634,959,-1.0000,-1.0000,-1.0000,-1.0000,0.9908
vib_normal_0hp,vibration,IMP_ADAPTIVE,128,3,0,14.7414,1.833349e-04,0.0410,0.9005,955,-1.0000,-1.0000,-1.0000,-1.0000,0.9923
vib_normal_0hp,vibration,DROP,128,3,1,15.5013,1.539069e-04,0.0121,0.9118,965,-1.0000,-1.0000,-1.0000,-1.0000,0.9905
vib_normal_0hp,vibration,RANDOM_DROP,128,3,1,8.6864,7.391762e-04,0.0075,0.8349,969,-1.0000,-1.0000,-1.0000,-1.0000,0.9831
vib_normal_0hp,vibration,DROP_MIDDLE,128,3,1,15.5081,1.536638e-04,0.0011,0.9094,971,-1.0000,-1.0000,-1.0000,-1.0000,0.9940
vib_normal_0hp,vibration,DROP_LOW_VARIANCE,128,3,1,10.2285,5.182414e-04,0.0229,0.7209,965,-1.0000,-1.0000,-1.0000,-1.0000,0.9882
vib_normal_0hp,vibration,ADAPTIVE,128,3,1,19.0888,6.737576e-05,0.1931,0.9451,797,-1.0000,-1.0000,-1.0000,-1.0000,0.9967
vib_normal_0hp,vibration,LEGACY_IMPORTANCE,128,3,1,10.5561,4.805936e-04,0.0201,0.8474,962,-1.0000,-1.0000,-1.0000,-1.0000,0.9890
vib_normal_0hp,vibration,IMP_FIRST_ORDER,128,3,1,10.5227,4.842968e-04,0.0344,0.8473,959,-1.0000,-1.0000,-1.0000,-1.0000,0.9892
vib_normal_0hp,vibration,IMP_WINDOWED_ENERGY,128,3,1,9.3414,6.356843e-04,0.0450,0.8665,957,-1.0000,-1.0000,-1.0000,-1.0000,0.9893
vib_normal_0hp,vibration,IMP_COMPOSITE,128,3,1,12.8221,2.852173e-04,0.0647,0.8757,959,-1.0000,-1.0000,-1.0000,-1.0000,0.9910
vib_normal_0hp,vibration,IMP_ADAPTIVE,128,3,1,13.3476,2.527098e-04,0.0183,0.8897,955,-1.0000,-1.0000,-1.0000,-1.0000,0.9924
vib_normal_0hp,vibration,DROP,128,6,0,8.2683,8.138790e-04,0.0022,0.7724,1373,-1.0000,-1.0000,-1.0000,-1.0000,0.9492
vib_normal_0hp,vibration,RANDOM_DROP,128,6,0,3.3308,2.536939e-03,0.0028,0.6222,1375,-1.0000,-1.0000,-1.0000,-1.0000,0.9252
vib_normal_0hp,vibration,DROP_MIDDLE,128,6,0,8.1440,8.374995e-04,0.0014,0.7544,1372,-1.0000,-1.0000,-1.0000,-1.0000,0.9631
vib_normal_0hp,vibration,DROP_LOW_VARIANCE,128,6,0,4.6699,1.863772e-03,0.0213,0.4955,1372,-1.0000,-1.0000,-1.0000,-1.0000,0.9527
vib_normal_0hp,vibration,ADAPTIVE,128,6,0,12.1915,3.297882e-04,0.1958,0.8627,1219,-1.0000,-1.0000,-1.0000,-1.0000,0.9786
vib_normal_0hp,vibration,LEGACY_IMPORTANCE,128,6,0,4.8391,1.792561e-03,0.0021,0.6687,1371,-1.0000,-1.0000,-1.0000,-1.0000,0.9379
vib_normal_0hp,vibration,IMP_FIRST_ORDER,128,6,0,5.0260,1.717063e-03,0.0210,0.6709,1371,-1.0000,-1.0000,-1.0000,-1.0000,0.9383
vib_normal_0hp,vibration,IMP_WINDOWED_ENERGY,128,6,0,3.9833,2.182996e-03,0.0311,0.6927,1368,-1.0000,-1.0000,-1.0000,-1.0000,0.9362
vib_normal_0hp,vibration,IMP_COMPOSITE,128,6,0,6.4750,1.229951e-03,0.0258,0.7287,1370,-1.0000,-1.0000,-1.0000,-1.0000,0.9444
vib_normal_0hp,vibration,IMP_ADAPTIVE,128,6,0,7.3688,1.001168e-03,0.0109,0.7378,1368,-1.0000,-1.0000,-1.0000,-1.0000,0.9506
vib_normal_0hp,vibration,DROP,128,6,1,8.1600,8.344303e-04,0.0022,0.7597,1372,-1.0000,-1.0000,-1.0000,-1.0000,0.9432
vib_normal_0hp,vibration,RANDOM_DROP,128,6,1,3.3004,2.554738e-03,0.0025,0.6336,1371,-1.0000,-1.0000,-1.0000,-1.0000,0.8551
vib_normal_0hp,vibration,DROP_MIDDLE,128,6,1,8.2557,8.162395e-04,0.0021,0.7676,1372,-1.0000,-1.0000,-1.0000,-1.0000,0.9646
vib_normal_0hp,vibration,DROP_LOW_VARIANCE,128,6,1,4.9990,1.727780e-03,0.0025,0.4959,1372,-1.0000,-1.0000,-1.0000,-1.0000,0.9528
vib_normal_0hp,vibration,ADAPTIVE,128,6,1,12.3352,3.190574e-04,0.2866,0.8639,1219,-1.0000,-1.0000,-1.0000,-1.0000,0.9791
vib_normal_0hp,vibration,LEGACY_IMPORTANCE,128,6,1,5.1161,1.681817e-03,0.0015,0.6718,1365,-1.0000,-1.0000,-1.0000,-1.0000,0.9425
vib_normal_0hp,vibration,IMP_FIRST_ORDER,128,6,1,4.8945,1.769851e-03,0.0114,0.6727,1371,-1.0000,-1.0000,-1.0000,-1.0000,0.9397
vib_normal_0hp,vibration,IMP_WINDOWED_ENERGY,128,6,1,3.3999,2.496874e-03,0.0043,0.6757,1369,-1.0000,-1.0000,-1.0000,-1.0000,0.8936
vib_normal_0hp,vibration,IMP_COMPOSITE,128,6,1,6.5961,1.196119e-03,0.0347,0.7319,1366,-1.0000,-1.0000,-1.0000,-1.0000,0.9311
vib_normal_0hp,vibration,IMP_ADAPTIVE,128,6,1,7.5704,9.557594e-04,0.0296,0.7549,1367,-1.0000,-1.0000,-1.0000,-1.0000,0.9502
vib_normal_0hp,vibration,DROP,256,3,0,16.8983,1.115724e-04,0.0030,0.9318,841,-1.0000,-1.0000,-1.0000,-1.0000,0.9955
vib_normal_0hp,vibration,RANDOM_DROP,256,3,0,8.8995,7.037851e-04,0.0031,0.8399,844,-1.0000,-1.0000,-1.0000,-1.0000,0.9843
vib_normal_0hp,vibration,DROP_MIDDLE,256,3,0,16.0933,1.342930e-04,0.0370,0.9290,838,-1.0000,-1.0000,-1.0000,-1.0000,0.9979
vib_normal_0hp,vibration,DROP_LOW_VARIANCE,256,3,0,11.4047,3.952914e-04,0.0025,0.7643,841,-1.0000,-1.0000,-1.0000,-1.0000,0.9986
vib_normal_0hp,vibration,ADAPTIVE,256,3,0,19.7114,5.837724e-05,0.3501,0.9563,692,-1.0000,-1.0000,-1.0000,-1.0000,0.9979
vib_normal_0hp,vibration,LEGACY_IMPORTANCE,256,3,0,11.7952,3.612981e-04,0.0288,0.8841,827,-1.0000,-1.0000,-1.0000,-1.0000,0.9967
vib_normal_0hp,vibration,IMP_FIRST_ORDER,256,3,0,11.7359,3.662631e-04,0.0088,0.8825,834,-1.0000,-1.0000,-1.0000,-1.0000,0.9966
vib_normal_0hp,vibration,IMP_WINDOWED_ENERGY,256,3,0,11.2498,4.096385e-04,0.0229,0.8997,823,-1.0000,-1.0000,-1.0000,-1.0000,0.9962
vib_normal_0hp,vibration,IMP_COMPOSITE,256,3,0,13.8931,2.228836e-04,0.0370,0.8904,828,-1.0000,-1.0000,-1.0000,-1.0000,0.9952
vib_normal_0hp,vibration,IMP_ADAPTIVE,256,3,0,15.4843,1.545100e-04,0.0292,0.9153,820,-1.0000,-1.0000,-1.0000,-1.0000,0.9972
vib_normal_0hp,vibration,DROP,256,3,1,16.4952,1.224241e-04,0.0014,0.9346,842,-1.0000,-1.0000,-1.0000,-1.0000,0.9956
vib_normal_0hp,vibration,RANDOM_DROP,256,3,1,8.6033,7.534485e-04,0.0021,0.8534,843,-1.0000,-1.0000,-1.0000,-1.0000,0.9927
vib_normal_0hp,vibration,DROP_MIDDLE,256,3,1,16.6254,1.188087e-04,0.0082,0.9313,831,-1.0000,-1.0000,-1.0000,-1.0000,0.9974
vib_normal_0hp,vibration,DROP_LOW_VARIANCE,256,3,1,11.4611,3.901871e-04,0.0231,0.7651,835,-1.0000,-1.0000,-1.0000,-1.0000,0.9986
vib_normal_0hp,vibration,ADAPTIVE,256,3,1,19.8361,5.672558e-05,0.1971,0.9550,680,-1.0000,-1.0000,-1.0000,-1.0000,0.9978
vib_normal_0hp,vibration,LEGACY_IMPORTANCE,256,3,1,11.7698,3.634179e-04,0.0084,0.8837,829,-1.0000,-1.0000,-1.0000,-1.0000,0.9967
vib_normal_0hp,vibration,IMP_FIRST_ORDER,256,3,1,11.6711,3.717683e-04,0.0191,0.8814,835,-1.0000,-1.0000,-1.0000,-1.0000,0.9966
vib_normal_0hp,vibration,IMP_WINDOWED_ENERGY,256,3,1,11.9957,3.449946e-04,0.0433,0.9040,831,-1.0000,-1.0000,-1.0000,-1.0000,0.9966
vib_normal_0hp,vibration,IMP_COMPOSITE,256,3,1,14.5821,1.901865e-04,0.0325,0.8964,814,-1.0000,-1.0000,-1.0000,-1.0000,0.9954
vib_normal_0hp,vibration,IMP_ADAPTIVE,256,3,1,15.5368,1.526514e-04,0.0285,0.9163,823,-1.0000,-1.0000,-1.0000,-1.0000,0.9965
vib_normal_0hp,vibration,DROP,256,6,0,8.7977,7.204691e-04,0.0028,0.7829,1242,-1.0000,-1.0000,-1.0000,-1.0000,0.9555
vib_normal_0hp,vibration,RANDOM_DROP,256,6,0,4.6589,1.868521e-03,0.0025,0.6962,1242,-1.0000,-1.0000,-1.0000,-1.0000,0.9539
vib_normal_0hp,vibration,DROP_MIDDLE,256,6,0,8.8729,7.080992e-04,0.0013,0.7911,1244,-1.0000,-1.0000,-1.0000,-1.0000,0.9802
vib_normal_0hp,vibration,DROP_LOW_VARIANCE,256,6,0,5.8923,1.406548e-03,0.0103,0.5728,1239,-1.0000,-1.0000,-1.0000,-1.0000,0.9774
vib_normal_0hp,vibration,ADAPTIVE,256,6,0,12.7030,2.931482e-04,0.2145,0.8714,1107,-1.0000,-1.0000,-1.0000,-1.0000,0.9812
vib_normal_0hp,vibration,LEGACY_IMPORTANCE,256,6,0,6.1592,1.322720e-03,0.0036,0.7193,1245,-1.0000,-1.0000,-1.0000,-1.0000,0.9765
vib_normal_0hp,vibration,IMP_FIRST_ORDER,256,6,0,6.0790,1.347352e-03,0.0240,0.7193,1245,-1.0000,-1.0000,-1.0000,-1.0000,0.9762
vib_normal_0hp,vibration,IMP_WINDOWED_ENERGY,256,6,0,5.5295,1.529085e-03,0.0149,0.7322,1236,-1.0000,-1.0000,-1.0000,-1.0000,0.9481
vib_normal_0hp,vibration,IMP_COMPOSITE,256,6,0,7.2274,1.034304e-03,0.0143,0.7704,1233,-1.0000,-1.0000,-1.0000,-1.0000,0.9568
vib_normal_0hp,vibration,IMP_ADAPTIVE,256,6,0,8.1859,8.294690e-04,0.0149,0.7757,1232,-1.0000,-1.0000,-1.0000,-1.0000,0.9586
vib_normal_0hp,vibration,DROP,256,6,1,8.6891,7.387188e-04,0.0025,0.7834,1242,-1.0000,-1.0000,-1.0000,-1.0000,0.9485
vib_normal_0hp,vibration,RANDOM_DROP,256,6,1,4.4932,1.941171e-03,0.0091,0.6599,1240,-1.0000,-1.0000,-1.0000,-1.0000,0.9305
vib_normal_0hp,vibration,DROP_MIDDLE,256,6,1,8.9867,6.897847e-04,0.0020,0.7975,1244,-1.0000,-1.0000,-1.0000,-1.0000,0.9816
vib_normal_0hp,vibration,DROP_LOW_VARIANCE,256,6,1,5.9299,1.394417e-03,0.0044,0.5726,1239,-1.0000,-1.0000,-1.0000,-1.0000,0.9774
vib_normal_0hp,vibration,ADAPTIVE,256,6,1,12.8255,2.849948e-04,0.1592,0.8819,1106,-1.0000,-1.0000,-1.0000,-1.0000,0.9825
vib_normal_0hp,vibration,LEGACY_IMPORTANCE,256,6,1,6.5146,1.218790e-03,0.0028,0.7184,1241,-1.0000,-1.0000,-1.0000,-1.0000,0.9772
vib_normal_0hp,vibration,IMP_FIRST_ORDER,256,6,1,6.0354,1.360964e-03,0.0029,0.7150,1244,-1.0000,-1.0000,-1.0000,-1.0000,0.9761
vib_normal_0hp,vibration,IMP_WINDOWED_ENERGY,256,6,1,5.5968,1.505596e-03,0.0140,0.7455,1234,-1.0000,-1.0000,-1.0000,-1.0000,0.9468
vib_normal_0hp,vibration,IMP_COMPOSITE,256,6,1,7.8286,9.005924e-04,0.0322,0.7786,1225,-1.0000,-1.0000,-1.0000,-1.0000,0.9627
vib_normal_0hp,vibration,IMP_ADAPTIVE,256,6,1,8.1398,8.383125e-04,0.0293,0.7874,1232,-1.0000,-1.0000,-1.0000,-1.0000,0.9712
vib_inner_race_007,vibration,DROP,128,3,0,2.2901,4.950292e-02,0.0083,0.6313,966,-1.0000,-1.0000,-1.0000,-1.0000,0.7314
vib_inner_race_007,vibration,RANDOM_DROP,128,3,0,1.1242,6.474707e-02,0.0023,0.5527,970,-1.0000,-1.0000,-1.0000,-1.0000,0.6437
vib_inner_race_007,vibration,DROP_MIDDLE,128,3,0,2.0880,5.186035e-02,0.0077,0.6221,965,-1.0000,-1.0000,-1.0000,-1.0000,0.7536
vib_inner_race_007,vibration,DROP_LOW_VARIANCE,128,3,0,7.1675,1.610209e-02,0.0539,0.7801,957,-1.0000,-1.0000,-1.0000,-1.0000,0.9459
vib_inner_race_007,vibration,ADAPTIVE,128,3,0,4.3048,3.112858e-02,0.2600,0.7498,781,-1.0000,-1.0000,-1.0000,-1.0000,0.8005
vib_inner_race_007,vibration,LEGACY_IMPORTANCE,128,3,0,5.0570,2.617817e-02,0.0296,0.8463,961,-1.0000,-1.0000,-1.0000,-1.0000,0.9306
vib_inner_race_007,vibration,IMP_FIRST_ORDER,128,3,0,4.9838,2.662278e-02,0.0478,0.8445,962,-1.0000,-1.0000,-1.0000,-1.0000,0.9300
vib_inner_race_007,vibration,IMP_WINDOWED_ENERGY,128,3,0,7.1787,1.606086e-02,0.0457,0.7842,956,-1.0000,-1.0000,-1.0000,-1.0000,0.9055
vib_inner_race_007,vibration,IMP_COMPOSITE,128,3,0,6.7407,1.776520e-02,0.0442,0.7815,952,-1.0000,-1.0000,-1.0000,-1.0000,0.9057
vib_inner_race_007,vibration,IMP_ADAPTIVE,128,3,0,6.9752,1.683134e-02,0.0554,0.7713,952,-1.0000,-1.0000,-1.0000,-1.0000,0.9236
vib_inner_race_007,vibration,DROP,128,3,1,2.5913,4.618562e-02,0.0446,0.6579,963,-1.0000,-1.0000,-1.0000,-1.0000,0.6515
vib_inner_race_007,vibration,RANDOM_DROP,128,3,1,1.1903,6.376789e-02,0.0082,0.5614,968,-1.0000,-1.0000,-1.0000,-1.0000,0.7374
vib_inner_race_007,vibration,DROP_MIDDLE,128,3,1,2.6057,4.603299e-02,0.0004,0.6554,970,-1.0000,-1.0000,-1.0000,-1.0000,0.7057
vib_inner_race_007,vibration,DROP_LOW_VARIANCE,128,3,1,7.1486,1.617242e-02,0.0213,0.7761,971,-1.0000,-1.0000,-1.0000,-1.0000,0.9392
vib_inner_race_007,vibration,ADAPTIVE,128,3,1,3.9864,3.349613e-02,0.2922,0.7181,800,-1.0000,-1.0000,-1.0000,-1.0000,0.8127
vib_inner_race_007,vibration,LEGACY_IMPORTANCE,128,3,1,5.0182,2.641272e-02,0.0080,0.8451,960,-1.0000,-1.0000,-1.0000,-1.0000,0.9297
vib_inner_race_007,vibration,IMP_FIRST_ORDER,128,3,1,4.7657,2.799421e-02,0.0011,0.8427,965,-1.0000,-1.0000,-1.0000,-1.0000,0.9300
vib_inner_race_007,vibration,IMP_WINDOWED_ENERGY,128,3,1,7.1006,1.635208e-02,0.0105,0.7830,952,-1.0000,-1.0000,-1.0000,-1.0000,0.9150
vib_inner_race_007,vibration,IMP_COMPOSITE,128,3,1,6.8239,1.742792e-02,0.0124,0.7781,962,-1.0000,-1.0000,-1.0000,-1.0000,0.9161
vib_inner_race_007,vibration,IMP_ADAPTIVE,128,3,1,7.0604,1.650428e-02,0.0479,0.7713,954,-1.0000,-1.0000,-1.0000,-1.0000,0.9346
vib_inner_race_007,vibration,DROP,128,6,0,-1.1660,1.097068e-01,0.0112,0.3089,1370,-1.0000,-1.0000,-1.0000,-1.0000,0.0885
vib_inner_race_007,vibration,RANDOM_DROP,128,6,0,-0.5311,9.478708e-02,0.0092,0.3623,1375,-1.0000,-1.0000,-1.0000,-1.0000,0.2573
vib_inner_race_007,vibration,DROP_MIDDLE,128,6,0,-1.1042,1.081562e-01,0.0019,0.3166,1372,-1.0000,-1.0000,-1.0000,-1.0000,0.3818
vib_inner_race_007,vibration,DROP_LOW_VARIANCE,128,6,0,1.9357,5.371121e-02,0.0026,0.5903,1368,-1.0000,-1.0000,-1.0000,-1.0000,0.7099
vib_inner_race_007,vibration,ADAPTIVE,128,6,0,-0.3451,9.081194e-02,0.2013,0.4132,1219,-1.0000,-1.0000,-1.0000,-1.0000,0.2837
vib_inner_race_007,vibration,LEGACY_IMPORTANCE,128,6,0,-0.0058,8.398699e-02,0.0020,0.6597,1375,-1.0000,-1.0000,-1.0000,-1.0000,0.8000
vib_inner_race_007,vibration,IMP_FIRST_ORDER,128,6,0,0.0822,8.230253e-02,0.0031,0.6635,1374,-1.0000,-1.0000,-1.0000,-1.0000,0.8097
vib_inner_race_007,vibration,IMP_WINDOWED_ENERGY,128,6,0,2.3340,4.900405e-02,0.0228,0.5906,1371,-1.0000,-1.0000,-1.0000,-1.0000,0.7188
vib_inner_race_007,vibration,IMP_COMPOSITE,128,6,0,2.4303,4.792962e-02,0.0485,0.5895,1365,-1.0000,-1.0000,-1.0000,-1.0000,0.7344
vib_inner_race_007,vibration,IMP_ADAPTIVE,128,6,0,2.0273,5.259064e-02,0.0212,0.5884,1369,-1.0000,-1.0000,-1.0000,-1.0000,0.7901
vib_inner_race_007,vibration,DROP,128,6,1,-1.0285,1.062891e-01,0.0022,0.3070,1374,-1.0000,-1.0000,-1.0000,-1.0000,0.0630
vib_inner_race_007,vibration,RANDOM_DROP,128,6,1,-0.9013,1.032216e-01,0.0028,0.3469,1372,-1.0000,-1.0000,-1.0000,-1.0000,0.1615
vib_inner_race_007,vibration,DROP_MIDDLE,128,6,1,-1.1597,1.095482e-01,0.0220,0.3209,1369,-1.0000,-1.0000,-1.0000,-1.0000,0.3087
vib_inner_race_007,vibration,DROP_LOW_VARIANCE,128,6,1,1.9312,5.376694e-02,0.0031,0.5863,1372,-1.0000,-1.0000,-1.0000,-1.0000,0.7139
vib_inner_race_007,vibration,ADAPTIVE,128,6,1,-0.3029,8.993469e-02,0.1866,0.4165,1219,-1.0000,-1.0000,-1.0000,-1.0000,0.2172
vib_inner_race_007,vibration,LEGACY_IMPORTANCE,128,6,1,-0.0161,8.418716e-02,0.0021,0.6588,1374,-1.0000,-1.0000,-1.0000,-1.0000,0.8001
vib_inner_race_007,vibration,IMP_FIRST_ORDER,128,6,1,-0.1547,8.691645e-02,0.0025,0.6637,1371,-1.0000,-1.0000,-1.0000,-1.0000,0.7729
vib_inner_race_007,vibration,IMP_WINDOWED_ENERGY,128,6,1,2.2426,5.004675e-02,0.0175,0.5958,1370,-1.0000,-1.0000,-1.0000,-1.0000,0.6636
vib_inner_race_007,vibration,IMP_COMPOSITE,128,6,1,2.0836,5.191258e-02,0.0343,0.5939,1367,-1.0000,-1.0000,-1.0000,-1.0000,0.7233
vib_inner_race_007,vibration,IMP_ADAPTIVE,128,6,1,2.5398,4.673701e-02,0.0577,0.5904,1369,-1.0000,-1.0000,-1.0000,-1.0000,0.7539
vib_inner_race_007,vibration,DROP,256,3,0,3.1451,4.065623e-02,0.0024,0.6978,837,-1.0000,-1.0000,-1.0000,-1.0000,0.8581
vib_inner_race_007,vibration,RANDOM_DROP,256,3,0,1.9988,5.293717e-02,0.0015,0.6356,839,-1.0000,-1.0000,-1.0000,-1.0000,0.8247
vib_inner_race_007,vibration,DROP_MIDDLE,256,3,0,2.6363,4.570925e-02,0.0021,0.6769,845,-1.0000,-1.0000,-1.0000,-1.0000,0.8810
vib_inner_race_007,vibration,DROP_LOW_VARIANCE,256,3,0,8.5503,1.171142e-02,0.0090,0.8197,832,-1.0000,-1.0000,-1.0000,-1.0000,0.9864
vib_inner_race_007,vibration,ADAPTIVE,256,3,0,4.5406,2.948346e-02,0.2205,0.7657,692,-1.0000,-1.0000,-1.0000,-1.0000,0.8935
vib_inner_race_007,vibration,LEGACY_IMPORTANCE,256,3,0,6.0150,2.099612e-02,0.0017,0.8766,838,-1.0000,-1.0000,-1.0000,-1.0000,0.9745
vib_inner_race_007,vibration,IMP_FIRST_ORDER,256,3,0,6.1909,2.016272e-02,0.0096,0.8823,828,-1.0000,-1.0000,-1.0000,-1.0000,0.9755
vib_inner_race_007,vibration,IMP_WINDOWED_ENERGY,256,3,0,8.5218,1.178852e-02,0.0306,0.8260,817,-1.0000,-1.0000,-1.0000,-1.0000,0.9717
vib_inner_race_007,vibration,IMP_COMPOSITE,256,3,0,7.6872,1.428610e-02,0.0303,0.8105,827,-1.0000,-1.0000,-1.0000,-1.0000,0.9655
vib_inner_race_007,vibration,IMP_ADAPTIVE,256,3,0,7.7389,1.411703e-02,0.0525,0.8135,821,-1.0000,-1.0000,-1.0000,-1.0000,0.9762
vib_inner_race_007,vibration,DROP,256,3,1,2.5324,4.681608e-02,0.0023,0.6605,843,-1.0000,-1.0000,-1.0000,-1.0000,0.8224
vib_inner_race_007,vibration,RANDOM_DROP,256,3,1,1.9106,5.402286e-02,0.0025,0.6169,835,-1.0000,-1.0000,-1.0000,-1.0000,0.8506
vib_inner_race_007,vibration,DROP_MIDDLE,256,3,1,3.2301,3.986793e-02,0.0011,0.7149,836,-1.0000,-1.0000,-1.0000,-1.0000,0.9062
vib_inner_race_007,vibration,DROP_LOW_VARIANCE,256,3,1,8.4896,1.187614e-02,0.0029,0.8187,837,-1.0000,-1.0000,-1.0000,-1.0000,0.9857
vib_inner_race_007,vibration,ADAPTIVE,256,3,1,4.8918,2.719317e-02,0.1866,0.7674,680,-1.0000,-1.0000,-1.0000,-1.0000,0.8985
vib_inner_race_007,vibration,LEGACY_IMPORTANCE,256,3,1,6.0852,2.065947e-02,0.0027,0.8802,837,-1.0000,-1.0000,-1.0000,-1.0000,0.9754
vib_inner_race_007,vibration,IMP_FIRST_ORDER,256,3,1,6.1757,2.023334e-02,0.0034,0.8806,833,-1.0000,-1.0000,-1.0000,-1.0000,0.9756
vib_inner_race_007,vibration,IMP_WINDOWED_ENERGY,256,3,1,7.9164,1.355166e-02,0.0241,0.8183,832,-1.0000,-1.0000,-1.0000,-1.0000,0.9743
vib_inner_race_007,vibration,IMP_COMPOSITE,256,3,1,7.7526,1.407268e-02,0.0257,0.8170,820,-1.0000,-1.0000,-1.0000,-1.0000,0.9674
vib_inner_race_007,vibration,IMP_ADAPTIVE,256,3,1,8.1483,1.284715e-02,0.0644,0.8160,826,-1.0000,-1.0000,-1.0000,-1.0000,0.9710
vib_inner_race_007,vibration,DROP,256,6,0,-0.7819,1.004215e-01,0.0024,0.3591,1240,-1.0000,-1.0000,-1.0000,-1.0000,0.1130
vib_inner_race_007,vibration,RANDOM_DROP,256,6,0,-0.0356,8.456627e-02,0.0092,0.4192,1243,-1.0000,-1.0000,-1.0000,-1.0000,0.4870
vib_inner_race_007,vibration,DROP_MIDDLE,256,6,0,-0.6206,9.676107e-02,0.0163,0.3889,1240,-1.0000,-1.0000,-1.0000,-1.0000,0.6615
vib_inner_race_007,vibration,DROP_LOW_VARIANCE,256,6,0,3.8677,3.442421e-02,0.0126,0.6530,1245,-1.0000,-1.0000,-1.0000,-1.0000,0.8772
vib_inner_race_007,vibration,ADAPTIVE,256,6,0,-0.0182,8.422824e-02,0.2012,0.4584,1105,-1.0000,-1.0000,-1.0000,-1.0000,0.3058
vib_inner_race_007,vibration,LEGACY_IMPORTANCE,256,6,0,1.0827,6.536859e-02,0.0206,0.7187,1246,-1.0000,-1.0000,-1.0000,-1.0000,0.8807
vib_inner_race_007,vibration,IMP_FIRST_ORDER,256,6,0,0.9413,6.753137e-02,0.0096,0.7201,1242,-1.0000,-1.0000,-1.0000,-1.0000,0.8814
vib_inner_race_007,vibration,IMP_WINDOWED_ENERGY,256,6,0,2.9736,4.229384e-02,0.0341,0.6613,1239,-1.0000,-1.0000,-1.0000,-1.0000,0.8003
vib_inner_race_007,vibration,IMP_COMPOSITE,256,6,0,3.1847,4.028735e-02,0.0212,0.6538,1233,-1.0000,-1.0000,-1.0000,-1.0000,0.7614
vib_inner_race_007,vibration,IMP_ADAPTIVE,256,6,0,3.6036,3.658246e-02,0.0296,0.6440,1235,-1.0000,-1.0000,-1.0000,-1.0000,0.8189
vib_inner_race_007,vibration,DROP,256,6,1,-0.8209,1.013271e-01,0.0190,0.3518,1245,-1.0000,-1.0000,-1.0000,-1.0000,0.1507
vib_inner_race_007,vibration,RANDOM_DROP,256,6,1,-0.0064,8.400001e-02,0.0114,0.4043,1242,-1.0000,-1.0000,-1.0000,-1.0000,0.4252
vib_inner_race_007,vibration,DROP_MIDDLE,256,6,1,-0.6362,9.710851e-02,0.0014,0.3765,1247,-1.0000,-1.0000,-1.0000,-1.0000,0.6313
vib_inner_race_007,vibration,DROP_LOW_VARIANCE,256,6,1,3.8690,3.441401e-02,0.0091,0.6551,1241,-1.0000,-1.0000,-1.0000,-1.0000,0.8772
vib_inner_race_007,vibration,ADAPTIVE,256,6,1,-0.1232,8.628884e-02,0.2183,0.4546,1107,-1.0000,-1.0000,-1.0000,-1.0000,0.2754
vib_inner_race_007,vibration,LEGACY_IMPORTANCE,256,6,1,1.0463,6.591780e-02,0.0039,0.7189,1242,-1.0000,-1.0000,-1.0000,-1.0000,0.8814
vib_inner_race_007,vibration,IMP_FIRST_ORDER,256,6,1,0.7211,7.104348e-02,0.0024,0.7174,1244,-1.0000,-1.0000,-1.0000,-1.0000,0.8814
vib_inner_race_007,vibration,IMP_WINDOWED_ENERGY,256,6,1,3.1529,4.058281e-02,0.0137,0.6611,1234,-1.0000,-1.0000,-1.0000,-1.0000,0.8020
vib_inner_race_007,vibration,IMP_COMPOSITE,256,6,1,3.2726,3.948005e-02,0.0251,0.6556,1233,-1.0000,-1.0000,-1.0000,-1.0000,0.8018
vib_inner_race_007,vibration,IMP_ADAPTIVE,256,6,1,2.9782,4.224918e-02,0.0150,0.6500,1231,-1.0000,-1.0000,-1.0000,-1.0000,0.8494
vib_ball_fault_007,vibration,DROP,128,3,0,1.5819,1.269918e-02,0.0018,0.6061,969,-1.0000,-1.0000,-1.0000,-1.0000,0.7943
vib_ball_fault_007,vibration,RANDOM_DROP,128,3,0,0.9549,1.467166e-02,0.0078,0.5443,965,-1.0000,-1.0000,-1.0000,-1.0000,0.7895
vib_ball_fault_007,vibration,DROP_MIDDLE,128,3,0,1.6846,1.240266e-02,0.0078,0.6090,965,-1.0000,-1.0000,-1.0000,-1.0000,0.8185
vib_ball_fault_007,vibration,DROP_LOW_VARIANCE,128,3,0,3.0821,8.989970e-03,0.0020,0.6964,971,-1.0000,-1.0000,-1.0000,-1.0000,0.9027
vib_ball_fault_007,vibration,ADAPTIVE,128,3,0,3.6150,7.951837e-03,0.2080,0.7417,802,-1.0000,-1.0000,-1.0000,-1.0000,0.8760
vib_ball_fault_007,vibration,LEGACY_IMPORTANCE,128,3,0,3.3392,8.473172e-03,0.0210,0.7901,967,-1.0000,-1.0000,-1.0000,-1.0000,0.9404
vib_ball_fault_007,vibration,IMP_FIRST_ORDER,128,3,0,3.4993,8.166500e-03,0.0083,0.7935,960,-1.0000,-1.0000,-1.0000,-1.0000,0.9432
vib_ball_fault_007,vibration,IMP_WINDOWED_ENERGY,128,3,0,4.2528,6.865781e-03,0.0403,0.7299,957,-1.0000,-1.0000,-1.0000,-1.0000,0.9345
vib_ball_fault_007,vibration,IMP_COMPOSITE,128,3,0,3.5736,8.028027e-03,0.0244,0.7105,960,-1.0000,-1.0000,-1.0000,-1.0000,0.8972
vib_ball_fault_007,vibration,IMP_ADAPTIVE,128,3,0,3.9179,7.416128e-03,0.0201,0.7087,952,-1.0000,-1.0000,-1.0000,-1.0000,0.9068
vib_ball_fault_007,vibration,DROP,128,3,1,1.8238,1.201122e-02,0.0081,0.6323,956,-1.0000,-1.0000,-1.0000,-1.0000,0.7928
vib_ball_fault_007,vibration,RANDOM_DROP,128,3,1,1.0217,1.444777e-02,0.0026,0.5551,968,-1.0000,-1.0000,-1.0000,-1.0000,0.8289
vib_ball_fault_007,vibration,DROP_MIDDLE,128,3,1,1.6546,1.248851e-02,0.0006,0.6416,966,-1.0000,-1.0000,-1.0000,-1.0000,0.7904
vib_ball_fault_007,vibration,DROP_LOW_VARIANCE,128,3,1,3.2432,8.662735e-03,0.0025,0.6976,970,-1.0000,-1.0000,-1.0000,-1.0000,0.9053
vib_ball_fault_007,vibration,ADAPTIVE,128,3,1,3.9790,7.312625e-03,0.2954,0.7539,798,-1.0000,-1.0000,-1.0000,-1.0000,0.8697
vib_ball_fault_007,vibration,LEGACY_IMPORTANCE,128,3,1,3.3503,8.451655e-03,0.0076,0.7908,971,-1.0000,-1.0000,-1.0000,-1.0000,0.9377
vib_ball_fault_007,vibration,IMP_FIRST_ORDER,128,3,1,3.4928,8.178849e-03,0.0085,0.7901,963,-1.0000,-1.0000,-1.0000,-1.0000,0.9392
vib_ball_fault_007,vibration,IMP_WINDOWED_ENERGY,128,3,1,3.7520,7.704992e-03,0.0213,0.7206,965,-1.0000,-1.0000,-1.0000,-1.0000,0.9094
vib_ball_fault_007,vibration,IMP_COMPOSITE,128,3,1,3.5974,7.984126e-03,0.0440,0.7175,951,-1.0000,-1.0000,-1.0000,-1.0000,0.9012
vib_ball_fault_007,vibration,IMP_ADAPTIVE,128,3,1,3.8401,7.550296e-03,0.0262,0.7023,959,-1.0000,-1.0000,-1.0000,-1.0000,0.9193
vib_ball_fault_007,vibration,DROP,128,6,0,-1.8161,2.777044e-02,0.0203,0.2207,1375,-1.0000,-1.0000,-1.0000,-1.0000,0.3037
vib_ball_fault_007,vibration,RANDOM_DROP,128,6,0,-0.6649,2.130411e-02,0.0023,0.3387,1370,-1.0000,-1.0000,-1.0000,-1.0000,0.5512
vib_ball_fault_007,vibration,DROP_MIDDLE,128,6,0,-1.6788,2.690633e-02,0.0014,0.2399,1375,-1.0000,-1.0000,-1.0000,-1.0000,0.5397
vib_ball_fault_007,vibration,DROP_LOW_VARIANCE,128,6,0,-0.2474,1.935135e-02,0.0036,0.4844,1370,-1.0000,-1.0000,-1.0000,-1.0000,0.6821
vib_ball_fault_007,vibration,ADAPTIVE,128,6,0,-1.2573,2.441764e-02,0.2722,0.3334,1220,-1.0000,-1.0000,-1.0000,-1.0000,0.3549
vib_ball_fault_007,vibration,LEGACY_IMPORTANCE,128,6,0,0.8362,1.507836e-02,0.0028,0.5736,1372,-1.0000,-1.0000,-1.0000,-1.0000,0.7358
vib_ball_fault_007,vibration,IMP_FIRST_ORDER,128,6,0,0.7840,1.526072e-02,0.0037,0.5730,1370,-1.0000,-1.0000,-1.0000,-1.0000,0.7402
vib_ball_fault_007,vibration,IMP_WINDOWED_ENERGY,128,6,0,0.6439,1.576093e-02,0.0119,0.5063,1369,-1.0000,-1.0000,-1.0000,-1.0000,0.7905
vib_ball_fault_007,vibration,IMP_COMPOSITE,128,6,0,1.2197,1.380378e-02,0.0348,0.5092,1355,-1.0000,-1.0000,-1.0000,-1.0000,0.7254
vib_ball_fault_007,vibration,IMP_ADAPTIVE,128,6,0,0.5424,1.613355e-02,0.0250,0.4915,1365,-1.0000,-1.0000,-1.0000,-1.0000,0.6671
vib_ball_fault_007,vibration,DROP,128,6,1,-1.9929,2.892396e-02,0.0023,0.2200,1363,-1.0000,-1.0000,-1.0000,-1.0000,0.2690
vib_ball_fault_007,vibration,RANDOM_DROP,128,6,1,-0.5345,2.067363e-02,0.0015,0.3435,1360,-1.0000,-1.0000,-1.0000,-1.0000,0.4627
vib_ball_fault_007,vibration,DROP_MIDDLE,128,6,1,-1.6681,2.683992e-02,0.0018,0.2446,1373,-1.0000,-1.0000,-1.0000,-1.0000,0.5406
vib_ball_fault_007,vibration,DROP_LOW_VARIANCE,128,6,1,-0.4144,2.010978e-02,0.0039,0.4855,1366,-1.0000,-1.0000,-1.0000,-1.0000,0.6362
vib_ball_fault_007,vibration,ADAPTIVE,128,6,1,-1.2933,2.462081e-02,0.1117,0.3317,1220,-1.0000,-1.0000,-1.0000,-1.0000,0.3529
vib_ball_fault_007,vibration,LEGACY_IMPORTANCE,128,6,1,0.8246,1.511849e-02,0.0022,0.5787,1363,-1.0000,-1.0000,-1.0000,-1.0000,0.7296
vib_ball_fault_007,vibration,IMP_FIRST_ORDER,128,6,1,0.6619,1.569588e-02,0.0024,0.5701,1371,-1.0000,-1.0000,-1.0000,-1.0000,0.7507
vib_ball_fault_007,vibration,IMP_WINDOWED_ENERGY,128,6,1,0.9566,1.466591e-02,0.0101,0.5159,1367,-1.0000,-1.0000,-1.0000,-1.0000,0.7909
vib_ball_fault_007,vibration,IMP_COMPOSITE,128,6,1,0.7180,1.549414e-02,0.0116,0.5142,1368,-1.0000,-1.0000,-1.0000,-1.0000,0.6573
vib_ball_fault_007,vibration,IMP_ADAPTIVE,128,6,1,0.8970,1.486876e-02,0.0113,0.4934,1370,-1.0000,-1.0000,-1.0000,-1.0000,0.7087
vib_ball_fault_007,vibration,DROP,256,3,0,2.2369,1.092154e-02,0.0025,0.6718,840,-1.0000,-1.0000,-1.0000,-1.0000,0.8638
vib_ball_fault_007,vibration,RANDOM_DROP,256,3,0,1.6648,1.245913e-02,0.0013,0.6195,842,-1.0000,-1.0000,-1.0000,-1.0000,0.9081
vib_ball_fault_007,vibration,DROP_MIDDLE,256,3,0,2.0426,1.142108e-02,0.0020,0.6731,843,-1.0000,-1.0000,-1.0000,-1.0000,0.9370
vib_ball_fault_007,vibration,DROP_LOW_VARIANCE,256,3,0,4.2281,6.904987e-03,0.0029,0.7488,841,-1.0000,-1.0000,-1.0000,-1.0000,0.9627
vib_ball_fault_007,vibration,ADAPTIVE,256,3,0,4.1789,6.983639e-03,0.2111,0.7736,695,-1.0000,-1.0000,-1.0000,-1.0000,0.9156
vib_ball_fault_007,vibration,LEGACY_IMPORTANCE,256,3,0,4.1881,6.968894e-03,0.0021,0.8268,843,-1.0000,-1.0000,-1.0000,-1.0000,0.9707
vib_ball_fault_007,vibration,IMP_FIRST_ORDER,256,3,0,4.2835,6.817360e-03,0.0104,0.8293,840,-1.0000,-1.0000,-1.0000,-1.0000,0.9707
vib_ball_fault_007,vibration,IMP_WINDOWED_ENERGY,256,3,0,4.9489,5.848980e-03,0.0418,0.7756,830,-1.0000,-1.0000,-1.0000,-1.0000,0.9651
vib_ball_fault_007,vibration,IMP_COMPOSITE,256,3,0,4.5594,6.397793e-03,0.0468,0.7556,826,-1.0000,-1.0000,-1.0000,-1.0000,0.9523
vib_ball_fault_007,vibration,IMP_ADAPTIVE,256,3,0,4.9199,5.888146e-03,0.0247,0.7494,819,-1.0000,-1.0000,-1.0000,-1.0000,0.9677
vib_ball_fault_007,vibration,DROP,256,3,1,2.0635,1.136625e-02,0.0015,0.6465,841,-1.0000,-1.0000,-1.0000,-1.0000,0.8613
vib_ball_fault_007,vibration,RANDOM_DROP,256,3,1,1.2903,1.358125e-02,0.0012,0.5989,843,-1.0000,-1.0000,-1.0000,-1.0000,0.9275
vib_ball_fault_007,vibration,DROP_MIDDLE,256,3,1,2.0695,1.135065e-02,0.0212,0.6727,840,-1.0000,-1.0000,-1.0000,-1.0000,0.9308
vib_ball_fault_007,vibration,DROP_LOW_VARIANCE,256,3,1,4.2983,6.794294e-03,0.0027,0.7518,837,-1.0000,-1.0000,-1.0000,-1.0000,0.9694
vib_ball_fault_007,vibration,ADAPTIVE,256,3,1,3.9933,7.288563e-03,0.1422,0.7675,681,-1.0000,-1.0000,-1.0000,-1.0000,0.9168
vib_ball_fault_007,vibration,LEGACY_IMPORTANCE,256,3,1,4.3643,6.691771e-03,0.0026,0.8334,831,-1.0000,-1.0000,-1.0000,-1.0000,0.9710
vib_ball_fault_007,vibration,IMP_FIRST_ORDER,256,3,1,4.2638,6.848353e-03,0.0334,0.8311,835,-1.0000,-1.0000,-1.0000,-1.0000,0.9709
vib_ball_fault_007,vibration,IMP_WINDOWED_ENERGY,256,3,1,4.8962,5.920397e-03,0.0358,0.7729,831,-1.0000,-1.0000,-1.0000,-1.0000,0.9646
vib_ball_fault_007,vibration,IMP_COMPOSITE,256,3,1,4.2829,6.818417e-03,0.0698,0.7636,829,-1.0000,-1.0000,-1.0000,-1.0000,0.9551
vib_ball_fault_007,vibration,IMP_ADAPTIVE,256,3,1,5.0542,5.708853e-03,0.0364,0.7518,823,-1.0000,-1.0000,-1.0000,-1.0000,0.9687
vib_ball_fault_007,vibration,DROP,256,6,0,-1.2442,2.434405e-02,0.0025,0.2968,1242,-1.0000,-1.0000,-1.0000,-1.0000,0.4726
vib_ball_fault_007,vibration,RANDOM_DROP,256,6,0,-0.2461,1.934545e-02,0.0024,0.4021,1246,-1.0000,-1.0000,-1.0000,-1.0000,0.7330
vib_ball_fault_007,vibration,DROP_MIDDLE,256,6,0,-1.2553,2.440626e-02,0.0020,0.3085,1246,-1.0000,-1.0000,-1.0000,-1.0000,0.7092
vib_ball_fault_007,vibration,DROP_LOW_VARIANCE,256,6,0,1.0455,1.436868e-02,0.0044,0.5527,1244,-1.0000,-1.0000,-1.0000,-1.0000,0.7826
vib_ball_fault_007,vibration,ADAPTIVE,256,6,0,-0.8005,2.197990e-02,0.1960,0.3988,1107,-1.0000,-1.0000,-1.0000,-1.0000,0.5103
vib_ball_fault_007,vibration,LEGACY_IMPORTANCE,256,6,0,1.3190,1.349192e-02,0.0207,0.6425,1245,-1.0000,-1.0000,-1.0000,-1.0000,0.8786
vib_ball_fault_007,vibration,IMP_FIRST_ORDER,256,6,0,1.4455,1.310437e-02,0.0293,0.6424,1244,-1.0000,-1.0000,-1.0000,-1.0000,0.8767
vib_ball_fault_007,vibration,IMP_WINDOWED_ENERGY,256,6,0,1.4787,1.300472e-02,0.0325,0.5910,1238,-1.0000,-1.0000,-1.0000,-1.0000,0.8657
vib_ball_fault_007,vibration,IMP_COMPOSITE,256,6,0,1.5159,1.289380e-02,0.0256,0.5742,1234,-1.0000,-1.0000,-1.0000,-1.0000,0.8224
vib_ball_fault_007,vibration,IMP_ADAPTIVE,256,6,0,1.7920,1.209964e-02,0.0263,0.5537,1235,-1.0000,-1.0000,-1.0000,-1.0000,0.7982
vib_ball_fault_007,vibration,DROP,256,6,1,-1.3863,2.515348e-02,0.0021,0.3000,1246,-1.0000,-1.0000,-1.0000,-1.0000,0.4856
vib_ball_fault_007,vibration,RANDOM_DROP,256,6,1,-0.2935,1.955793e-02,0.0032,0.3870,1246,-1.0000,-1.0000,-1.0000,-1.0000,0.6163
vib_ball_fault_007,vibration,DROP_MIDDLE,256,6,1,-1.5141,2.590489e-02,0.0010,0.3067,1242,-1.0000,-1.0000,-1.0000,-1.0000,0.6963
vib_ball_fault_007,vibration,DROP_LOW_VARIANCE,256,6,1,1.0661,1.430091e-02,0.0186,0.5524,1245,-1.0000,-1.0000,-1.0000,-1.0000,0.7837
vib_ball_fault_007,vibration,ADAPTIVE,256,6,1,-0.7802,2.187718e-02,0.1997,0.4057,1106,-1.0000,-1.0000,-1.0000,-1.0000,0.5075
vib_ball_fault_007,vibration,LEGACY_IMPORTANCE,256,6,1,1.2538,1.369575e-02,0.0241,0.6414,1245,-1.0000,-1.0000,-1.0000,-1.0000,0.8767
vib_ball_fault_007,vibration,IMP_FIRST_ORDER,256,6,1,1.2805,1.361196e-02,0.0215,0.6427,1242,-1.0000,-1.0000,-1.0000,-1.0000,0.8786
vib_ball_fault_007,vibration,IMP_WINDOWED_ENERGY,256,6,1,1.9051,1.178867e-02,0.0272,0.5920,1233,-1.0000,-1.0000,-1.0000,-1.0000,0.8652
vib_ball_fault_007,vibration,IMP_COMPOSITE,256,6,1,2.0582,1.138012e-02,0.0317,0.5728,1234,-1.0000,-1.0000,-1.0000,-1.0000,0.8302
vib_ball_fault_007,vibration,IMP_ADAPTIVE,256,6,1,1.5606,1.276177e-02,0.0441,0.5588,1234,-1.0000,-1.0000,-1.0000,-1.0000,0.7870
