mode,buffer_size,repeat,evictions,avg_us,trial_max_us,wall_clock_ms
IMP_INTERP_ERROR,2048,0,47952,5.8127,111.7120,283.7385
IMP_INTERP_ERROR,2048,1,47952,5.7970,67.5230,282.8808
IMP_INTERP_ERROR,2048,2,47952,5.7821,63.4100,282.1719
IMP_INTERP_ERROR,2048,3,47952,5.7740,36.8500,281.6937
IMP_INTERP_ERROR,2048,4,47952,5.7663,30.2370,281.4072
IMP_INTERP_ERROR,2048,5,47952,5.7660,35.9580,281.3867
IMP_INTERP_ERROR,2048,6,47952,5.7903,49.0140,282.5247
IMP_INTERP_ERROR,2048,7,47952,5.7779,53.5620,281.9747
IMP_INTERP_ERROR,2048,8,47952,5.7741,66.0460,281.7847
IMP_INTERP_ERROR,2048,9,47952,5.7542,45.7070,280.7572
IMP_INTERP_ERROR,2048,10,47952,5.7964,53.7370,282.8723
IMP_INTERP_ERROR,2048,11,47952,5.7724,51.1270,281.7403
IMP_INTERP_ERROR,2048,12,47952,5.7999,43.7630,283.0010
IMP_INTERP_ERROR,2048,13,47952,5.7709,47.9310,281.6639
IMP_INTERP_ERROR,2048,14,47952,5.7671,33.8350,281.4416
IMP_INTERP_ERROR,2048,15,47952,5.7660,40.7680,281.3532
IMP_INTERP_ERROR,2048,16,47952,5.7634,50.0650,281.1938
IMP_INTERP_ERROR,2048,17,47952,5.7909,98.7180,282.6057
IMP_INTERP_ERROR,2048,18,47952,5.7694,37.4110,281.5288
IMP_INTERP_ERROR,2048,19,47952,5.7688,34.4560,281.5191
IMP_INTERP_ERROR,2048,20,47952,5.7621,55.1550,281.2178
IMP_INTERP_ERROR,2048,21,47952,6.2564,295.5710,305.1921
IMP_INTERP_ERROR,2048,22,47952,5.9205,1473.9820,288.9285
IMP_INTERP_ERROR,2048,23,47952,5.7896,44.8760,282.5641
IMP_INTERP_ERROR,2048,24,47952,5.8018,63.8310,283.1281
IMP_INTERP_ERROR,2048,25,47952,5.8166,50.6060,283.8125
IMP_INTERP_ERROR,2048,26,47952,5.7870,51.3280,282.3615
IMP_INTERP_ERROR,2048,27,47952,5.7782,42.5610,281.9970
IMP_INTERP_ERROR,2048,28,47952,5.7788,105.7460,282.0188
IMP_INTERP_ERROR,2048,29,47952,5.8347,43.4430,284.6781
IMP_INTERP_ERROR,2048,30,47952,5.9051,58.2100,288.0947
IMP_INTERP_ERROR,2048,31,47952,5.7973,90.2570,282.8993
IMP_INTERP_ERROR,2048,32,47952,5.8498,54.1420,285.3916
IMP_INTERP_ERROR,2048,33,47952,5.8404,74.4420,285.0112
IMP_INTERP_ERROR,2048,34,47952,5.8403,55.4250,284.9408
IMP_INTERP_ERROR,2048,35,47952,6.5134,52.3600,317.8484
IMP_INTERP_ERROR,2048,36,47952,5.9356,76.0750,289.5586
IMP_INTERP_ERROR,2048,37,47952,5.9363,86.9550,289.6108
IMP_INTERP_ERROR,2048,38,47952,6.0549,65.7300,295.3486
IMP_INTERP_ERROR,2048,39,47952,5.8821,49.8850,286.9561
IMP_INTERP_ERROR,2048,40,47952,5.8420,42.2000,285.0825
IMP_INTERP_ERROR,2048,41,47952,6.1117,2044.1520,298.2326
IMP_INTERP_ERROR,2048,42,47952,7.5864,3084.2900,370.5476
IMP_INTERP_ERROR,2048,43,47952,5.9188,77.8880,288.9017
IMP_INTERP_ERROR,2048,44,47952,5.8963,74.3120,287.7716
IMP_INTERP_ERROR,2048,45,47952,5.8406,62.2580,284.9290
IMP_INTERP_ERROR,2048,46,47952,5.8513,102.0830,285.4661
IMP_INTERP_ERROR,2048,47,47952,9.1294,16930.5590,445.3922
IMP_INTERP_ERROR,2048,48,47952,7.7275,971.0990,377.4066
IMP_INTERP_ERROR,2048,49,47952,6.2969,191.2980,307.3437
IMP_INTERP_ERROR,2048,50,47952,7.9735,3219.0080,389.9196
IMP_INTERP_ERROR,2048,51,47952,7.0507,1132.6020,344.4741
IMP_INTERP_ERROR,2048,52,47952,7.1833,232.2420,351.0624
IMP_INTERP_ERROR,2048,53,47952,7.0066,558.2310,342.3121
IMP_INTERP_ERROR,2048,54,47952,6.9594,411.5020,340.1207
IMP_INTERP_ERROR,2048,55,47952,6.2395,133.5290,304.5630
IMP_INTERP_ERROR,2048,56,47952,6.1209,121.8220,298.6615
IMP_INTERP_ERROR,2048,57,47952,6.1758,167.9740,301.3648
IMP_INTERP_ERROR,2048,58,47952,5.9207,67.2480,288.8615
IMP_INTERP_ERROR,2048,59,47952,6.2554,314.0120,305.4131
IMP_INTERP_ERROR,2048,60,47952,6.0131,252.2550,293.4120
IMP_INTERP_ERROR,2048,61,47952,5.9279,350.2860,289.3072
IMP_INTERP_ERROR,2048,62,47952,7.0660,13792.8890,344.6531
IMP_INTERP_ERROR,2048,63,47952,5.9426,113.5910,289.9942
IMP_INTERP_ERROR,2048,64,47952,5.8997,61.8670,287.8747
IMP_INTERP_ERROR,2048,65,47952,5.9935,105.8620,292.5405
IMP_INTERP_ERROR,2048,66,47952,5.9327,162.1690,289.5691
IMP_INTERP_ERROR,2048,67,47952,5.9260,59.1520,289.2998
IMP_INTERP_ERROR,2048,68,47952,5.9273,84.2100,289.3044
IMP_INTERP_ERROR,2048,69,47952,5.8763,154.0970,286.8914
IMP_INTERP_ERROR,2048,70,47952,5.8184,141.4230,283.9630
IMP_INTERP_ERROR,2048,71,47952,5.8525,315.5500,285.6526
IMP_INTERP_ERROR,2048,72,47952,5.7959,52.1590,282.7843
IMP_INTERP_ERROR,2048,73,47952,5.7696,33.9140,281.5067
IMP_INTERP_ERROR,2048,74,47952,5.9017,61.8770,288.0590
IMP_INTERP_ERROR,2048,75,47952,5.8024,59.9540,283.2299
IMP_INTERP_ERROR,2048,76,47952,5.7814,49.2740,282.1024
IMP_INTERP_ERROR,2048,77,47952,5.8114,44.4650,283.6228
IMP_INTERP_ERROR,2048,78,47952,5.7852,54.0240,282.2516
IMP_INTERP_ERROR,2048,79,47952,5.8320,56.6380,284.6267
IMP_INTERP_ERROR,2048,80,47952,5.7900,41.9200,282.5741
IMP_INTERP_ERROR,2048,81,47952,5.7699,49.5750,281.5502
IMP_INTERP_ERROR,2048,82,47952,5.8003,58.5220,283.0423
IMP_INTERP_ERROR,2048,83,47952,5.7955,53.5230,282.8060
IMP_INTERP_ERROR,2048,84,47952,5.8028,65.6550,283.2693
IMP_INTERP_ERROR,2048,85,47952,5.7839,108.0410,282.2755
IMP_INTERP_ERROR,2048,86,47952,5.7629,51.5780,281.1945
IMP_INTERP_ERROR,2048,87,47952,5.7628,57.8700,281.1471
IMP_INTERP_ERROR,2048,88,47952,5.7628,41.4590,281.2221
IMP_INTERP_ERROR,2048,89,47952,5.7910,44.4950,282.5823
IMP_INTERP_ERROR,2048,90,47952,5.7615,79.5310,281.1632
IMP_INTERP_ERROR,2048,91,47952,5.7740,49.4040,281.7366
IMP_INTERP_ERROR,2048,92,47952,5.7689,54.4230,281.5078
IMP_INTERP_ERROR,2048,93,47952,5.7649,49.1830,281.3302
IMP_INTERP_ERROR,2048,94,47952,5.7960,62.2690,282.8591
IMP_INTERP_ERROR,2048,95,47952,5.7847,105.2550,282.3176
IMP_INTERP_ERROR,2048,96,47952,5.7664,47.6800,281.3489
IMP_INTERP_ERROR,2048,97,47952,5.7659,55.8960,281.3335
IMP_INTERP_ERROR,2048,98,47952,5.7676,44.8750,281.4445
IMP_INTERP_ERROR,2048,99,47952,5.7781,77.9180,281.9471
IMP_INTERP_ERROR,2048,100,47952,5.7996,64.2720,283.0617
IMP_INTERP_ERROR,2048,101,47952,5.7722,50.1150,281.6765
IMP_INTERP_ERROR,2048,102,47952,5.7737,66.8070,281.7203
IMP_INTERP_ERROR,2048,103,47952,5.8050,49.2230,283.3141
IMP_INTERP_ERROR,2048,104,47952,5.9656,66.6960,291.0677
IMP_INTERP_ERROR,2048,105,47952,6.0566,473.4800,295.5659
IMP_INTERP_ERROR,2048,106,47952,5.9614,75.4530,290.8505
IMP_INTERP_ERROR,2048,107,47952,5.8077,182.9930,283.4221
IMP_INTERP_ERROR,2048,108,47952,5.8334,54.5330,284.6402
IMP_INTERP_ERROR,2048,109,47952,5.8187,347.1900,283.9539
IMP_INTERP_ERROR,2048,110,47952,5.8012,59.1070,283.0909
IMP_INTERP_ERROR,2048,111,47952,5.7826,75.3380,282.2039
IMP_INTERP_ERROR,2048,112,47952,5.7721,51.1270,281.6925
IMP_INTERP_ERROR,2048,113,47952,5.8210,69.8420,284.0040
IMP_INTERP_ERROR,2048,114,47952,5.7933,70.2040,282.7080
IMP_INTERP_ERROR,2048,115,47952,5.8012,56.3970,283.1103
IMP_INTERP_ERROR,2048,116,47952,5.8002,50.5360,282.9575
IMP_INTERP_ERROR,2048,117,47952,5.8726,75.0530,286.5214
IMP_INTERP_ERROR,2048,118,47952,5.8013,59.0220,283.1085
IMP_INTERP_ERROR,2048,119,47952,5.7871,44.0040,282.3824
IMP_INTERP_ERROR,2048,120,47952,5.7975,285.0160,282.9289
IMP_INTERP_ERROR,2048,121,47952,5.7680,42.7510,281.4915
IMP_INTERP_ERROR,2048,122,47952,5.8484,115.3490,285.4320
IMP_INTERP_ERROR,2048,123,47952,5.7749,216.0000,281.7711
IMP_INTERP_ERROR,2048,124,47952,5.7761,38.2630,281.8200
IMP_INTERP_ERROR,2048,125,47952,5.7592,47.0900,281.0116
IMP_INTERP_ERROR,2048,126,47952,5.7666,50.6760,281.4401
IMP_INTERP_ERROR,2048,127,47952,5.8315,131.9310,284.5795
IMP_INTERP_ERROR,2048,128,47952,5.7802,219.5320,282.0859
IMP_INTERP_ERROR,2048,129,47952,5.7835,53.6420,282.2084
IMP_INTERP_ERROR,2048,130,47952,5.7884,52.6290,282.4515
IMP_INTERP_ERROR,2048,131,47952,5.7804,52.1490,282.0620
IMP_INTERP_ERROR,2048,132,47952,5.7745,50.8560,281.7432
IMP_INTERP_ERROR,2048,133,47952,5.8896,74.3920,287.4035
IMP_INTERP_ERROR,2048,134,47952,5.7964,56.5180,282.8559
IMP_INTERP_ERROR,2048,135,47952,5.7764,59.8740,281.8406
IMP_INTERP_ERROR,2048,136,47952,5.7973,51.0470,282.8979
IMP_INTERP_ERROR,2048,137,47952,5.7664,50.4160,281.3892
IMP_INTERP_ERROR,2048,138,47952,5.8387,69.5470,284.8956
IMP_INTERP_ERROR,2048,139,47952,5.8293,53.3310,284.5097
IMP_INTERP_ERROR,2048,140,47952,5.8659,56.8080,286.2399
IMP_INTERP_ERROR,2048,141,47952,5.7925,140.4310,282.6708
IMP_INTERP_ERROR,2048,142,47952,5.8612,63.4910,286.0472
IMP_INTERP_ERROR,2048,143,47952,6.0878,297.3140,297.0986
IMP_INTERP_ERROR,2048,144,47952,6.4858,13612.5300,316.1768
IMP_INTERP_ERROR,2048,145,47952,5.8614,45.1050,286.0823
IMP_INTERP_ERROR,2048,146,47952,5.9568,269.4810,290.6595
IMP_INTERP_ERROR,2048,147,47952,5.8709,78.3080,286.4419
IMP_INTERP_ERROR,2048,148,47952,6.2217,312.7490,303.6768
IMP_INTERP_ERROR,2048,149,47952,6.1803,87.2410,301.5340
IMP_INTERP_ERROR,2048,150,47952,6.0789,117.7840,296.6162
IMP_INTERP_ERROR,2048,151,47952,5.9420,81.9210,289.9390
IMP_INTERP_ERROR,2048,152,47952,5.8033,66.1360,283.1948
IMP_INTERP_ERROR,2048,153,47952,5.8286,61.6870,284.4578
IMP_INTERP_ERROR,2048,154,47952,5.8180,50.3350,283.8751
IMP_INTERP_ERROR,2048,155,47952,5.8168,73.9960,283.8756
IMP_INTERP_ERROR,2048,156,47952,5.8382,124.6370,284.8372
IMP_INTERP_ERROR,2048,157,47952,5.7813,73.9800,282.1179
IMP_INTERP_ERROR,2048,158,47952,5.9712,87.3260,291.4336
IMP_INTERP_ERROR,2048,159,47952,5.8546,88.7290,285.7146
IMP_INTERP_ERROR,2048,160,47952,5.8288,88.5480,284.4751
IMP_INTERP_ERROR,2048,161,47952,5.9066,62.7790,288.2206
IMP_INTERP_ERROR,2048,162,47952,5.7993,59.2570,283.0190
IMP_INTERP_ERROR,2048,163,47952,5.8663,67.6740,286.2960
IMP_INTERP_ERROR,2048,164,47952,5.8004,59.1320,283.0037
IMP_INTERP_ERROR,2048,165,47952,5.8089,40.4570,283.4748
IMP_INTERP_ERROR,2048,166,47952,5.8831,52.9910,287.2055
IMP_INTERP_ERROR,2048,167,47952,5.7961,38.4530,282.8343
IMP_INTERP_ERROR,2048,168,47952,5.8106,74.8730,283.5320
IMP_INTERP_ERROR,2048,169,47952,5.8015,59.9440,283.1140
IMP_INTERP_ERROR,2048,170,47952,5.9235,80.3430,289.1083
IMP_INTERP_ERROR,2048,171,47952,6.0914,90.3020,297.2085
IMP_INTERP_ERROR,2048,172,47952,6.1339,76.1950,299.4039
IMP_INTERP_ERROR,2048,173,47952,5.9051,85.3020,288.1816
IMP_INTERP_ERROR,2048,174,47952,6.1360,2315.6890,299.4328
IMP_INTERP_ERROR,2048,175,47952,5.8655,42.6210,286.2320
IMP_INTERP_ERROR,2048,176,47952,5.8004,88.6290,283.0308
IMP_INTERP_ERROR,2048,177,47952,5.8141,83.6790,283.6960
IMP_INTERP_ERROR,2048,178,47952,5.8178,134.3500,283.9216
IMP_INTERP_ERROR,2048,179,47952,5.8791,60.7050,286.8698
IMP_INTERP_ERROR,2048,180,47952,5.8699,116.3210,286.4259
IMP_INTERP_ERROR,2048,181,47952,5.8639,76.2650,286.1603
IMP_INTERP_ERROR,2048,182,47952,5.8857,47.8410,287.2556
IMP_INTERP_ERROR,2048,183,47952,5.9826,111.1610,292.0411
IMP_INTERP_ERROR,2048,184,47952,6.1857,102.2440,301.9359
IMP_INTERP_ERROR,2048,185,47952,5.9487,86.8950,290.3323
IMP_INTERP_ERROR,2048,186,47952,5.8378,60.9550,284.8828
IMP_INTERP_ERROR,2048,187,47952,5.7932,55.5760,282.7392
IMP_INTERP_ERROR,2048,188,47952,5.7890,35.8180,282.4619
IMP_INTERP_ERROR,2048,189,47952,5.7825,39.3650,282.1603
IMP_INTERP_ERROR,2048,190,47952,5.8260,49.7240,284.3139
IMP_INTERP_ERROR,2048,191,47952,5.8204,35.1070,283.9655
IMP_INTERP_ERROR,2048,192,47952,5.8042,66.9770,283.2908
IMP_INTERP_ERROR,2048,193,47952,6.1232,107.8350,298.9148
IMP_INTERP_ERROR,2048,194,47952,5.8672,56.5980,286.3516
IMP_INTERP_ERROR,2048,195,47952,5.9213,58.4710,289.0074
IMP_INTERP_ERROR,2048,196,47952,5.8964,68.2190,287.8022
IMP_INTERP_ERROR,2048,197,47952,5.8857,45.5960,287.2075
IMP_INTERP_ERROR,2048,198,47952,5.8304,56.2670,284.5323
IMP_INTERP_ERROR,2048,199,47952,5.8573,85.5320,285.8413
IMP_INTERP_ERROR,2048,200,47952,5.9422,134.3550,289.9944
IMP_INTERP_ERROR,2048,201,47952,6.1139,176.5210,298.3847
IMP_INTERP_ERROR,2048,202,47952,5.8753,157.9300,286.8583
IMP_INTERP_ERROR,2048,203,47952,5.8441,59.1620,285.1747
IMP_INTERP_ERROR,2048,204,47952,6.0248,94.6800,294.0263
IMP_INTERP_ERROR,2048,205,47952,5.9110,56.1070,288.4643
IMP_INTERP_ERROR,2048,206,47952,5.9270,70.2240,289.3049
IMP_INTERP_ERROR,2048,207,47952,5.9280,66.0500,289.3466
IMP_INTERP_ERROR,2048,208,47952,6.1405,315.1990,299.6726
IMP_INTERP_ERROR,2048,209,47952,5.8326,171.2550,284.6336
IMP_INTERP_ERROR,2048,210,47952,5.9823,127.0860,291.9174
IMP_INTERP_ERROR,2048,211,47952,5.8579,44.2140,285.8397
IMP_INTERP_ERROR,2048,212,47952,5.8657,118.9810,286.2602
IMP_INTERP_ERROR,2048,213,47952,5.9048,132.8400,288.2620
IMP_INTERP_ERROR,2048,214,47952,6.2604,104.0680,305.5250
IMP_INTERP_ERROR,2048,215,47952,5.9051,104.1570,288.2491
IMP_INTERP_ERROR,2048,216,47952,5.8420,72.0070,285.1315
IMP_INTERP_ERROR,2048,217,47952,5.8060,52.5000,283.3695
IMP_INTERP_ERROR,2048,218,47952,5.9030,70.4640,288.0698
IMP_INTERP_ERROR,2048,219,47952,5.7859,62.3590,282.3406
IMP_INTERP_ERROR,2048,220,47952,5.8049,61.0410,283.2829
IMP_INTERP_ERROR,2048,221,47952,5.7938,62.4580,282.7196
IMP_INTERP_ERROR,2048,222,47952,6.1064,131.5000,298.1100
IMP_INTERP_ERROR,2048,223,47952,6.0365,291.8540,294.5480
IMP_INTERP_ERROR,2048,224,47952,5.9813,73.5800,291.9242
IMP_INTERP_ERROR,2048,225,47952,5.8881,71.4860,287.3972
IMP_INTERP_ERROR,2048,226,47952,5.8701,46.2770,286.4170
IMP_INTERP_ERROR,2048,227,47952,5.8047,51.6180,283.2801
IMP_INTERP_ERROR,2048,228,47952,5.8609,65.2140,285.9352
IMP_INTERP_ERROR,2048,229,47952,6.3539,119.7080,310.1503
IMP_INTERP_ERROR,2048,230,47952,5.8679,76.5810,286.3328
IMP_INTERP_ERROR,2048,231,47952,5.8361,54.6840,284.7921
IMP_INTERP_ERROR,2048,232,47952,5.8428,135.0460,285.1358
IMP_INTERP_ERROR,2048,233,47952,5.7904,128.0180,282.5456
IMP_INTERP_ERROR,2048,234,47952,5.8530,57.5500,285.5844
IMP_INTERP_ERROR,2048,235,47952,5.8256,58.1900,284.2799
IMP_INTERP_ERROR,2048,236,47952,5.8179,46.0670,283.9406
IMP_INTERP_ERROR,2048,237,47952,5.8457,62.9200,285.2943
IMP_INTERP_ERROR,2048,238,47952,5.7936,47.2490,282.7751
IMP_INTERP_ERROR,2048,239,47952,6.0710,159.5530,296.2249
IMP_INTERP_ERROR,2048,240,47952,5.9361,347.7210,289.7200
IMP_INTERP_ERROR,2048,241,47952,5.8697,53.7930,286.4412
IMP_INTERP_ERROR,2048,242,47952,5.9846,127.7370,292.1306
IMP_INTERP_ERROR,2048,243,47952,5.8604,49.0640,285.9435
IMP_INTERP_ERROR,2048,244,47952,5.8006,49.3430,283.0577
IMP_INTERP_ERROR,2048,245,47952,6.7530,154.2730,329.6054
IMP_INTERP_ERROR,2048,246,47952,6.2672,965.0350,305.9605
IMP_INTERP_ERROR,2048,247,47952,5.8209,47.2990,284.0398
IMP_INTERP_ERROR,2048,248,47952,5.8821,65.2490,287.0563
IMP_INTERP_ERROR,2048,249,47952,5.8849,52.3790,287.2445
IMP_INTERP_ERROR,2048,250,47952,5.8788,42.0700,286.9569
IMP_INTERP_ERROR,2048,251,47952,5.8325,91.3680,284.7131
IMP_INTERP_ERROR,2048,252,47952,5.9861,115.9490,292.2059
IMP_INTERP_ERROR,2048,253,47952,5.9951,234.1920,292.5757
IMP_INTERP_ERROR,2048,254,47952,5.8391,40.5070,284.9400
IMP_INTERP_ERROR,2048,255,47952,5.8446,66.0460,285.2557
IMP_INTERP_ERROR,2048,256,47952,5.9785,105.6400,291.8466
IMP_INTERP_ERROR,2048,257,47952,5.8332,57.9910,284.6525
IMP_INTERP_ERROR,2048,258,47952,5.8562,50.1860,285.7685
IMP_INTERP_ERROR,2048,259,47952,5.8732,60.7350,286.6122
IMP_INTERP_ERROR,2048,260,47952,6.0654,249.6750,296.0603
IMP_INTERP_ERROR,2048,261,47952,5.8907,67.2070,287.4559
IMP_INTERP_ERROR,2048,262,47952,5.9452,104.0580,290.2245
IMP_INTERP_ERROR,2048,263,47952,5.8567,69.9130,285.7442
IMP_INTERP_ERROR,2048,264,47952,5.8242,36.8900,284.1682
IMP_INTERP_ERROR,2048,265,47952,5.8525,46.3380,285.5790
IMP_INTERP_ERROR,2048,266,47952,5.8882,115.2990,287.3486
IMP_INTERP_ERROR,2048,267,47952,5.8485,182.9120,285.4600
IMP_INTERP_ERROR,2048,268,47952,5.9760,73.3500,291.6676
IMP_INTERP_ERROR,2048,269,47952,5.8990,52.8800,287.8402
IMP_INTERP_ERROR,2048,270,47952,5.8548,85.9880,285.7663
IMP_INTERP_ERROR,2048,271,47952,5.8875,49.8640,287.3248
IMP_INTERP_ERROR,2048,272,47952,5.9674,47.0500,291.0789
IMP_INTERP_ERROR,2048,273,47952,5.9459,52.5000,290.0986
IMP_INTERP_ERROR,2048,274,47952,6.0977,113.8660,297.6014
IMP_INTERP_ERROR,2048,275,47952,5.9130,79.3910,288.5954
IMP_INTERP_ERROR,2048,276,47952,5.9130,38.6730,288.5586
IMP_INTERP_ERROR,2048,277,47952,5.8328,55.9260,284.6848
IMP_INTERP_ERROR,2048,278,47952,5.8391,41.6290,285.0069
IMP_INTERP_ERROR,2048,279,47952,5.9528,50.2550,290.4820
IMP_INTERP_ERROR,2048,280,47952,5.9038,105.8910,288.1163
IMP_INTERP_ERROR,2048,281,47952,5.8202,60.5860,284.0275
IMP_INTERP_ERROR,2048,282,47952,6.2584,129.8470,305.5181
IMP_INTERP_ERROR,2048,283,47952,5.8814,52.1590,286.9662
IMP_INTERP_ERROR,2048,284,47952,5.9117,86.3410,288.5546
IMP_INTERP_ERROR,2048,285,47952,5.8047,63.8410,283.2306
IMP_INTERP_ERROR,2048,286,47952,5.7911,92.1960,282.5784
IMP_INTERP_ERROR,2048,287,47952,5.7753,72.4430,281.8497
IMP_INTERP_ERROR,2048,288,47952,5.8397,92.6010,284.9457
IMP_INTERP_ERROR,2048,289,47952,5.7776,69.3310,281.9236
IMP_INTERP_ERROR,2048,290,47952,5.7738,68.6810,281.7429
IMP_INTERP_ERROR,2048,291,47952,5.7721,35.5280,281.6240
IMP_INTERP_ERROR,2048,292,47952,5.7895,48.8730,282.5015
IMP_INTERP_ERROR,2048,293,47952,5.7746,49.0130,281.8026
IMP_INTERP_ERROR,2048,294,47952,5.7778,79.6960,281.9682
IMP_INTERP_ERROR,2048,295,47952,5.7933,61.0510,282.7636
IMP_INTERP_ERROR,2048,296,47952,5.8590,92.5260,285.9487
IMP_INTERP_ERROR,2048,297,47952,5.8017,42.5610,283.1256
IMP_INTERP_ERROR,2048,298,47952,5.8826,62.6540,287.1017
IMP_INTERP_ERROR,2048,299,47952,5.7704,59.8440,281.5655
IMP_INTERP_COMPOSITE,2048,0,47952,16.3661,103.1860,789.7689
IMP_INTERP_COMPOSITE,2048,1,47952,16.3587,77.8080,789.4350
IMP_INTERP_COMPOSITE,2048,2,47952,16.4342,76.3850,793.1515
IMP_INTERP_COMPOSITE,2048,3,47952,16.6825,586.7200,805.1025
IMP_INTERP_COMPOSITE,2048,4,47952,16.4449,84.6960,793.5845
IMP_INTERP_COMPOSITE,2048,5,47952,16.4105,112.6090,791.9296
IMP_INTERP_COMPOSITE,2048,6,47952,16.6006,67.1380,801.1695
IMP_INTERP_COMPOSITE,2048,7,47952,16.5015,83.4690,796.4104
IMP_INTERP_COMPOSITE,2048,8,47952,16.6896,151.1920,805.5007
IMP_INTERP_COMPOSITE,2048,9,47952,16.2911,85.9840,786.2164
IMP_INTERP_COMPOSITE,2048,10,47952,16.2263,56.2870,783.0103
IMP_INTERP_COMPOSITE,2048,11,47952,16.3029,56.9580,786.6837
IMP_INTERP_COMPOSITE,2048,12,47952,16.3637,176.8860,789.7111
IMP_INTERP_COMPOSITE,2048,13,47952,16.4531,71.8460,794.0261
IMP_INTERP_COMPOSITE,2048,14,47952,16.6112,402.0830,801.6197
IMP_INTERP_COMPOSITE,2048,15,47952,16.2446,70.8140,783.9308
IMP_INTERP_COMPOSITE,2048,16,47952,16.4597,53.4920,794.2983
IMP_INTERP_COMPOSITE,2048,17,47952,16.3937,99.5090,791.0862
IMP_INTERP_COMPOSITE,2048,18,47952,16.5261,126.0800,797.6068
IMP_INTERP_COMPOSITE,2048,19,47952,16.7530,117.5730,808.4872
IMP_INTERP_COMPOSITE,2048,20,47952,17.2598,216.9520,833.0769
IMP_INTERP_COMPOSITE,2048,21,47952,16.9402,228.0410,817.6420
IMP_INTERP_COMPOSITE,2048,22,47952,16.2991,118.1140,786.5307
IMP_INTERP_COMPOSITE,2048,23,47952,16.2958,121.2300,786.4268
IMP_INTERP_COMPOSITE,2048,24,47952,16.3219,128.9850,787.6311
IMP_INTERP_COMPOSITE,2048,25,47952,16.4599,68.4600,794.3593
IMP_INTERP_COMPOSITE,2048,26,47952,16.3943,147.6300,791.1658
IMP_INTERP_COMPOSITE,2048,27,47952,16.5955,112.2090,800.9106
IMP_INTERP_COMPOSITE,2048,28,47952,16.3264,161.8780,787.9247
IMP_INTERP_COMPOSITE,2048,29,47952,16.3340,100.1000,788.2423
IMP_INTERP_COMPOSITE,2048,30,47952,16.4989,73.3090,796.1435
IMP_INTERP_COMPOSITE,2048,31,47952,20.2570,85.9130,978.2064
IMP_INTERP_COMPOSITE,2048,32,47952,16.5208,202.4140,797.2879
IMP_INTERP_COMPOSITE,2048,33,47952,16.6209,123.1740,802.1215
IMP_INTERP_COMPOSITE,2048,34,47952,16.4370,170.5090,793.3435
IMP_INTERP_COMPOSITE,2048,35,47952,16.3317,88.2680,788.1738
IMP_INTERP_COMPOSITE,2048,36,47952,16.2438,74.9620,783.8727
IMP_INTERP_COMPOSITE,2048,37,47952,16.3812,108.9610,790.5187
IMP_INTERP_COMPOSITE,2048,38,47952,16.7387,118.0450,807.9191
IMP_INTERP_COMPOSITE,2048,39,47952,16.5266,103.6420,797.6015
IMP_INTERP_COMPOSITE,2048,40,47952,16.4782,78.9190,795.2187
IMP_INTERP_COMPOSITE,2048,41,47952,16.4841,161.5570,795.5019
IMP_INTERP_COMPOSITE,2048,42,47952,16.3771,66.0950,790.3411
IMP_INTERP_COMPOSITE,2048,43,47952,16.8853,117.8140,814.9713
IMP_INTERP_COMPOSITE,2048,44,47952,16.7714,2767.7220,809.3710
IMP_INTERP_COMPOSITE,2048,45,47952,16.4775,95.4060,795.1703
IMP_INTERP_COMPOSITE,2048,46,47952,16.3402,61.4860,788.5082
IMP_INTERP_COMPOSITE,2048,47,47952,16.2947,222.4230,786.3207
IMP_INTERP_COMPOSITE,2048,48,47952,16.9168,231.9500,816.5333
IMP_INTERP_COMPOSITE,2048,49,47952,16.7525,105.0800,808.5289
IMP_INTERP_COMPOSITE,2048,50,47952,16.5664,100.9320,799.5562
IMP_INTERP_COMPOSITE,2048,51,47952,16.4442,101.5730,793.6550
IMP_INTERP_COMPOSITE,2048,52,47952,16.4557,100.0510,794.1357
IMP_INTERP_COMPOSITE,2048,53,47952,16.4363,143.0970,793.2013
IMP_INTERP_COMPOSITE,2048,54,47952,16.5739,153.5010,799.9286
IMP_INTERP_COMPOSITE,2048,55,47952,16.4421,93.4980,793.4682
IMP_INTERP_COMPOSITE,2048,56,47952,16.5537,130.7740,798.8382
IMP_INTERP_COMPOSITE,2048,57,47952,16.6575,298.0760,803.8824
IMP_INTERP_COMPOSITE,2048,58,47952,16.6120,678.3890,801.6871
IMP_INTERP_COMPOSITE,2048,59,47952,16.4971,99.0180,796.1261
IMP_INTERP_COMPOSITE,2048,60,47952,16.4790,130.4430,795.2711
IMP_INTERP_COMPOSITE,2048,61,47952,16.4195,77.1620,792.4627
IMP_INTERP_COMPOSITE,2048,62,47952,16.3566,80.1570,789.3711
IMP_INTERP_COMPOSITE,2048,63,47952,16.3832,127.2720,790.6833
IMP_INTERP_COMPOSITE,2048,64,47952,17.0521,153.0350,823.1012
IMP_INTERP_COMPOSITE,2048,65,47952,16.4732,83.3680,795.0389
IMP_INTERP_COMPOSITE,2048,66,47952,16.8635,181.8700,813.9036
IMP_INTERP_COMPOSITE,2048,67,47952,17.2319,1812.4070,831.7160
IMP_INTERP_COMPOSITE,2048,68,47952,16.3565,146.9090,789.3378
IMP_INTERP_COMPOSITE,2048,69,47952,16.3608,193.0010,789.6258
IMP_INTERP_COMPOSITE,2048,70,47952,16.3384,129.0260,788.4749
IMP_INTERP_COMPOSITE,2048,71,47952,16.5221,122.0920,797.3467
IMP_INTERP_COMPOSITE,2048,72,47952,16.4367,192.4850,793.2361
IMP_INTERP_COMPOSITE,2048,73,47952,16.7423,77.5070,807.9674
IMP_INTERP_COMPOSITE,2048,74,47952,16.5053,98.6170,796.5241
IMP_INTERP_COMPOSITE,2048,75,47952,17.1387,135.8980,827.1992
IMP_INTERP_COMPOSITE,2048,76,47952,16.5787,73.6800,800.0716
IMP_INTERP_COMPOSITE,2048,77,47952,16.4135,155.2940,792.0899
IMP_INTERP_COMPOSITE,2048,78,47952,16.3963,203.8180,791.2378
IMP_INTERP_COMPOSITE,2048,79,47952,16.5569,1727.9520,798.9730
IMP_INTERP_COMPOSITE,2048,80,47952,16.3441,140.6680,788.7306
IMP_INTERP_COMPOSITE,2048,81,47952,16.4658,147.1100,794.6551
IMP_INTERP_COMPOSITE,2048,82,47952,16.7054,137.6820,806.1727
IMP_INTERP_COMPOSITE,2048,83,47952,16.3538,65.1140,789.2042
IMP_INTERP_COMPOSITE,2048,84,47952,16.4793,75.1720,795.4100
IMP_INTERP_COMPOSITE,2048,85,47952,16.3239,96.1630,787.7855
IMP_INTERP_COMPOSITE,2048,86,47952,16.4274,71.4760,792.7901
IMP_INTERP_COMPOSITE,2048,87,47952,16.2321,86.3540,783.3105
IMP_INTERP_COMPOSITE,2048,88,47952,16.3372,81.0590,788.4605
IMP_INTERP_COMPOSITE,2048,89,47952,16.2420,61.4870,783.8014
IMP_INTERP_COMPOSITE,2048,90,47952,16.3820,102.5900,790.5609
IMP_INTERP_COMPOSITE,2048,91,47952,16.3645,469.9030,789.7442
IMP_INTERP_COMPOSITE,2048,92,47952,16.3390,122.0220,788.4638
IMP_INTERP_COMPOSITE,2048,93,47952,16.5139,149.2990,796.9850
IMP_INTERP_COMPOSITE,2048,94,47952,16.4255,130.0470,792.7176
IMP_INTERP_COMPOSITE,2048,95,47952,16.4314,92.9420,792.9899
IMP_INTERP_COMPOSITE,2048,96,47952,16.3070,226.4800,786.9156
IMP_INTERP_COMPOSITE,2048,97,47952,16.3091,68.9210,787.0734
IMP_INTERP_COMPOSITE,2048,98,47952,16.2438,66.4570,783.8697
IMP_INTERP_COMPOSITE,2048,99,47952,16.4004,117.6630,791.4600
IMP_INTERP_COMPOSITE,2048,100,47952,16.3526,104.6290,789.1701
IMP_INTERP_COMPOSITE,2048,101,47952,16.5448,212.8490,798.6676
IMP_INTERP_COMPOSITE,2048,102,47952,17.0767,102.6750,824.3076
IMP_INTERP_COMPOSITE,2048,103,47952,16.7201,283.4230,806.9712
IMP_INTERP_COMPOSITE,2048,104,47952,16.4405,69.3620,793.4715
IMP_INTERP_COMPOSITE,2048,105,47952,17.1684,123.3650,828.7251
IMP_INTERP_COMPOSITE,2048,106,47952,16.3340,169.6170,788.2927
IMP_INTERP_COMPOSITE,2048,107,47952,16.3049,248.1170,786.8144
IMP_INTERP_COMPOSITE,2048,108,47952,16.2918,98.4670,786.2129
IMP_INTERP_COMPOSITE,2048,109,47952,16.4973,199.8350,796.1497
IMP_INTERP_COMPOSITE,2048,110,47952,16.3589,95.2910,789.4447
IMP_INTERP_COMPOSITE,2048,111,47952,16.4176,87.8820,792.2822
IMP_INTERP_COMPOSITE,2048,112,47952,16.2776,91.1730,785.4815
IMP_INTERP_COMPOSITE,2048,113,47952,16.2701,126.2750,785.1865
IMP_INTERP_COMPOSITE,2048,114,47952,16.2855,84.4900,785.8858
IMP_INTERP_COMPOSITE,2048,115,47952,16.3268,65.9100,787.8917
IMP_INTERP_COMPOSITE,2048,116,47952,16.3869,95.3510,790.7960
IMP_INTERP_COMPOSITE,2048,117,47952,16.4077,75.4460,791.7729
IMP_INTERP_COMPOSITE,2048,118,47952,16.9175,136.9550,816.3895
IMP_INTERP_COMPOSITE,2048,119,47952,16.4148,129.0250,792.1851
IMP_INTERP_COMPOSITE,2048,120,47952,16.2821,107.5040,785.7077
IMP_INTERP_COMPOSITE,2048,121,47952,20.2790,135.0320,979.2953
IMP_INTERP_COMPOSITE,2048,122,47952,16.2998,73.6700,786.5875
IMP_INTERP_COMPOSITE,2048,123,47952,16.2074,68.7100,782.0988
IMP_INTERP_COMPOSITE,2048,124,47952,16.2195,55.0650,782.6335
IMP_INTERP_COMPOSITE,2048,125,47952,16.2141,66.1250,782.4373
IMP_INTERP_COMPOSITE,2048,126,47952,16.3074,66.0200,786.9725
IMP_INTERP_COMPOSITE,2048,127,47952,16.4577,70.1940,794.2648
IMP_INTERP_COMPOSITE,2048,128,47952,16.4607,82.6270,794.4065
IMP_INTERP_COMPOSITE,2048,129,47952,16.2969,87.9570,786.4999
IMP_INTERP_COMPOSITE,2048,130,47952,16.3169,95.5210,787.4056
IMP_INTERP_COMPOSITE,2048,131,47952,16.2711,62.9500,785.2038
IMP_INTERP_COMPOSITE,2048,132,47952,16.2642,64.0410,784.8815
IMP_INTERP_COMPOSITE,2048,133,47952,16.2373,104.6290,783.5487
IMP_INTERP_COMPOSITE,2048,134,47952,16.4669,82.7630,794.6529
IMP_INTERP_COMPOSITE,2048,135,47952,16.3727,76.3550,790.0897
IMP_INTERP_COMPOSITE,2048,136,47952,16.3429,55.4360,788.6383
IMP_INTERP_COMPOSITE,2048,137,47952,16.3893,136.0090,790.9565
IMP_INTERP_COMPOSITE,2048,138,47952,16.3717,86.1280,790.1105
IMP_INTERP_COMPOSITE,2048,139,47952,16.5023,539.5800,796.5458
IMP_INTERP_COMPOSITE,2048,140,47952,16.6359,348.8130,802.9510
IMP_INTERP_COMPOSITE,2048,141,47952,16.3827,65.0140,790.5699
IMP_INTERP_COMPOSITE,2048,142,47952,16.3330,105.6310,788.1539
IMP_INTERP_COMPOSITE,2048,143,47952,16.2425,59.3020,783.7789
IMP_INTERP_COMPOSITE,2048,144,47952,16.3836,111.4920,790.6723
IMP_INTERP_COMPOSITE,2048,145,47952,16.2551,61.0250,784.3887
IMP_INTERP_COMPOSITE,2048,146,47952,16.3033,103.8670,786.7866
IMP_INTERP_COMPOSITE,2048,147,47952,16.4471,77.2620,793.7172
IMP_INTERP_COMPOSITE,2048,148,47952,16.3956,138.4880,791.2238
IMP_INTERP_COMPOSITE,2048,149,47952,16.4398,93.9490,793.3990
IMP_INTERP_COMPOSITE,2048,150,47952,16.2983,79.4110,786.5619
IMP_INTERP_COMPOSITE,2048,151,47952,16.3167,100.1410,787.4187
IMP_INTERP_COMPOSITE,2048,152,47952,16.3589,63.8010,789.4368
IMP_INTERP_COMPOSITE,2048,153,47952,17.1912,402.9700,829.8443
IMP_INTERP_COMPOSITE,2048,154,47952,16.5238,142.6660,797.4229
IMP_INTERP_COMPOSITE,2048,155,47952,16.6096,103.2360,801.5639
IMP_INTERP_COMPOSITE,2048,156,47952,16.6864,219.1660,805.3943
IMP_INTERP_COMPOSITE,2048,157,47952,17.0088,120.5190,820.9459
IMP_INTERP_COMPOSITE,2048,158,47952,16.5576,105.5100,799.0622
IMP_INTERP_COMPOSITE,2048,159,47952,16.4052,106.6830,791.6533
IMP_INTERP_COMPOSITE,2048,160,47952,16.6404,265.6700,803.0425
IMP_INTERP_COMPOSITE,2048,161,47952,16.4655,85.3920,794.6436
IMP_INTERP_COMPOSITE,2048,162,47952,16.4292,120.9350,792.8093
IMP_INTERP_COMPOSITE,2048,163,47952,16.3658,81.2970,789.7732
IMP_INTERP_COMPOSITE,2048,164,47952,16.3121,76.4750,787.1996
IMP_INTERP_COMPOSITE,2048,165,47952,16.2727,97.2250,785.3416
IMP_INTERP_COMPOSITE,2048,166,47952,16.4313,95.6520,792.9298
IMP_INTERP_COMPOSITE,2048,167,47952,16.3503,61.6370,789.0064
IMP_INTERP_COMPOSITE,2048,168,47952,16.4154,200.8620,792.1494
IMP_INTERP_COMPOSITE,2048,169,47952,16.2908,79.0600,786.1411
IMP_INTERP_COMPOSITE,2048,170,47952,16.4682,62.0780,794.7592
IMP_INTERP_COMPOSITE,2048,171,47952,16.3098,159.1920,787.0776
IMP_INTERP_COMPOSITE,2048,172,47952,16.9685,132.8520,818.9177
IMP_INTERP_COMPOSITE,2048,173,47952,18.6396,103.7170,899.9768
IMP_INTERP_COMPOSITE,2048,174,47952,16.3165,63.6160,787.3877
IMP_INTERP_COMPOSITE,2048,175,47952,16.9795,3205.4730,819.5075
IMP_INTERP_COMPOSITE,2048,176,47952,16.3663,119.4420,789.8225
IMP_INTERP_COMPOSITE,2048,177,47952,16.9518,134.8560,818.2764
IMP_INTERP_COMPOSITE,2048,178,47952,17.1796,139.9560,829.2057
IMP_INTERP_COMPOSITE,2048,179,47952,16.7954,382.2860,810.5779
IMP_INTERP_COMPOSITE,2048,180,47952,16.5348,100.0800,798.0240
IMP_INTERP_COMPOSITE,2048,181,47952,17.3261,287.8120,836.3194
IMP_INTERP_COMPOSITE,2048,182,47952,17.8088,187.9690,859.7770
IMP_INTERP_COMPOSITE,2048,183,47952,16.5095,103.9120,796.7601
IMP_INTERP_COMPOSITE,2048,184,47952,16.4846,699.5290,795.5883
IMP_INTERP_COMPOSITE,2048,185,47952,16.5110,153.5260,796.8415
IMP_INTERP_COMPOSITE,2048,186,47952,18.4639,13983.0900,891.2742
IMP_INTERP_COMPOSITE,2048,187,47952,17.0808,215.0240,824.3496
IMP_INTERP_COMPOSITE,2048,188,47952,16.8826,107.4040,814.7710
IMP_INTERP_COMPOSITE,2048,189,47952,16.3434,97.9060,788.6996
IMP_INTERP_COMPOSITE,2048,190,47952,16.2751,106.8930,785.3878
IMP_INTERP_COMPOSITE,2048,191,47952,16.2964,97.3850,786.4182
IMP_INTERP_COMPOSITE,2048,192,47952,16.2509,70.9450,784.1861
IMP_INTERP_COMPOSITE,2048,193,47952,16.2954,75.5380,786.3683
IMP_INTERP_COMPOSITE,2048,194,47952,16.3952,107.9600,791.2211
IMP_INTERP_COMPOSITE,2048,195,47952,16.2810,118.2400,785.6689
IMP_INTERP_COMPOSITE,2048,196,47952,16.2527,72.3470,784.2725
IMP_INTERP_COMPOSITE,2048,197,47952,16.3056,301.6680,786.8590
IMP_INTERP_COMPOSITE,2048,198,47952,16.4002,74.3110,791.4233
IMP_INTERP_COMPOSITE,2048,199,47952,16.6520,109.5230,803.7060
IMP_INTERP_COMPOSITE,2048,200,47952,16.4082,90.0310,791.8122
IMP_INTERP_COMPOSITE,2048,201,47952,16.5807,98.2360,800.1007
IMP_INTERP_COMPOSITE,2048,202,47952,16.6710,87.9070,804.4592
IMP_INTERP_COMPOSITE,2048,203,47952,16.5791,77.9280,800.0320
IMP_INTERP_COMPOSITE,2048,204,47952,16.5952,113.7160,800.8437
IMP_INTERP_COMPOSITE,2048,205,47952,16.4911,109.4980,795.8293
IMP_INTERP_COMPOSITE,2048,206,47952,16.5038,94.5590,796.4591
IMP_INTERP_COMPOSITE,2048,207,47952,17.5576,4177.3390,847.2875
IMP_INTERP_COMPOSITE,2048,208,47952,16.5673,170.8190,799.6230
IMP_INTERP_COMPOSITE,2048,209,47952,16.4295,115.3640,792.8513
IMP_INTERP_COMPOSITE,2048,210,47952,16.3882,100.3210,790.8480
IMP_INTERP_COMPOSITE,2048,211,47952,16.2868,95.5970,785.9390
IMP_INTERP_COMPOSITE,2048,212,47952,16.2882,76.5060,785.9817
IMP_INTERP_COMPOSITE,2048,213,47952,16.3971,124.2360,791.3487
IMP_INTERP_COMPOSITE,2048,214,47952,16.4090,97.1340,791.8749
IMP_INTERP_COMPOSITE,2048,215,47952,16.3120,92.1500,787.1732
IMP_INTERP_COMPOSITE,2048,216,47952,16.3232,73.0880,787.7156
IMP_INTERP_COMPOSITE,2048,217,47952,16.2885,204.6590,786.0408
IMP_INTERP_COMPOSITE,2048,218,47952,16.2632,63.7110,784.7915
IMP_INTERP_COMPOSITE,2048,219,47952,16.2450,63.1500,783.8841
IMP_INTERP_COMPOSITE,2048,220,47952,16.2934,52.8800,786.2305
IMP_INTERP_COMPOSITE,2048,221,47952,16.3108,82.5110,787.0933
IMP_INTERP_COMPOSITE,2048,222,47952,16.2437,237.5760,783.8394
IMP_INTERP_COMPOSITE,2048,223,47952,16.5925,86.9050,800.6390
IMP_INTERP_COMPOSITE,2048,224,47952,16.4120,154.4740,791.9840
IMP_INTERP_COMPOSITE,2048,225,47952,16.2683,70.0230,785.0375
IMP_INTERP_COMPOSITE,2048,226,47952,16.2839,96.1630,785.8491
IMP_INTERP_COMPOSITE,2048,227,47952,16.3139,106.4720,787.2366
IMP_INTERP_COMPOSITE,2048,228,47952,16.3032,82.8880,786.7577
IMP_INTERP_COMPOSITE,2048,229,47952,16.2492,71.0050,784.0633
IMP_INTERP_COMPOSITE,2048,230,47952,16.3132,98.6120,787.2520
IMP_INTERP_COMPOSITE,2048,231,47952,16.3410,70.4140,788.5435
IMP_INTERP_COMPOSITE,2048,232,47952,16.2609,84.5710,784.6880
IMP_INTERP_COMPOSITE,2048,233,47952,16.2295,56.8480,783.1811
IMP_INTERP_COMPOSITE,2048,234,47952,16.2353,65.2840,783.4513
IMP_INTERP_COMPOSITE,2048,235,47952,16.3959,66.1500,791.1794
IMP_INTERP_COMPOSITE,2048,236,47952,16.2466,70.4890,783.9937
IMP_INTERP_COMPOSITE,2048,237,47952,16.3168,76.1040,787.3578
IMP_INTERP_COMPOSITE,2048,238,47952,16.2485,150.1850,784.1150
IMP_INTERP_COMPOSITE,2048,239,47952,16.2773,130.7280,785.4988
IMP_INTERP_COMPOSITE,2048,240,47952,16.2864,79.9020,785.9386
IMP_INTERP_COMPOSITE,2048,241,47952,16.2666,94.4820,784.9209
IMP_INTERP_COMPOSITE,2048,242,47952,16.2655,74.9630,784.8840
IMP_INTERP_COMPOSITE,2048,243,47952,16.2986,106.9330,786.5068
IMP_INTERP_COMPOSITE,2048,244,47952,16.3511,107.2040,789.0879
IMP_INTERP_COMPOSITE,2048,245,47952,16.3604,133.8950,789.4776
IMP_INTERP_COMPOSITE,2048,246,47952,16.4598,192.8560,794.2343
IMP_INTERP_COMPOSITE,2048,247,47952,16.5823,81.2740,800.2153
IMP_INTERP_COMPOSITE,2048,248,47952,16.2997,87.3760,786.5684
IMP_INTERP_COMPOSITE,2048,249,47952,16.3252,89.8400,787.8304
IMP_INTERP_COMPOSITE,2048,250,47952,16.3396,61.8280,788.5128
IMP_INTERP_COMPOSITE,2048,251,47952,16.3058,125.7040,786.8777
IMP_INTERP_COMPOSITE,2048,252,47952,16.3063,75.4780,786.9511
IMP_INTERP_COMPOSITE,2048,253,47952,16.2174,68.4800,782.5668
IMP_INTERP_COMPOSITE,2048,254,47952,16.3017,55.4750,786.6695
IMP_INTERP_COMPOSITE,2048,255,47952,16.2438,72.5080,783.8840
IMP_INTERP_COMPOSITE,2048,256,47952,16.2299,77.0060,783.1689
IMP_INTERP_COMPOSITE,2048,257,47952,16.2346,59.7930,783.4361
IMP_INTERP_COMPOSITE,2048,258,47952,16.2812,83.0880,785.6762
IMP_INTERP_COMPOSITE,2048,259,47952,16.2283,84.3000,783.1479
IMP_INTERP_COMPOSITE,2048,260,47952,16.2627,49.5640,784.7644
IMP_INTERP_COMPOSITE,2048,261,47952,16.2600,70.0330,784.6317
IMP_INTERP_COMPOSITE,2048,262,47952,16.2694,66.7470,785.0766
IMP_INTERP_COMPOSITE,2048,263,47952,16.3507,93.4070,789.1107
IMP_INTERP_COMPOSITE,2048,264,47952,16.3294,76.6450,787.9904
IMP_INTERP_COMPOSITE,2048,265,47952,16.2425,65.5550,783.8398
IMP_INTERP_COMPOSITE,2048,266,47952,16.2268,62.9890,783.0298
IMP_INTERP_COMPOSITE,2048,267,47952,16.3478,95.7520,788.8726
IMP_INTERP_COMPOSITE,2048,268,47952,16.2737,82.7070,785.3231
IMP_INTERP_COMPOSITE,2048,269,47952,16.2738,63.6410,785.3332
IMP_INTERP_COMPOSITE,2048,270,47952,16.2580,343.3070,784.5780
IMP_INTERP_COMPOSITE,2048,271,47952,16.2234,67.6490,782.9077
IMP_INTERP_COMPOSITE,2048,272,47952,16.2421,65.0640,783.7441
IMP_INTERP_COMPOSITE,2048,273,47952,16.2390,48.3920,783.6476
IMP_INTERP_COMPOSITE,2048,274,47952,16.2770,115.2690,785.4897
IMP_INTERP_COMPOSITE,2048,275,47952,16.2738,137.3510,785.3193
IMP_INTERP_COMPOSITE,2048,276,47952,19.2346,137.0300,928.6870
IMP_INTERP_COMPOSITE,2048,277,47952,16.2564,81.3200,784.4629
IMP_INTERP_COMPOSITE,2048,278,47952,16.2562,86.5290,784.4789
IMP_INTERP_COMPOSITE,2048,279,47952,16.3141,80.4020,787.2590
IMP_INTERP_COMPOSITE,2048,280,47952,16.2787,83.4980,785.5286
IMP_INTERP_COMPOSITE,2048,281,47952,16.2485,150.2850,784.1001
IMP_INTERP_COMPOSITE,2048,282,47952,16.2752,131.2390,785.4054
IMP_INTERP_COMPOSITE,2048,283,47952,16.5865,85.3620,800.5009
IMP_INTERP_COMPOSITE,2048,284,47952,16.2438,397.6850,783.8725
IMP_INTERP_COMPOSITE,2048,285,47952,16.2439,65.8550,783.8429
IMP_INTERP_COMPOSITE,2048,286,47952,16.2649,62.9640,784.8732
IMP_INTERP_COMPOSITE,2048,287,47952,16.3451,69.5020,788.6923
IMP_INTERP_COMPOSITE,2048,288,47952,16.3132,75.4930,787.2109
IMP_INTERP_COMPOSITE,2048,289,47952,16.4063,74.0510,791.7165
IMP_INTERP_COMPOSITE,2048,290,47952,16.3326,164.7930,788.1465
IMP_INTERP_COMPOSITE,2048,291,47952,16.3157,101.4180,787.3338
IMP_INTERP_COMPOSITE,2048,292,47952,16.2829,72.1970,785.7668
IMP_INTERP_COMPOSITE,2048,293,47952,16.2553,76.9760,784.4761
IMP_INTERP_COMPOSITE,2048,294,47952,16.3329,272.5230,788.2543
IMP_INTERP_COMPOSITE,2048,295,47952,16.4814,219.5270,795.2603
IMP_INTERP_COMPOSITE,2048,296,47952,16.5360,148.1940,797.9395
IMP_INTERP_COMPOSITE,2048,297,47952,16.3831,65.5640,790.6049
IMP_INTERP_COMPOSITE,2048,298,47952,16.4829,64.0310,795.3456
IMP_INTERP_COMPOSITE,2048,299,47952,16.4754,142.9510,795.0835
