param_name,param_value,signal,domain,snr_composite,composite_saturated,composite_drops,snr_lttb,lttb_saturated,snr_rdp,rdp_saturated
window_half,1,ecg_100,ecg,38.6356,0,1153,30.9665,0,40.8846,0
window_half,1.0000,ecg_105,ecg,38.8537,0,1159,35.7934,0,40.8574,0
window_half,1.0000,ecg_108,ecg,36.4214,0,1155,34.7447,0,38.7234,0
window_half,1.0000,ecg_201,ecg,36.6700,0,1158,32.8340,0,39.1873,0
window_half,1.0000,ecg_228,ecg,35.2569,0,1153,32.5509,0,37.3903,0
window_half,1.0000,vib_normal_0hp,vibration,19.7759,0,1153,18.2397,0,21.8456,0
window_half,1.0000,vib_inner_race_007,vibration,8.5872,0,1149,2.8166,0,10.2649,0
window_half,1.0000,vib_ball_fault_007,vibration,5.2557,0,1152,0.7558,0,6.7258,0
window_half,2.0000,ecg_100,ecg,38.5982,0,1151,30.4988,0,40.9440,0
window_half,2.0000,ecg_105,ecg,38.9168,0,1155,36.3357,0,40.9621,0
window_half,2.0000,ecg_108,ecg,36.6666,0,1157,34.9695,0,38.6816,0
window_half,2.0000,ecg_201,ecg,36.9822,0,1157,32.8578,0,39.1796,0
window_half,2.0000,ecg_228,ecg,35.7172,0,1151,32.1235,0,37.4326,0
window_half,2.0000,vib_normal_0hp,vibration,19.9585,0,1154,18.5346,0,21.8260,0
window_half,2.0000,vib_inner_race_007,vibration,8.4639,0,1153,2.9111,0,10.2226,0
window_half,2.0000,vib_ball_fault_007,vibration,5.6286,0,1147,0.8612,0,6.8027,0
window_half,3.0000,ecg_100,ecg,38.8763,0,1154,31.6025,0,40.8685,0
window_half,3.0000,ecg_105,ecg,39.0285,0,1154,36.3438,0,40.9839,0
window_half,3.0000,ecg_108,ecg,36.6041,0,1154,35.1787,0,38.7385,0
window_half,3.0000,ecg_201,ecg,36.9119,0,1153,32.5707,0,39.2801,0
window_half,3.0000,ecg_228,ecg,35.6504,0,1151,32.1235,0,37.4326,0
window_half,3.0000,vib_normal_0hp,vibration,19.9639,0,1152,18.2149,0,21.8780,0
window_half,3.0000,vib_inner_race_007,vibration,8.3716,0,1156,3.0128,0,10.1456,0
window_half,3.0000,vib_ball_fault_007,vibration,5.2628,0,1151,0.8912,0,6.7433,0
window_half,4.0000,ecg_100,ecg,38.6197,0,1155,31.1010,0,40.8398,0
window_half,4.0000,ecg_105,ecg,39.0006,0,1155,36.3357,0,40.9621,0
window_half,4.0000,ecg_108,ecg,36.5919,0,1149,34.7513,0,38.8304,0
window_half,4.0000,ecg_201,ecg,36.8431,0,1154,33.2691,0,39.2520,0
window_half,4.0000,ecg_228,ecg,35.4758,0,1155,32.5868,0,37.3339,0
window_half,4.0000,vib_normal_0hp,vibration,19.9506,0,1149,18.2221,0,21.9169,0
window_half,4.0000,vib_inner_race_007,vibration,8.2518,0,1155,2.9388,0,10.1782,0
window_half,4.0000,vib_ball_fault_007,vibration,5.7874,0,1147,0.8612,0,6.8027,0
window_half,5.0000,ecg_100,ecg,38.6036,0,1149,31.6997,0,40.9673,0
window_half,5.0000,ecg_105,ecg,39.0397,0,1155,36.3357,0,40.9621,0
window_half,5.0000,ecg_108,ecg,36.5615,0,1154,35.1787,0,38.7385,0
window_half,5.0000,ecg_201,ecg,36.9531,0,1153,32.5707,0,39.2801,0
window_half,5.0000,ecg_228,ecg,35.6307,0,1154,32.5350,0,37.3657,0
window_half,5.0000,vib_normal_0hp,vibration,19.7733,0,1153,18.2397,0,21.8456,0
window_half,5.0000,vib_inner_race_007,vibration,8.4347,0,1155,2.9388,0,10.1782,0
window_half,5.0000,vib_ball_fault_007,vibration,5.6793,0,1147,0.8612,0,6.8027,0
boundary_protect,0.0000,ecg_100,ecg,38.5914,0,1151,30.4988,0,40.9440,0
boundary_protect,0.0000,ecg_105,ecg,38.9738,0,1156,35.8182,0,40.9257,0
boundary_protect,0.0000,ecg_108,ecg,36.4858,0,1155,34.7447,0,38.7234,0
boundary_protect,0.0000,ecg_201,ecg,36.9455,0,1157,32.8578,0,39.1796,0
boundary_protect,0.0000,ecg_228,ecg,35.6256,0,1152,32.1921,0,37.4150,0
boundary_protect,0.0000,vib_normal_0hp,vibration,19.7043,0,1152,18.2149,0,21.8780,0
boundary_protect,0.0000,vib_inner_race_007,vibration,8.5138,0,1151,3.2978,0,10.2427,0
boundary_protect,0.0000,vib_ball_fault_007,vibration,5.5461,0,1153,0.9321,0,6.6964,0
boundary_protect,1.0000,ecg_100,ecg,38.7161,0,1154,31.6025,0,40.8685,0
boundary_protect,1.0000,ecg_105,ecg,38.9693,0,1156,35.8182,0,40.9257,0
boundary_protect,1.0000,ecg_108,ecg,36.4947,0,1151,34.7500,0,38.7880,0
boundary_protect,1.0000,ecg_201,ecg,37.1673,0,1150,33.2674,0,39.3541,0
boundary_protect,1.0000,ecg_228,ecg,35.5216,0,1153,32.5509,0,37.3903,0
boundary_protect,1.0000,vib_normal_0hp,vibration,19.8476,0,1151,18.1794,0,21.8842,0
boundary_protect,1.0000,vib_inner_race_007,vibration,8.1332,0,1155,2.9388,0,10.1782,0
boundary_protect,1.0000,vib_ball_fault_007,vibration,5.3882,0,1155,0.6741,0,6.6855,0
boundary_protect,2.0000,ecg_100,ecg,38.9989,0,1146,32.0886,0,41.0056,0
boundary_protect,2.0000,ecg_105,ecg,38.8438,0,1158,35.6108,0,40.8797,0
boundary_protect,2.0000,ecg_108,ecg,36.5506,0,1155,34.7447,0,38.7234,0
boundary_protect,2.0000,ecg_201,ecg,36.8253,0,1155,33.0666,0,39.2349,0
boundary_protect,2.0000,ecg_228,ecg,35.4752,0,1152,32.1921,0,37.4150,0
boundary_protect,2.0000,vib_normal_0hp,vibration,19.6561,0,1154,18.5346,0,21.8260,0
boundary_protect,2.0000,vib_inner_race_007,vibration,8.4872,0,1152,2.8552,0,10.2199,0
boundary_protect,2.0000,vib_ball_fault_007,vibration,5.2904,0,1156,0.6811,0,6.6681,0
boundary_protect,3.0000,ecg_100,ecg,38.4425,0,1154,31.6025,0,40.8685,0
boundary_protect,3.0000,ecg_105,ecg,39.0054,0,1156,35.8182,0,40.9257,0
boundary_protect,3.0000,ecg_108,ecg,36.5431,0,1154,35.1787,0,38.7385,0
boundary_protect,3.0000,ecg_201,ecg,37.0196,0,1153,32.5707,0,39.2801,0
boundary_protect,3.0000,ecg_228,ecg,35.3125,0,1154,32.5350,0,37.3657,0
boundary_protect,3.0000,vib_normal_0hp,vibration,19.5930,0,1157,18.0543,0,21.7670,0
boundary_protect,3.0000,vib_inner_race_007,vibration,8.5853,0,1154,3.0870,0,10.2042,0
boundary_protect,3.0000,vib_ball_fault_007,vibration,5.2679,0,1154,0.6882,0,6.7029,0
gamma,0.2000,ecg_100,ecg,38.7619,0,1151,30.4988,0,40.9440,0
gamma,0.2000,ecg_105,ecg,39.0056,0,1151,36.1361,0,41.0538,0
gamma,0.2000,ecg_108,ecg,36.4199,0,1156,34.7266,0,38.7083,0
gamma,0.2000,ecg_201,ecg,36.5804,0,1158,32.8340,0,39.1873,0
gamma,0.2000,ecg_228,ecg,35.3827,0,1158,32.0897,0,37.3078,0
gamma,0.2000,vib_normal_0hp,vibration,19.6460,0,1153,18.2397,0,21.8456,0
gamma,0.2000,vib_inner_race_007,vibration,8.6511,0,1148,3.1940,0,10.2806,0
gamma,0.2000,vib_ball_fault_007,vibration,5.4831,0,1153,0.9321,0,6.6964,0
gamma,0.4000,ecg_100,ecg,38.7463,0,1147,31.7319,0,40.9908,0
gamma,0.4000,ecg_105,ecg,38.9580,0,1153,36.0612,0,41.0023,0
gamma,0.4000,ecg_108,ecg,36.5081,0,1154,35.1787,0,38.7385,0
gamma,0.4000,ecg_201,ecg,36.7482,0,1155,33.0666,0,39.2349,0
gamma,0.4000,ecg_228,ecg,35.5711,0,1152,32.1921,0,37.4150,0
gamma,0.4000,vib_normal_0hp,vibration,19.5526,0,1156,18.3090,0,21.7833,0
gamma,0.4000,vib_inner_race_007,vibration,8.5433,0,1156,3.0128,0,10.1456,0
gamma,0.4000,vib_ball_fault_007,vibration,5.4018,0,1155,0.6741,0,6.6855,0
gamma,0.6000,ecg_100,ecg,38.8257,0,1151,30.4988,0,40.9440,0
gamma,0.6000,ecg_105,ecg,39.1410,0,1154,36.3438,0,40.9839,0
gamma,0.6000,ecg_108,ecg,36.5748,0,1152,34.7774,0,38.7897,0
gamma,0.6000,ecg_201,ecg,37.0564,0,1155,33.0666,0,39.2349,0
gamma,0.6000,ecg_228,ecg,35.4634,0,1155,32.5868,0,37.3339,0
gamma,0.6000,vib_normal_0hp,vibration,19.8534,0,1155,18.4531,0,21.7996,0
gamma,0.6000,vib_inner_race_007,vibration,8.2955,0,1153,2.9111,0,10.2226,0
gamma,0.6000,vib_ball_fault_007,vibration,5.6014,0,1155,0.6741,0,6.6855,0
gamma,0.8000,ecg_100,ecg,38.6315,0,1153,30.9665,0,40.8846,0
gamma,0.8000,ecg_105,ecg,38.9822,0,1153,36.0612,0,41.0023,0
gamma,0.8000,ecg_108,ecg,36.4854,0,1144,34.8481,0,38.9344,0
gamma,0.8000,ecg_201,ecg,37.0201,0,1155,33.0666,0,39.2349,0
gamma,0.8000,ecg_228,ecg,35.4219,0,1157,32.3721,0,37.3407,0
gamma,0.8000,vib_normal_0hp,vibration,19.7398,0,1152,18.2149,0,21.8780,0
gamma,0.8000,vib_inner_race_007,vibration,8.4963,0,1151,3.2978,0,10.2427,0
gamma,0.8000,vib_ball_fault_007,vibration,5.2053,0,1154,0.6882,0,6.7029,0
