domain,mode,metric,n,mean,std_dev,ci_lo,ci_hi,median
ALL,RDP_OFFLINE,snr_db,785,32.5305,14.5050,31.5158,33.5453,37.2455
ALL,IMP_INTERP_ERROR,snr_db,800,31.2324,14.5365,30.2251,32.2397,35.8331
ALL,IMP_INTERP_COMPOSITE,snr_db,800,31.2270,14.5045,30.2219,32.2321,35.7895
ALL,LTTB_OFFLINE,snr_db,800,25.7117,13.5213,24.7747,26.6487,31.8554
ALL,ADAPTIVE,snr_db,800,23.3713,13.2531,22.4529,24.2897,29.0667
ALL,IMP_ADAPTIVE,snr_db,800,23.1970,12.6877,22.3178,24.0762,29.0865
ALL,IMP_COMPOSITE,snr_db,800,22.7526,12.7563,21.8686,23.6365,28.2375
ALL,DROP_LOW_VARIANCE,snr_db,800,22.2737,13.0445,21.3698,23.1777,26.5354
ALL,IMP_FIRST_ORDER,snr_db,800,22.2496,13.2245,21.3331,23.1660,27.9886
ALL,LEGACY_IMPORTANCE,snr_db,800,22.2172,13.2166,21.3013,23.1330,28.0357
ALL,IMP_WINDOWED_ENERGY,snr_db,800,21.9957,12.5233,21.1279,22.8636,26.7662
ALL,DROP,snr_db,800,20.7081,12.9483,19.8109,21.6054,25.7279
ALL,DROP_MIDDLE,snr_db,800,20.6637,12.9116,19.7690,21.5584,25.8390
ALL,RANDOM_DROP,snr_db,800,15.8912,11.0455,15.1258,16.6566,18.0073
ecg,RDP_OFFLINE,snr_db,485,42.4198,5.7656,41.9067,42.9329,41.5867
ecg,IMP_INTERP_ERROR,snr_db,500,41.1227,5.8666,40.6085,41.6370,40.3215
ecg,IMP_INTERP_COMPOSITE,snr_db,500,41.0800,5.8823,40.5644,41.5956,40.3117
ecg,LTTB_OFFLINE,snr_db,500,35.1837,3.8253,34.8484,35.5190,34.9291
ecg,ADAPTIVE,snr_db,500,32.6713,3.9697,32.3233,33.0193,32.5090
ecg,IMP_ADAPTIVE,snr_db,500,32.3974,3.9023,32.0553,32.7394,32.1474
ecg,IMP_COMPOSITE,snr_db,500,32.0155,4.1407,31.6526,32.3785,31.9258
ecg,IMP_FIRST_ORDER,snr_db,500,31.8732,4.3246,31.4942,32.2523,31.7319
ecg,LEGACY_IMPORTANCE,snr_db,500,31.8439,4.2950,31.4675,32.2204,31.7069
ecg,DROP_LOW_VARIANCE,snr_db,500,31.4547,5.7388,30.9517,31.9577,31.3710
ecg,IMP_WINDOWED_ENERGY,snr_db,500,30.9984,4.6814,30.5881,31.4088,30.7002
ecg,DROP,snr_db,500,29.7619,4.5236,29.3654,30.1585,29.3755
ecg,DROP_MIDDLE,snr_db,500,29.6882,4.4963,29.2941,30.0823,29.2056
ecg,RANDOM_DROP,snr_db,500,23.3102,6.0479,22.7800,23.8403,23.0516
ecg,DROP_MIDDLE,rpeak_f1,500,0.754427,0.326440,0.725813,0.783041,0.933300
ecg,IMP_COMPOSITE,rpeak_f1,500,0.754348,0.327775,0.725618,0.783079,0.933300
ecg,DROP,rpeak_f1,500,0.754118,0.326350,0.725512,0.782724,0.933300
ecg,ADAPTIVE,rpeak_f1,500,0.754050,0.326371,0.725442,0.782658,0.933300
ecg,IMP_WINDOWED_ENERGY,rpeak_f1,500,0.753791,0.326416,0.725179,0.782402,0.933300
ecg,LEGACY_IMPORTANCE,rpeak_f1,500,0.751994,0.326077,0.723412,0.780576,0.933300
ecg,DROP_LOW_VARIANCE,rpeak_f1,500,0.751955,0.325711,0.723405,0.780505,0.933300
ecg,IMP_FIRST_ORDER,rpeak_f1,500,0.751514,0.325834,0.722953,0.780074,0.933300
ecg,IMP_ADAPTIVE,rpeak_f1,500,0.751163,0.325975,0.722590,0.779736,0.933300
ecg,LTTB_OFFLINE,rpeak_f1,500,0.750307,0.325213,0.721801,0.778813,0.933300
ecg,IMP_INTERP_ERROR,rpeak_f1,500,0.747423,0.324320,0.718995,0.775851,0.933300
ecg,IMP_INTERP_COMPOSITE,rpeak_f1,500,0.747320,0.324287,0.718895,0.775745,0.933300
ecg,RDP_OFFLINE,rpeak_f1,500,0.747320,0.324287,0.718895,0.775745,0.933300
ecg,RANDOM_DROP,rpeak_f1,500,0.744895,0.323531,0.716536,0.773254,0.933300
vibration,RDP_OFFLINE,snr_db,300,16.5429,9.0976,15.5134,17.5724,15.9758
vibration,IMP_INTERP_COMPOSITE,snr_db,300,14.8053,8.4571,13.8483,15.7623,14.0413
vibration,IMP_INTERP_ERROR,snr_db,300,14.7486,8.4279,13.7949,15.7023,13.8422
vibration,LTTB_OFFLINE,snr_db,300,9.9251,8.0032,9.0195,10.8308,8.3636
vibration,ADAPTIVE,snr_db,300,7.8713,7.5751,7.0141,8.7285,5.3762
vibration,IMP_ADAPTIVE,snr_db,300,7.8631,5.2242,7.2719,8.4543,7.2347
vibration,IMP_COMPOSITE,snr_db,300,7.3144,4.8583,6.7646,7.8641,6.7239
vibration,IMP_WINDOWED_ENERGY,snr_db,300,6.9912,4.5937,6.4714,7.5110,6.2741
vibration,DROP_LOW_VARIANCE,snr_db,300,6.9722,4.8854,6.4193,7.5250,6.3730
vibration,IMP_FIRST_ORDER,snr_db,300,6.2101,4.8094,5.6659,6.7543,5.4057
vibration,LEGACY_IMPORTANCE,snr_db,300,6.1725,4.7675,5.6330,6.7120,5.3735
vibration,DROP_MIDDLE,snr_db,300,5.6228,6.9696,4.8341,6.4115,3.1930
vibration,DROP,snr_db,300,5.6184,6.9523,4.8317,6.4052,3.0545
vibration,RANDOM_DROP,snr_db,300,3.5263,4.4201,3.0261,4.0265,2.2725
vibration,IMP_INTERP_COMPOSITE,spectral_corr,300,0.978589,0.038794,0.974199,0.982979,0.997050
vibration,IMP_INTERP_ERROR,spectral_corr,300,0.978567,0.038232,0.974241,0.982893,0.996950
vibration,RDP_OFFLINE,spectral_corr,300,0.962845,0.055051,0.956616,0.969075,0.991100
vibration,LEGACY_IMPORTANCE,spectral_corr,300,0.925979,0.091662,0.915607,0.936351,0.963150
vibration,IMP_FIRST_ORDER,spectral_corr,300,0.925533,0.092931,0.915017,0.936049,0.962600
vibration,IMP_WINDOWED_ENERGY,spectral_corr,300,0.921187,0.095020,0.910435,0.931940,0.961950
vibration,IMP_ADAPTIVE,spectral_corr,300,0.914001,0.101623,0.902502,0.925501,0.960700
vibration,IMP_COMPOSITE,spectral_corr,300,0.911347,0.107417,0.899192,0.923502,0.954350
vibration,DROP_LOW_VARIANCE,spectral_corr,300,0.906928,0.122033,0.893119,0.920738,0.965650
vibration,LTTB_OFFLINE,spectral_corr,300,0.820761,0.226391,0.795143,0.846380,0.947300
vibration,DROP_MIDDLE,spectral_corr,300,0.811906,0.249856,0.783632,0.840180,0.950550
vibration,ADAPTIVE,spectral_corr,300,0.797963,0.255709,0.769027,0.826899,0.923650
vibration,RANDOM_DROP,spectral_corr,300,0.767054,0.260971,0.737522,0.796585,0.871600
vibration,DROP,spectral_corr,294,0.725582,0.307236,0.690462,0.760702,0.868550
